Workbook
Name DatosBio: #REF!

Sheet Taxonomy_UniqueValues
A1: Class | B1: Order | C1: Suborder | D1: Infraorder | E1: Superfamily | F1: Family | G1: Subfamily | H1: Genus | I1: Species | K1: Key
A2: #N/C | B2: #N/C | C2: #N/C | D2: =+IFERROR(IF(E2="#N/C","#N/C",INDEX('ClassificationClasses'!D:D,MATCH(E2,'ClassificationClasses'!E:E,0))),"ERROR") -> #N/C | E2: #N/C | F2: #N/C | G2: #N/C | H2: #N/C | I2: #N/C | J2: {=_xlfn.LET(_xlpm.cls,A2, _xlpm.ord,IFERROR(B2,"#N/C"), _xlpm.subord,IFERROR(C2,"#N/C"), _xlpm.infr,IFERROR(D2,"#N/C"), _xlpm.sf,IFERROR(E2,"#N/C"), _xlpm.fam,IFERROR(F2,"#N/C"), _xlpm.subfam,IF(TRIM(G2)="-","#N/C",IFERROR(G2,"#N/C")), _xlpm.subfamMatch,IFERROR(_xlfn._xlws.FILTER(ClassificationClasses[Classification Class],(ClassificationClasses[Class]=_xlpm.cls)*(ClassificationClasses[Order]=_xlpm.ord)*(ClassificationClasses[Suborder]=_xlpm.subord)*(ClassificationClasses[Infraorder]=_xlpm.infr)*(ClassificationClasses[Superfamily]=_xlpm.sf)*(ClassificationClasses[Family]=_xlpm.fam)*(ClassificationClasses[Subfamily]=_xlpm.subfam),""),""), _xlpm.uniqueSubfam,IF(_xlpm.subfamMatch="","",_xlfn.UNIQUE(_xlpm.subfamMatch)), _xlpm.numUniqueSubfam,IF(_xlpm.uniqueSubfam="",0,ROWS(_xlpm.uniqueSubfam)), _xlpm.resultSubfam,IF(_xlpm.numUniqueSubfam=1,INDEX(_xlpm.uniqueSubfam,1),IF(_xlpm.numUniqueSubfam>=1,_xlpm.subfam,"")), _xlpm.famMatch,IFERROR(_xlfn._xlws.FILTER(ClassificationClasses[Classification Class],(ClassificationClasses[Class]=_xlpm.cls)*(ClassificationClasses[Order]=_xlpm.ord)*(ClassificationClasses[Suborder]=_xlpm.subord)*(ClassificationClasses[Infraorder]=_xlpm.infr)*(ClassificationClasses[Superfamily]=_xlpm.sf)*(ClassificationClasses[Family]=_xlpm.fam),""),""), _xlpm.uniqueFam,IF(_xlpm.famMatch="","",_xlfn.UNIQUE(_xlpm.famMatch)), _xlpm.numUniqueFam,IF(_xlpm.uniqueFam="",0,ROWS(_xlpm.uniqueFam)), _xlpm.resultFam,IF(_xlpm.numUniqueFam=1,INDEX(_xlpm.uniqueFam,1),IF(_xlpm.numUniqueFam>=1,_xlpm.fam,"")), _xlpm.sfMatch,IFERROR(_xlfn._xlws.FILTER(ClassificationClasses[Classification Class],(ClassificationClasses[Class]=_xlpm.cls)*(ClassificationClasses[Order]=_xlpm.ord)*(ClassificationClasses[Suborder]=_xlpm.subord)*(ClassificationClasses[Infraorder]=_xlpm.infr)*(ClassificationClasses[Superfamily]=_xlpm.sf),""),""), _xlpm.uniqueSf,IF(_xlpm.sfMatch="","",_xlfn.UNIQUE(_xlpm.sfMatch)), _xlpm.numUniqueSf,IF(_xlpm.uniqueSf="",0,ROWS(_xlpm.uniqueSf)), _xlpm.resultSf,IF(_xlpm.numUniqueSf=1,INDEX(_xlpm.uniqueSf,1),IF(_xlpm.numUniqueSf>=1,_xlpm.sf,"")), _xlpm.computedResult,IF(AND(_xlpm.fam="#N/C",_xlpm.subfam="#N/C"),_xlpm.sf,IF(_xlpm.resultSubfam<>"",_xlpm.resultSubfam,IF(_xlpm.resultFam<>"",_xlpm.resultFam,IF(_xlpm.resultSf<>"",_xlpm.resultSf,"")))), _xlpm.fallback,IF(IFERROR(B2,"#N/C")="#N/C",A2,IF(IFERROR(C2,"#N/C")="#N/C",B2,IF(IFERROR(D2,"#N/C")="#N/C",C2,IF(IFERROR(E2,"#N/C")="#N/C",D2,IF(IFERROR(F2,"#N/C")="#N/C",E2,IF(IFERROR(G2,"#N/C")="#N/C",F2,"#N/C")))))), _xlpm.finalResult,IF(OR(_xlpm.computedResult="",_xlpm.computedResult="#N/C"),_xlpm.fallback,_xlpm.computedResult), INDEX(_xlpm.finalResult,1))} -> #N/C | K2: =+CONCATENATE(A2,".",B2,".",C2,".",D2,".",E2,".",F2,".",G2,".",H2,".",I2) -> #N/C.#N/C.#N/C.#N/C.#N/C.#N/C.#N/C.#N/C.#N/C | L2: =+COUNTIF(Monitoring!#REF!,K2) -> #REF!
A3: Arachnida | B3: Araneae | C3: Arneomorphae | D3: =+IFERROR(IF(E3="#N/C","#N/C",INDEX('ClassificationClasses'!D:D,MATCH(E3,'ClassificationClasses'!E:E,0))),"ERROR") -> Araneomorphae | E3: Araneoidea | F3: #N/C | G3: #N/C | H3: #N/C | I3: #N/C | J3: {=_xlfn.LET(_xlpm.cls,A3, _xlpm.ord,IFERROR(B3,"#N/C"), _xlpm.subord,IFERROR(C3,"#N/C"), _xlpm.infr,IFERROR(D3,"#N/C"), _xlpm.sf,IFERROR(E3,"#N/C"), _xlpm.fam,IFERROR(F3,"#N/C"), _xlpm.subfam,IF(TRIM(G3)="-","#N/C",IFERROR(G3,"#N/C")), _xlpm.subfamMatch,IFERROR(_xlfn._xlws.FILTER(ClassificationClasses[Classification Class],(ClassificationClasses[Class]=_xlpm.cls)*(ClassificationClasses[Order]=_xlpm.ord)*(ClassificationClasses[Suborder]=_xlpm.subord)*(ClassificationClasses[Infraorder]=_xlpm.infr)*(ClassificationClasses[Superfamily]=_xlpm.sf)*(ClassificationClasses[Family]=_xlpm.fam)*(ClassificationClasses[Subfamily]=_xlpm.subfam),""),""), _xlpm.uniqueSubfam,IF(_xlpm.subfamMatch="","",_xlfn.UNIQUE(_xlpm.subfamMatch)), _xlpm.numUniqueSubfam,IF(_xlpm.uniqueSubfam="",0,ROWS(_xlpm.uniqueSubfam)), _xlpm.resultSubfam,IF(_xlpm.numUniqueSubfam=1,INDEX(_xlpm.uniqueSubfam,1),IF(_xlpm.numUniqueSubfam>=1,_xlpm.subfam,"")), _xlpm.famMatch,IFERROR(_xlfn._xlws.FILTER(ClassificationClasses[Classification Class],(ClassificationClasses[Class]=_xlpm.cls)*(ClassificationClasses[Order]=_xlpm.ord)*(ClassificationClasses[Suborder]=_xlpm.subord)*(ClassificationClasses[Infraorder]=_xlpm.infr)*(ClassificationClasses[Superfamily]=_xlpm.sf)*(ClassificationClasses[Family]=_xlpm.fam),""),""), _xlpm.uniqueFam,IF(_xlpm.famMatch="","",_xlfn.UNIQUE(_xlpm.famMatch)), _xlpm.numUniqueFam,IF(_xlpm.uniqueFam="",0,ROWS(_xlpm.uniqueFam)), _xlpm.resultFam,IF(_xlpm.numUniqueFam=1,INDEX(_xlpm.uniqueFam,1),IF(_xlpm.numUniqueFam>=1,_xlpm.fam,"")), _xlpm.sfMatch,IFERROR(_xlfn._xlws.FILTER(ClassificationClasses[Classification Class],(ClassificationClasses[Class]=_xlpm.cls)*(ClassificationClasses[Order]=_xlpm.ord)*(ClassificationClasses[Suborder]=_xlpm.subord)*(ClassificationClasses[Infraorder]=_xlpm.infr)*(ClassificationClasses[Superfamily]=_xlpm.sf),""),""), _xlpm.uniqueSf,IF(_xlpm.sfMatch="","",_xlfn.UNIQUE(_xlpm.sfMatch)), _xlpm.numUniqueSf,IF(_xlpm.uniqueSf="",0,ROWS(_xlpm.uniqueSf)), _xlpm.resultSf,IF(_xlpm.numUniqueSf=1,INDEX(_xlpm.uniqueSf,1),IF(_xlpm.numUniqueSf>=1,_xlpm.sf,"")), _xlpm.computedResult,IF(AND(_xlpm.fam="#N/C",_xlpm.subfam="#N/C"),_xlpm.sf,IF(_xlpm.resultSubfam<>"",_xlpm.resultSubfam,IF(_xlpm.resultFam<>"",_xlpm.resultFam,IF(_xlpm.resultSf<>"",_xlpm.resultSf,"")))), _xlpm.fallback,IF(IFERROR(B3,"#N/C")="#N/C",A3,IF(IFERROR(C3,"#N/C")="#N/C",B3,IF(IFERROR(D3,"#N/C")="#N/C",C3,IF(IFERROR(E3,"#N/C")="#N/C",D3,IF(IFERROR(F3,"#N/C")="#N/C",E3,IF(IFERROR(G3,"#N/C")="#N/C",F3,"#N/C")))))), _xlpm.finalResult,IF(OR(_xlpm.computedResult="",_xlpm.computedResult="#N/C"),_xlpm.fallback,_xlpm.computedResult), INDEX(_xlpm.finalResult,1))} -> Araneoidea | K3: =+CONCATENATE(A3,".",B3,".",C3,".",D3,".",E3,".",F3,".",G3,".",H3,".",I3) -> Arachnida.Araneae.Arneomorphae.Araneomorphae.Araneoidea.#N/C.#N/C.#N/C.#N/C | L3: =+COUNTIF(Monitoring!#REF!,K3) -> #REF!
A4: Arachnida | B4: Araneae | C4: Arneomorphae | D4: =+IFERROR(IF(E4="#N/C","#N/C",INDEX('ClassificationClasses'!D:D,MATCH(E4,'ClassificationClasses'!E:E,0))),"ERROR") -> Araneomorphae | E4: Araneoidea | F4: Araneidae | G4: Araneinae | H4: #N/C | I4: #N/C | J4: {=_xlfn.LET(_xlpm.cls,A4, _xlpm.ord,IFERROR(B4,"#N/C"), _xlpm.subord,IFERROR(C4,"#N/C"), _xlpm.infr,IFERROR(D4,"#N/C"), _xlpm.sf,IFERROR(E4,"#N/C"), _xlpm.fam,IFERROR(F4,"#N/C"), _xlpm.subfam,IF(TRIM(G4)="-","#N/C",IFERROR(G4,"#N/C")), _xlpm.subfamMatch,IFERROR(_xlfn._xlws.FILTER(ClassificationClasses[Classification Class],(ClassificationClasses[Class]=_xlpm.cls)*(ClassificationClasses[Order]=_xlpm.ord)*(ClassificationClasses[Suborder]=_xlpm.subord)*(ClassificationClasses[Infraorder]=_xlpm.infr)*(ClassificationClasses[Superfamily]=_xlpm.sf)*(ClassificationClasses[Family]=_xlpm.fam)*(ClassificationClasses[Subfamily]=_xlpm.subfam),""),""), _xlpm.uniqueSubfam,IF(_xlpm.subfamMatch="","",_xlfn.UNIQUE(_xlpm.subfamMatch)), _xlpm.numUniqueSubfam,IF(_xlpm.uniqueSubfam="",0,ROWS(_xlpm.uniqueSubfam)), _xlpm.resultSubfam,IF(_xlpm.numUniqueSubfam=1,INDEX(_xlpm.uniqueSubfam,1),IF(_xlpm.numUniqueSubfam>=1,_xlpm.subfam,"")), _xlpm.famMatch,IFERROR(_xlfn._xlws.FILTER(ClassificationClasses[Classification Class],(ClassificationClasses[Class]=_xlpm.cls)*(ClassificationClasses[Order]=_xlpm.ord)*(ClassificationClasses[Suborder]=_xlpm.subord)*(ClassificationClasses[Infraorder]=_xlpm.infr)*(ClassificationClasses[Superfamily]=_xlpm.sf)*(ClassificationClasses[Family]=_xlpm.fam),""),""), _xlpm.uniqueFam,IF(_xlpm.famMatch="","",_xlfn.UNIQUE(_xlpm.famMatch)), _xlpm.numUniqueFam,IF(_xlpm.uniqueFam="",0,ROWS(_xlpm.uniqueFam)), _xlpm.resultFam,IF(_xlpm.numUniqueFam=1,INDEX(_xlpm.uniqueFam,1),IF(_xlpm.numUniqueFam>=1,_xlpm.fam,"")), _xlpm.sfMatch,IFERROR(_xlfn._xlws.FILTER(ClassificationClasses[Classification Class],(ClassificationClasses[Class]=_xlpm.cls)*(ClassificationClasses[Order]=_xlpm.ord)*(ClassificationClasses[Suborder]=_xlpm.subord)*(ClassificationClasses[Infraorder]=_xlpm.infr)*(ClassificationClasses[Superfamily]=_xlpm.sf),""),""), _xlpm.uniqueSf,IF(_xlpm.sfMatch="","",_xlfn.UNIQUE(_xlpm.sfMatch)), _xlpm.numUniqueSf,IF(_xlpm.uniqueSf="",0,ROWS(_xlpm.uniqueSf)), _xlpm.resultSf,IF(_xlpm.numUniqueSf=1,INDEX(_xlpm.uniqueSf,1),IF(_xlpm.numUniqueSf>=1,_xlpm.sf,"")), _xlpm.computedResult,IF(AND(_xlpm.fam="#N/C",_xlpm.subfam="#N/C"),_xlpm.sf,IF(_xlpm.resultSubfam<>"",_xlpm.resultSubfam,IF(_xlpm.resultFam<>"",_xlpm.resultFam,IF(_xlpm.resultSf<>"",_xlpm.resultSf,"")))), _xlpm.fallback,IF(IFERROR(B4,"#N/C")="#N/C",A4,IF(IFERROR(C4,"#N/C")="#N/C",B4,IF(IFERROR(D4,"#N/C")="#N/C",C4,IF(IFERROR(E4,"#N/C")="#N/C",D4,IF(IFERROR(F4,"#N/C")="#N/C",E4,IF(IFERROR(G4,"#N/C")="#N/C",F4,"#N/C")))))), _xlpm.finalResult,IF(OR(_xlpm.computedResult="",_xlpm.computedResult="#N/C"),_xlpm.fallback,_xlpm.computedResult), INDEX(_xlpm.finalResult,1))} -> spider | K4: =+CONCATENATE(A4,".",B4,".",C4,".",D4,".",E4,".",F4,".",G4,".",H4,".",I4) -> Arachnida.Araneae.Arneomorphae.Araneomorphae.Araneoidea.Araneidae.Araneinae.#N/C.#N/C | L4: =+COUNTIF(Monitoring!#REF!,K4) -> #REF!
A5: Arachnida | B5: Araneae | C5: Arneomorphae | D5: =+IFERROR(IF(E5="#N/C","#N/C",INDEX('ClassificationClasses'!D:D,MATCH(E5,'ClassificationClasses'!E:E,0))),"ERROR") -> Araneomorphae | E5: Araneoidea | F5: Araneidae | G5: Araneinae | H5: Araneus | I5: #N/C | J5: {=_xlfn.LET(_xlpm.cls,A5, _xlpm.ord,IFERROR(B5,"#N/C"), _xlpm.subord,IFERROR(C5,"#N/C"), _xlpm.infr,IFERROR(D5,"#N/C"), _xlpm.sf,IFERROR(E5,"#N/C"), _xlpm.fam,IFERROR(F5,"#N/C"), _xlpm.subfam,IF(TRIM(G5)="-","#N/C",IFERROR(G5,"#N/C")), _xlpm.subfamMatch,IFERROR(_xlfn._xlws.FILTER(ClassificationClasses[Classification Class],(ClassificationClasses[Class]=_xlpm.cls)*(ClassificationClasses[Order]=_xlpm.ord)*(ClassificationClasses[Suborder]=_xlpm.subord)*(ClassificationClasses[Infraorder]=_xlpm.infr)*(ClassificationClasses[Superfamily]=_xlpm.sf)*(ClassificationClasses[Family]=_xlpm.fam)*(ClassificationClasses[Subfamily]=_xlpm.subfam),""),""), _xlpm.uniqueSubfam,IF(_xlpm.subfamMatch="","",_xlfn.UNIQUE(_xlpm.subfamMatch)), _xlpm.numUniqueSubfam,IF(_xlpm.uniqueSubfam="",0,ROWS(_xlpm.uniqueSubfam)), _xlpm.resultSubfam,IF(_xlpm.numUniqueSubfam=1,INDEX(_xlpm.uniqueSubfam,1),IF(_xlpm.numUniqueSubfam>=1,_xlpm.subfam,"")), _xlpm.famMatch,IFERROR(_xlfn._xlws.FILTER(ClassificationClasses[Classification Class],(ClassificationClasses[Class]=_xlpm.cls)*(ClassificationClasses[Order]=_xlpm.ord)*(ClassificationClasses[Suborder]=_xlpm.subord)*(ClassificationClasses[Infraorder]=_xlpm.infr)*(ClassificationClasses[Superfamily]=_xlpm.sf)*(ClassificationClasses[Family]=_xlpm.fam),""),""), _xlpm.uniqueFam,IF(_xlpm.famMatch="","",_xlfn.UNIQUE(_xlpm.famMatch)), _xlpm.numUniqueFam,IF(_xlpm.uniqueFam="",0,ROWS(_xlpm.uniqueFam)), _xlpm.resultFam,IF(_xlpm.numUniqueFam=1,INDEX(_xlpm.uniqueFam,1),IF(_xlpm.numUniqueFam>=1,_xlpm.fam,"")), _xlpm.sfMatch,IFERROR(_xlfn._xlws.FILTER(ClassificationClasses[Classification Class],(ClassificationClasses[Class]=_xlpm.cls)*(ClassificationClasses[Order]=_xlpm.ord)*(ClassificationClasses[Suborder]=_xlpm.subord)*(ClassificationClasses[Infraorder]=_xlpm.infr)*(ClassificationClasses[Superfamily]=_xlpm.sf),""),""), _xlpm.uniqueSf,IF(_xlpm.sfMatch="","",_xlfn.UNIQUE(_xlpm.sfMatch)), _xlpm.numUniqueSf,IF(_xlpm.uniqueSf="",0,ROWS(_xlpm.uniqueSf)), _xlpm.resultSf,IF(_xlpm.numUniqueSf=1,INDEX(_xlpm.uniqueSf,1),IF(_xlpm.numUniqueSf>=1,_xlpm.sf,"")), _xlpm.computedResult,IF(AND(_xlpm.fam="#N/C",_xlpm.subfam="#N/C"),_xlpm.sf,IF(_xlpm.resultSubfam<>"",_xlpm.resultSubfam,IF(_xlpm.resultFam<>"",_xlpm.resultFam,IF(_xlpm.resultSf<>"",_xlpm.resultSf,"")))), _xlpm.fallback,IF(IFERROR(B5,"#N/C")="#N/C",A5,IF(IFERROR(C5,"#N/C")="#N/C",B5,IF(IFERROR(D5,"#N/C")="#N/C",C5,IF(IFERROR(E5,"#N/C")="#N/C",D5,IF(IFERROR(F5,"#N/C")="#N/C",E5,IF(IFERROR(G5,"#N/C")="#N/C",F5,"#N/C")))))), _xlpm.finalResult,IF(OR(_xlpm.computedResult="",_xlpm.computedResult="#N/C"),_xlpm.fallback,_xlpm.computedResult), INDEX(_xlpm.finalResult,1))} -> spider | K5: =+CONCATENATE(A5,".",B5,".",C5,".",D5,".",E5,".",F5,".",G5,".",H5,".",I5) -> Arachnida.Araneae.Arneomorphae.Araneomorphae.Araneoidea.Araneidae.Araneinae.Araneus.#N/C | L5: =+COUNTIF(Monitoring!#REF!,K5) -> #REF!
A6: Arachnida | B6: Araneae | C6: Arneomorphae | D6: =+IFERROR(IF(E6="#N/C","#N/C",INDEX('ClassificationClasses'!D:D,MATCH(E6,'ClassificationClasses'!E:E,0))),"ERROR") -> Araneomorphae | E6: Dictynoidea | F6: Anyphaenidae | G6: Anyphaeninae | H6: Anyphaena | I6: #N/C | J6: {=_xlfn.LET(_xlpm.cls,A6, _xlpm.ord,IFERROR(B6,"#N/C"), _xlpm.subord,IFERROR(C6,"#N/C"), _xlpm.infr,IFERROR(D6,"#N/C"), _xlpm.sf,IFERROR(E6,"#N/C"), _xlpm.fam,IFERROR(F6,"#N/C"), _xlpm.subfam,IF(TRIM(G6)="-","#N/C",IFERROR(G6,"#N/C")), _xlpm.subfamMatch,IFERROR(_xlfn._xlws.FILTER(ClassificationClasses[Classification Class],(ClassificationClasses[Class]=_xlpm.cls)*(ClassificationClasses[Order]=_xlpm.ord)*(ClassificationClasses[Suborder]=_xlpm.subord)*(ClassificationClasses[Infraorder]=_xlpm.infr)*(ClassificationClasses[Superfamily]=_xlpm.sf)*(ClassificationClasses[Family]=_xlpm.fam)*(ClassificationClasses[Subfamily]=_xlpm.subfam),""),""), _xlpm.uniqueSubfam,IF(_xlpm.subfamMatch="","",_xlfn.UNIQUE(_xlpm.subfamMatch)), _xlpm.numUniqueSubfam,IF(_xlpm.uniqueSubfam="",0,ROWS(_xlpm.uniqueSubfam)), _xlpm.resultSubfam,IF(_xlpm.numUniqueSubfam=1,INDEX(_xlpm.uniqueSubfam,1),IF(_xlpm.numUniqueSubfam>=1,_xlpm.subfam,"")), _xlpm.famMatch,IFERROR(_xlfn._xlws.FILTER(ClassificationClasses[Classification Class],(ClassificationClasses[Class]=_xlpm.cls)*(ClassificationClasses[Order]=_xlpm.ord)*(ClassificationClasses[Suborder]=_xlpm.subord)*(ClassificationClasses[Infraorder]=_xlpm.infr)*(ClassificationClasses[Superfamily]=_xlpm.sf)*(ClassificationClasses[Family]=_xlpm.fam),""),""), _xlpm.uniqueFam,IF(_xlpm.famMatch="","",_xlfn.UNIQUE(_xlpm.famMatch)), _xlpm.numUniqueFam,IF(_xlpm.uniqueFam="",0,ROWS(_xlpm.uniqueFam)), _xlpm.resultFam,IF(_xlpm.numUniqueFam=1,INDEX(_xlpm.uniqueFam,1),IF(_xlpm.numUniqueFam>=1,_xlpm.fam,"")), _xlpm.sfMatch,IFERROR(_xlfn._xlws.FILTER(ClassificationClasses[Classification Class],(ClassificationClasses[Class]=_xlpm.cls)*(ClassificationClasses[Order]=_xlpm.ord)*(ClassificationClasses[Suborder]=_xlpm.subord)*(ClassificationClasses[Infraorder]=_xlpm.infr)*(ClassificationClasses[Superfamily]=_xlpm.sf),""),""), _xlpm.uniqueSf,IF(_xlpm.sfMatch="","",_xlfn.UNIQUE(_xlpm.sfMatch)), _xlpm.numUniqueSf,IF(_xlpm.uniqueSf="",0,ROWS(_xlpm.uniqueSf)), _xlpm.resultSf,IF(_xlpm.numUniqueSf=1,INDEX(_xlpm.uniqueSf,1),IF(_xlpm.numUniqueSf>=1,_xlpm.sf,"")), _xlpm.computedResult,IF(AND(_xlpm.fam="#N/C",_xlpm.subfam="#N/C"),_xlpm.sf,IF(_xlpm.resultSubfam<>"",_xlpm.resultSubfam,IF(_xlpm.resultFam<>"",_xlpm.resultFam,IF(_xlpm.resultSf<>"",_xlpm.resultSf,"")))), _xlpm.fallback,IF(IFERROR(B6,"#N/C")="#N/C",A6,IF(IFERROR(C6,"#N/C")="#N/C",B6,IF(IFERROR(D6,"#N/C")="#N/C",C6,IF(IFERROR(E6,"#N/C")="#N/C",D6,IF(IFERROR(F6,"#N/C")="#N/C",E6,IF(IFERROR(G6,"#N/C")="#N/C",F6,"#N/C")))))), _xlpm.finalResult,IF(OR(_xlpm.computedResult="",_xlpm.computedResult="#N/C"),_xlpm.fallback,_xlpm.computedResult), INDEX(_xlpm.finalResult,1))} -> spider | K6: =+CONCATENATE(A6,".",B6,".",C6,".",D6,".",E6,".",F6,".",G6,".",H6,".",I6) -> Arachnida.Araneae.Arneomorphae.Araneomorphae.Dictynoidea.Anyphaenidae.Anyphaeninae.Anyphaena.#N/C | L6: =+COUNTIF(Monitoring!#REF!,K6) -> #REF!
A7: Insecta | B7: #N/C | C7: #N/C | D7: =+IFERROR(IF(E7="#N/C","#N/C",INDEX('ClassificationClasses'!D:D,MATCH(E7,'ClassificationClasses'!E:E,0))),"ERROR") -> #N/C | E7: #N/C | F7: #N/C | G7: #N/C | H7: #N/C | I7: #N/C | J7: {=_xlfn.LET(_xlpm.cls,A7, _xlpm.ord,IFERROR(B7,"#N/C"), _xlpm.subord,IFERROR(C7,"#N/C"), _xlpm.infr,IFERROR(D7,"#N/C"), _xlpm.sf,IFERROR(E7,"#N/C"), _xlpm.fam,IFERROR(F7,"#N/C"), _xlpm.subfam,IF(TRIM(G7)="-","#N/C",IFERROR(G7,"#N/C")), _xlpm.subfamMatch,IFERROR(_xlfn._xlws.FILTER(ClassificationClasses[Classification Class],(ClassificationClasses[Class]=_xlpm.cls)*(ClassificationClasses[Order]=_xlpm.ord)*(ClassificationClasses[Suborder]=_xlpm.subord)*(ClassificationClasses[Infraorder]=_xlpm.infr)*(ClassificationClasses[Superfamily]=_xlpm.sf)*(ClassificationClasses[Family]=_xlpm.fam)*(ClassificationClasses[Subfamily]=_xlpm.subfam),""),""), _xlpm.uniqueSubfam,IF(_xlpm.subfamMatch="","",_xlfn.UNIQUE(_xlpm.subfamMatch)), _xlpm.numUniqueSubfam,IF(_xlpm.uniqueSubfam="",0,ROWS(_xlpm.uniqueSubfam)), _xlpm.resultSubfam,IF(_xlpm.numUniqueSubfam=1,INDEX(_xlpm.uniqueSubfam,1),IF(_xlpm.numUniqueSubfam>=1,_xlpm.subfam,"")), _xlpm.famMatch,IFERROR(_xlfn._xlws.FILTER(ClassificationClasses[Classification Class],(ClassificationClasses[Class]=_xlpm.cls)*(ClassificationClasses[Order]=_xlpm.ord)*(ClassificationClasses[Suborder]=_xlpm.subord)*(ClassificationClasses[Infraorder]=_xlpm.infr)*(ClassificationClasses[Superfamily]=_xlpm.sf)*(ClassificationClasses[Family]=_xlpm.fam),""),""), _xlpm.uniqueFam,IF(_xlpm.famMatch="","",_xlfn.UNIQUE(_xlpm.famMatch)), _xlpm.numUniqueFam,IF(_xlpm.uniqueFam="",0,ROWS(_xlpm.uniqueFam)), _xlpm.resultFam,IF(_xlpm.numUniqueFam=1,INDEX(_xlpm.uniqueFam,1),IF(_xlpm.numUniqueFam>=1,_xlpm.fam,"")), _xlpm.sfMatch,IFERROR(_xlfn._xlws.FILTER(ClassificationClasses[Classification Class],(ClassificationClasses[Class]=_xlpm.cls)*(ClassificationClasses[Order]=_xlpm.ord)*(ClassificationClasses[Suborder]=_xlpm.subord)*(ClassificationClasses[Infraorder]=_xlpm.infr)*(ClassificationClasses[Superfamily]=_xlpm.sf),""),""), _xlpm.uniqueSf,IF(_xlpm.sfMatch="","",_xlfn.UNIQUE(_xlpm.sfMatch)), _xlpm.numUniqueSf,IF(_xlpm.uniqueSf="",0,ROWS(_xlpm.uniqueSf)), _xlpm.resultSf,IF(_xlpm.numUniqueSf=1,INDEX(_xlpm.uniqueSf,1),IF(_xlpm.numUniqueSf>=1,_xlpm.sf,"")), _xlpm.computedResult,IF(AND(_xlpm.fam="#N/C",_xlpm.subfam="#N/C"),_xlpm.sf,IF(_xlpm.resultSubfam<>"",_xlpm.resultSubfam,IF(_xlpm.resultFam<>"",_xlpm.resultFam,IF(_xlpm.resultSf<>"",_xlpm.resultSf,"")))), _xlpm.fallback,IF(IFERROR(B7,"#N/C")="#N/C",A7,IF(IFERROR(C7,"#N/C")="#N/C",B7,IF(IFERROR(D7,"#N/C")="#N/C",C7,IF(IFERROR(E7,"#N/C")="#N/C",D7,IF(IFERROR(F7,"#N/C")="#N/C",E7,IF(IFERROR(G7,"#N/C")="#N/C",F7,"#N/C")))))), _xlpm.finalResult,IF(OR(_xlpm.computedResult="",_xlpm.computedResult="#N/C"),_xlpm.fallback,_xlpm.computedResult), INDEX(_xlpm.finalResult,1))} -> Insecta | K7: =+CONCATENATE(A7,".",B7,".",C7,".",D7,".",E7,".",F7,".",G7,".",H7,".",I7) -> Insecta.#N/C.#N/C.#N/C.#N/C.#N/C.#N/C.#N/C.#N/C | L7: =+COUNTIF(Monitoring!#REF!,K7) -> #REF!
A8: Insecta | B8: Coleoptera | C8: Polyphaga | D8: =+IFERROR(IF(E8="#N/C","#N/C",INDEX('ClassificationClasses'!D:D,MATCH(E8,'ClassificationClasses'!E:E,0))),"ERROR") -> Cucujiformia | E8: Chrysomeloidea | F8: Chrysomelidae | G8: Alticinae | H8: #N/C | I8: #N/C | J8: {=_xlfn.LET(_xlpm.cls,A8, _xlpm.ord,IFERROR(B8,"#N/C"), _xlpm.subord,IFERROR(C8,"#N/C"), _xlpm.infr,IFERROR(D8,"#N/C"), _xlpm.sf,IFERROR(E8,"#N/C"), _xlpm.fam,IFERROR(F8,"#N/C"), _xlpm.subfam,IF(TRIM(G8)="-","#N/C",IFERROR(G8,"#N/C")), _xlpm.subfamMatch,IFERROR(_xlfn._xlws.FILTER(ClassificationClasses[Classification Class],(ClassificationClasses[Class]=_xlpm.cls)*(ClassificationClasses[Order]=_xlpm.ord)*(ClassificationClasses[Suborder]=_xlpm.subord)*(ClassificationClasses[Infraorder]=_xlpm.infr)*(ClassificationClasses[Superfamily]=_xlpm.sf)*(ClassificationClasses[Family]=_xlpm.fam)*(ClassificationClasses[Subfamily]=_xlpm.subfam),""),""), _xlpm.uniqueSubfam,IF(_xlpm.subfamMatch="","",_xlfn.UNIQUE(_xlpm.subfamMatch)), _xlpm.numUniqueSubfam,IF(_xlpm.uniqueSubfam="",0,ROWS(_xlpm.uniqueSubfam)), _xlpm.resultSubfam,IF(_xlpm.numUniqueSubfam=1,INDEX(_xlpm.uniqueSubfam,1),IF(_xlpm.numUniqueSubfam>=1,_xlpm.subfam,"")), _xlpm.famMatch,IFERROR(_xlfn._xlws.FILTER(ClassificationClasses[Classification Class],(ClassificationClasses[Class]=_xlpm.cls)*(ClassificationClasses[Order]=_xlpm.ord)*(ClassificationClasses[Suborder]=_xlpm.subord)*(ClassificationClasses[Infraorder]=_xlpm.infr)*(ClassificationClasses[Superfamily]=_xlpm.sf)*(ClassificationClasses[Family]=_xlpm.fam),""),""), _xlpm.uniqueFam,IF(_xlpm.famMatch="","",_xlfn.UNIQUE(_xlpm.famMatch)), _xlpm.numUniqueFam,IF(_xlpm.uniqueFam="",0,ROWS(_xlpm.uniqueFam)), _xlpm.resultFam,IF(_xlpm.numUniqueFam=1,INDEX(_xlpm.uniqueFam,1),IF(_xlpm.numUniqueFam>=1,_xlpm.fam,"")), _xlpm.sfMatch,IFERROR(_xlfn._xlws.FILTER(ClassificationClasses[Classification Class],(ClassificationClasses[Class]=_xlpm.cls)*(ClassificationClasses[Order]=_xlpm.ord)*(ClassificationClasses[Suborder]=_xlpm.subord)*(ClassificationClasses[Infraorder]=_xlpm.infr)*(ClassificationClasses[Superfamily]=_xlpm.sf),""),""), _xlpm.uniqueSf,IF(_xlpm.sfMatch="","",_xlfn.UNIQUE(_xlpm.sfMatch)), _xlpm.numUniqueSf,IF(_xlpm.uniqueSf="",0,ROWS(_xlpm.uniqueSf)), _xlpm.resultSf,IF(_xlpm.numUniqueSf=1,INDEX(_xlpm.uniqueSf,1),IF(_xlpm.numUniqueSf>=1,_xlpm.sf,"")), _xlpm.computedResult,IF(AND(_xlpm.fam="#N/C",_xlpm.subfam="#N/C"),_xlpm.sf,IF(_xlpm.resultSubfam<>"",_xlpm.resultSubfam,IF(_xlpm.resultFam<>"",_xlpm.resultFam,IF(_xlpm.resultSf<>"",_xlpm.resultSf,"")))), _xlpm.fallback,IF(IFERROR(B8,"#N/C")="#N/C",A8,IF(IFERROR(C8,"#N/C")="#N/C",B8,IF(IFERROR(D8,"#N/C")="#N/C",C8,IF(IFERROR(E8,"#N/C")="#N/C",D8,IF(IFERROR(F8,"#N/C")="#N/C",E8,IF(IFERROR(G8,"#N/C")="#N/C",F8,"#N/C")))))), _xlpm.finalResult,IF(OR(_xlpm.computedResult="",_xlpm.computedResult="#N/C"),_xlpm.fallback,_xlpm.computedResult), INDEX(_xlpm.finalResult,1))} -> leaf_beetle | K8: =+CONCATENATE(A8,".",B8,".",C8,".",D8,".",E8,".",F8,".",G8,".",H8,".",I8) -> Insecta.Coleoptera.Polyphaga.Cucujiformia.Chrysomeloidea.Chrysomelidae.Alticinae.#N/C.#N/C | L8: =+COUNTIF(Monitoring!#REF!,K8) -> #REF!
A9: Insecta | B9: Coleoptera | C9: Polyphaga | D9: =+IFERROR(IF(E9="#N/C","#N/C",INDEX('ClassificationClasses'!D:D,MATCH(E9,'ClassificationClasses'!E:E,0))),"ERROR") -> Cucujiformia | E9: Chrysomeloidea | F9: Chrysomelidae | G9: Chrysomelinae | H9: #N/C | I9: #N/C | J9: {=_xlfn.LET(_xlpm.cls,A9, _xlpm.ord,IFERROR(B9,"#N/C"), _xlpm.subord,IFERROR(C9,"#N/C"), _xlpm.infr,IFERROR(D9,"#N/C"), _xlpm.sf,IFERROR(E9,"#N/C"), _xlpm.fam,IFERROR(F9,"#N/C"), _xlpm.subfam,IF(TRIM(G9)="-","#N/C",IFERROR(G9,"#N/C")), _xlpm.subfamMatch,IFERROR(_xlfn._xlws.FILTER(ClassificationClasses[Classification Class],(ClassificationClasses[Class]=_xlpm.cls)*(ClassificationClasses[Order]=_xlpm.ord)*(ClassificationClasses[Suborder]=_xlpm.subord)*(ClassificationClasses[Infraorder]=_xlpm.infr)*(ClassificationClasses[Superfamily]=_xlpm.sf)*(ClassificationClasses[Family]=_xlpm.fam)*(ClassificationClasses[Subfamily]=_xlpm.subfam),""),""), _xlpm.uniqueSubfam,IF(_xlpm.subfamMatch="","",_xlfn.UNIQUE(_xlpm.subfamMatch)), _xlpm.numUniqueSubfam,IF(_xlpm.uniqueSubfam="",0,ROWS(_xlpm.uniqueSubfam)), _xlpm.resultSubfam,IF(_xlpm.numUniqueSubfam=1,INDEX(_xlpm.uniqueSubfam,1),IF(_xlpm.numUniqueSubfam>=1,_xlpm.subfam,"")), _xlpm.famMatch,IFERROR(_xlfn._xlws.FILTER(ClassificationClasses[Classification Class],(ClassificationClasses[Class]=_xlpm.cls)*(ClassificationClasses[Order]=_xlpm.ord)*(ClassificationClasses[Suborder]=_xlpm.subord)*(ClassificationClasses[Infraorder]=_xlpm.infr)*(ClassificationClasses[Superfamily]=_xlpm.sf)*(ClassificationClasses[Family]=_xlpm.fam),""),""), _xlpm.uniqueFam,IF(_xlpm.famMatch="","",_xlfn.UNIQUE(_xlpm.famMatch)), _xlpm.numUniqueFam,IF(_xlpm.uniqueFam="",0,ROWS(_xlpm.uniqueFam)), _xlpm.resultFam,IF(_xlpm.numUniqueFam=1,INDEX(_xlpm.uniqueFam,1),IF(_xlpm.numUniqueFam>=1,_xlpm.fam,"")), _xlpm.sfMatch,IFERROR(_xlfn._xlws.FILTER(ClassificationClasses[Classification Class],(ClassificationClasses[Class]=_xlpm.cls)*(ClassificationClasses[Order]=_xlpm.ord)*(ClassificationClasses[Suborder]=_xlpm.subord)*(ClassificationClasses[Infraorder]=_xlpm.infr)*(ClassificationClasses[Superfamily]=_xlpm.sf),""),""), _xlpm.uniqueSf,IF(_xlpm.sfMatch="","",_xlfn.UNIQUE(_xlpm.sfMatch)), _xlpm.numUniqueSf,IF(_xlpm.uniqueSf="",0,ROWS(_xlpm.uniqueSf)), _xlpm.resultSf,IF(_xlpm.numUniqueSf=1,INDEX(_xlpm.uniqueSf,1),IF(_xlpm.numUniqueSf>=1,_xlpm.sf,"")), _xlpm.computedResult,IF(AND(_xlpm.fam="#N/C",_xlpm.subfam="#N/C"),_xlpm.sf,IF(_xlpm.resultSubfam<>"",_xlpm.resultSubfam,IF(_xlpm.resultFam<>"",_xlpm.resultFam,IF(_xlpm.resultSf<>"",_xlpm.resultSf,"")))), _xlpm.fallback,IF(IFERROR(B9,"#N/C")="#N/C",A9,IF(IFERROR(C9,"#N/C")="#N/C",B9,IF(IFERROR(D9,"#N/C")="#N/C",C9,IF(IFERROR(E9,"#N/C")="#N/C",D9,IF(IFERROR(F9,"#N/C")="#N/C",E9,IF(IFERROR(G9,"#N/C")="#N/C",F9,"#N/C")))))), _xlpm.finalResult,IF(OR(_xlpm.computedResult="",_xlpm.computedResult="#N/C"),_xlpm.fallback,_xlpm.computedResult), INDEX(_xlpm.finalResult,1))} -> leaf_beetle | K9: =+CONCATENATE(A9,".",B9,".",C9,".",D9,".",E9,".",F9,".",G9,".",H9,".",I9) -> Insecta.Coleoptera.Polyphaga.Cucujiformia.Chrysomeloidea.Chrysomelidae.Chrysomelinae.#N/C.#N/C | L9: =+COUNTIF(Monitoring!#REF!,K9) -> #REF!
A10: Insecta | B10: Coleoptera | C10: Polyphaga | D10: =+IFERROR(IF(E10="#N/C","#N/C",INDEX('ClassificationClasses'!D:D,MATCH(E10,'ClassificationClasses'!E:E,0))),"ERROR") -> Cucujiformia | E10: Chrysomeloidea | F10: Chrysomelidae | G10: Chrysomelinae | H10: Chrysolina | I10: #N/C | J10: {=_xlfn.LET(_xlpm.cls,A10, _xlpm.ord,IFERROR(B10,"#N/C"), _xlpm.subord,IFERROR(C10,"#N/C"), _xlpm.infr,IFERROR(D10,"#N/C"), _xlpm.sf,IFERROR(E10,"#N/C"), _xlpm.fam,IFERROR(F10,"#N/C"), _xlpm.subfam,IF(TRIM(G10)="-","#N/C",IFERROR(G10,"#N/C")), _xlpm.subfamMatch,IFERROR(_xlfn._xlws.FILTER(ClassificationClasses[Classification Class],(ClassificationClasses[Class]=_xlpm.cls)*(ClassificationClasses[Order]=_xlpm.ord)*(ClassificationClasses[Suborder]=_xlpm.subord)*(ClassificationClasses[Infraorder]=_xlpm.infr)*(ClassificationClasses[Superfamily]=_xlpm.sf)*(ClassificationClasses[Family]=_xlpm.fam)*(ClassificationClasses[Subfamily]=_xlpm.subfam),""),""), _xlpm.uniqueSubfam,IF(_xlpm.subfamMatch="","",_xlfn.UNIQUE(_xlpm.subfamMatch)), _xlpm.numUniqueSubfam,IF(_xlpm.uniqueSubfam="",0,ROWS(_xlpm.uniqueSubfam)), _xlpm.resultSubfam,IF(_xlpm.numUniqueSubfam=1,INDEX(_xlpm.uniqueSubfam,1),IF(_xlpm.numUniqueSubfam>=1,_xlpm.subfam,"")), _xlpm.famMatch,IFERROR(_xlfn._xlws.FILTER(ClassificationClasses[Classification Class],(ClassificationClasses[Class]=_xlpm.cls)*(ClassificationClasses[Order]=_xlpm.ord)*(ClassificationClasses[Suborder]=_xlpm.subord)*(ClassificationClasses[Infraorder]=_xlpm.infr)*(ClassificationClasses[Superfamily]=_xlpm.sf)*(ClassificationClasses[Family]=_xlpm.fam),""),""), _xlpm.uniqueFam,IF(_xlpm.famMatch="","",_xlfn.UNIQUE(_xlpm.famMatch)), _xlpm.numUniqueFam,IF(_xlpm.uniqueFam="",0,ROWS(_xlpm.uniqueFam)), _xlpm.resultFam,IF(_xlpm.numUniqueFam=1,INDEX(_xlpm.uniqueFam,1),IF(_xlpm.numUniqueFam>=1,_xlpm.fam,"")), _xlpm.sfMatch,IFERROR(_xlfn._xlws.FILTER(ClassificationClasses[Classification Class],(ClassificationClasses[Class]=_xlpm.cls)*(ClassificationClasses[Order]=_xlpm.ord)*(ClassificationClasses[Suborder]=_xlpm.subord)*(ClassificationClasses[Infraorder]=_xlpm.infr)*(ClassificationClasses[Superfamily]=_xlpm.sf),""),""), _xlpm.uniqueSf,IF(_xlpm.sfMatch="","",_xlfn.UNIQUE(_xlpm.sfMatch)), _xlpm.numUniqueSf,IF(_xlpm.uniqueSf="",0,ROWS(_xlpm.uniqueSf)), _xlpm.resultSf,IF(_xlpm.numUniqueSf=1,INDEX(_xlpm.uniqueSf,1),IF(_xlpm.numUniqueSf>=1,_xlpm.sf,"")), _xlpm.computedResult,IF(AND(_xlpm.fam="#N/C",_xlpm.subfam="#N/C"),_xlpm.sf,IF(_xlpm.resultSubfam<>"",_xlpm.resultSubfam,IF(_xlpm.resultFam<>"",_xlpm.resultFam,IF(_xlpm.resultSf<>"",_xlpm.resultSf,"")))), _xlpm.fallback,IF(IFERROR(B10,"#N/C")="#N/C",A10,IF(IFERROR(C10,"#N/C")="#N/C",B10,IF(IFERROR(D10,"#N/C")="#N/C",C10,IF(IFERROR(E10,"#N/C")="#N/C",D10,IF(IFERROR(F10,"#N/C")="#N/C",E10,IF(IFERROR(G10,"#N/C")="#N/C",F10,"#N/C")))))), _xlpm.finalResult,IF(OR(_xlpm.computedResult="",_xlpm.computedResult="#N/C"),_xlpm.fallback,_xlpm.computedResult), INDEX(_xlpm.finalResult,1))} -> leaf_beetle | K10: =+CONCATENATE(A10,".",B10,".",C10,".",D10,".",E10,".",F10,".",G10,".",H10,".",I10) -> Insecta.Coleoptera.Polyphaga.Cucujiformia.Chrysomeloidea.Chrysomelidae.Chrysomelinae.Chrysolina.#N/C | L10: =+COUNTIF(Monitoring!#REF!,K10) -> #REF!
A11: Insecta | B11: Coleoptera | C11: Polyphaga | D11: =+IFERROR(IF(E11="#N/C","#N/C",INDEX('ClassificationClasses'!D:D,MATCH(E11,'ClassificationClasses'!E:E,0))),"ERROR") -> Cucujiformia | E11: Chrysomeloidea | F11: Chrysomelidae | G11: Criocerinae | H11: Oulema | I11: #N/C | J11: {=_xlfn.LET(_xlpm.cls,A11, _xlpm.ord,IFERROR(B11,"#N/C"), _xlpm.subord,IFERROR(C11,"#N/C"), _xlpm.infr,IFERROR(D11,"#N/C"), _xlpm.sf,IFERROR(E11,"#N/C"), _xlpm.fam,IFERROR(F11,"#N/C"), _xlpm.subfam,IF(TRIM(G11)="-","#N/C",IFERROR(G11,"#N/C")), _xlpm.subfamMatch,IFERROR(_xlfn._xlws.FILTER(ClassificationClasses[Classification Class],(ClassificationClasses[Class]=_xlpm.cls)*(ClassificationClasses[Order]=_xlpm.ord)*(ClassificationClasses[Suborder]=_xlpm.subord)*(ClassificationClasses[Infraorder]=_xlpm.infr)*(ClassificationClasses[Superfamily]=_xlpm.sf)*(ClassificationClasses[Family]=_xlpm.fam)*(ClassificationClasses[Subfamily]=_xlpm.subfam),""),""), _xlpm.uniqueSubfam,IF(_xlpm.subfamMatch="","",_xlfn.UNIQUE(_xlpm.subfamMatch)), _xlpm.numUniqueSubfam,IF(_xlpm.uniqueSubfam="",0,ROWS(_xlpm.uniqueSubfam)), _xlpm.resultSubfam,IF(_xlpm.numUniqueSubfam=1,INDEX(_xlpm.uniqueSubfam,1),IF(_xlpm.numUniqueSubfam>=1,_xlpm.subfam,"")), _xlpm.famMatch,IFERROR(_xlfn._xlws.FILTER(ClassificationClasses[Classification Class],(ClassificationClasses[Class]=_xlpm.cls)*(ClassificationClasses[Order]=_xlpm.ord)*(ClassificationClasses[Suborder]=_xlpm.subord)*(ClassificationClasses[Infraorder]=_xlpm.infr)*(ClassificationClasses[Superfamily]=_xlpm.sf)*(ClassificationClasses[Family]=_xlpm.fam),""),""), _xlpm.uniqueFam,IF(_xlpm.famMatch="","",_xlfn.UNIQUE(_xlpm.famMatch)), _xlpm.numUniqueFam,IF(_xlpm.uniqueFam="",0,ROWS(_xlpm.uniqueFam)), _xlpm.resultFam,IF(_xlpm.numUniqueFam=1,INDEX(_xlpm.uniqueFam,1),IF(_xlpm.numUniqueFam>=1,_xlpm.fam,"")), _xlpm.sfMatch,IFERROR(_xlfn._xlws.FILTER(ClassificationClasses[Classification Class],(ClassificationClasses[Class]=_xlpm.cls)*(ClassificationClasses[Order]=_xlpm.ord)*(ClassificationClasses[Suborder]=_xlpm.subord)*(ClassificationClasses[Infraorder]=_xlpm.infr)*(ClassificationClasses[Superfamily]=_xlpm.sf),""),""), _xlpm.uniqueSf,IF(_xlpm.sfMatch="","",_xlfn.UNIQUE(_xlpm.sfMatch)), _xlpm.numUniqueSf,IF(_xlpm.uniqueSf="",0,ROWS(_xlpm.uniqueSf)), _xlpm.resultSf,IF(_xlpm.numUniqueSf=1,INDEX(_xlpm.uniqueSf,1),IF(_xlpm.numUniqueSf>=1,_xlpm.sf,"")), _xlpm.computedResult,IF(AND(_xlpm.fam="#N/C",_xlpm.subfam="#N/C"),_xlpm.sf,IF(_xlpm.resultSubfam<>"",_xlpm.resultSubfam,IF(_xlpm.resultFam<>"",_xlpm.resultFam,IF(_xlpm.resultSf<>"",_xlpm.resultSf,"")))), _xlpm.fallback,IF(IFERROR(B11,"#N/C")="#N/C",A11,IF(IFERROR(C11,"#N/C")="#N/C",B11,IF(IFERROR(D11,"#N/C")="#N/C",C11,IF(IFERROR(E11,"#N/C")="#N/C",D11,IF(IFERROR(F11,"#N/C")="#N/C",E11,IF(IFERROR(G11,"#N/C")="#N/C",F11,"#N/C")))))), _xlpm.finalResult,IF(OR(_xlpm.computedResult="",_xlpm.computedResult="#N/C"),_xlpm.fallback,_xlpm.computedResult), INDEX(_xlpm.finalResult,1))} -> leaf_beetle | K11: =+CONCATENATE(A11,".",B11,".",C11,".",D11,".",E11,".",F11,".",G11,".",H11,".",I11) -> Insecta.Coleoptera.Polyphaga.Cucujiformia.Chrysomeloidea.Chrysomelidae.Criocerinae.Oulema.#N/C | L11: =+COUNTIF(Monitoring!#REF!,K11) -> #REF!
A12: Insecta | B12: Coleoptera | C12: Polyphaga | D12: =+IFERROR(IF(E12="#N/C","#N/C",INDEX('ClassificationClasses'!D:D,MATCH(E12,'ClassificationClasses'!E:E,0))),"ERROR") -> Cucujiformia | E12: Chrysomeloidea | F12: Chrysomelidae | G12: Galerucinae | H12: #N/C | I12: #N/C | J12: {=_xlfn.LET(_xlpm.cls,A12, _xlpm.ord,IFERROR(B12,"#N/C"), _xlpm.subord,IFERROR(C12,"#N/C"), _xlpm.infr,IFERROR(D12,"#N/C"), _xlpm.sf,IFERROR(E12,"#N/C"), _xlpm.fam,IFERROR(F12,"#N/C"), _xlpm.subfam,IF(TRIM(G12)="-","#N/C",IFERROR(G12,"#N/C")), _xlpm.subfamMatch,IFERROR(_xlfn._xlws.FILTER(ClassificationClasses[Classification Class],(ClassificationClasses[Class]=_xlpm.cls)*(ClassificationClasses[Order]=_xlpm.ord)*(ClassificationClasses[Suborder]=_xlpm.subord)*(ClassificationClasses[Infraorder]=_xlpm.infr)*(ClassificationClasses[Superfamily]=_xlpm.sf)*(ClassificationClasses[Family]=_xlpm.fam)*(ClassificationClasses[Subfamily]=_xlpm.subfam),""),""), _xlpm.uniqueSubfam,IF(_xlpm.subfamMatch="","",_xlfn.UNIQUE(_xlpm.subfamMatch)), _xlpm.numUniqueSubfam,IF(_xlpm.uniqueSubfam="",0,ROWS(_xlpm.uniqueSubfam)), _xlpm.resultSubfam,IF(_xlpm.numUniqueSubfam=1,INDEX(_xlpm.uniqueSubfam,1),IF(_xlpm.numUniqueSubfam>=1,_xlpm.subfam,"")), _xlpm.famMatch,IFERROR(_xlfn._xlws.FILTER(ClassificationClasses[Classification Class],(ClassificationClasses[Class]=_xlpm.cls)*(ClassificationClasses[Order]=_xlpm.ord)*(ClassificationClasses[Suborder]=_xlpm.subord)*(ClassificationClasses[Infraorder]=_xlpm.infr)*(ClassificationClasses[Superfamily]=_xlpm.sf)*(ClassificationClasses[Family]=_xlpm.fam),""),""), _xlpm.uniqueFam,IF(_xlpm.famMatch="","",_xlfn.UNIQUE(_xlpm.famMatch)), _xlpm.numUniqueFam,IF(_xlpm.uniqueFam="",0,ROWS(_xlpm.uniqueFam)), _xlpm.resultFam,IF(_xlpm.numUniqueFam=1,INDEX(_xlpm.uniqueFam,1),IF(_xlpm.numUniqueFam>=1,_xlpm.fam,"")), _xlpm.sfMatch,IFERROR(_xlfn._xlws.FILTER(ClassificationClasses[Classification Class],(ClassificationClasses[Class]=_xlpm.cls)*(ClassificationClasses[Order]=_xlpm.ord)*(ClassificationClasses[Suborder]=_xlpm.subord)*(ClassificationClasses[Infraorder]=_xlpm.infr)*(ClassificationClasses[Superfamily]=_xlpm.sf),""),""), _xlpm.uniqueSf,IF(_xlpm.sfMatch="","",_xlfn.UNIQUE(_xlpm.sfMatch)), _xlpm.numUniqueSf,IF(_xlpm.uniqueSf="",0,ROWS(_xlpm.uniqueSf)), _xlpm.resultSf,IF(_xlpm.numUniqueSf=1,INDEX(_xlpm.uniqueSf,1),IF(_xlpm.numUniqueSf>=1,_xlpm.sf,"")), _xlpm.computedResult,IF(AND(_xlpm.fam="#N/C",_xlpm.subfam="#N/C"),_xlpm.sf,IF(_xlpm.resultSubfam<>"",_xlpm.resultSubfam,IF(_xlpm.resultFam<>"",_xlpm.resultFam,IF(_xlpm.resultSf<>"",_xlpm.resultSf,"")))), _xlpm.fallback,IF(IFERROR(B12,"#N/C")="#N/C",A12,IF(IFERROR(C12,"#N/C")="#N/C",B12,IF(IFERROR(D12,"#N/C")="#N/C",C12,IF(IFERROR(E12,"#N/C")="#N/C",D12,IF(IFERROR(F12,"#N/C")="#N/C",E12,IF(IFERROR(G12,"#N/C")="#N/C",F12,"#N/C")))))), _xlpm.finalResult,IF(OR(_xlpm.computedResult="",_xlpm.computedResult="#N/C"),_xlpm.fallback,_xlpm.computedResult), INDEX(_xlpm.finalResult,1))} -> leaf_beetle | K12: =+CONCATENATE(A12,".",B12,".",C12,".",D12,".",E12,".",F12,".",G12,".",H12,".",I12) -> Insecta.Coleoptera.Polyphaga.Cucujiformia.Chrysomeloidea.Chrysomelidae.Galerucinae.#N/C.#N/C | L12: =+COUNTIF(Monitoring!#REF!,K12) -> #REF!
A13: Insecta | B13: Coleoptera | C13: Polyphaga | D13: =+IFERROR(IF(E13="#N/C","#N/C",INDEX('ClassificationClasses'!D:D,MATCH(E13,'ClassificationClasses'!E:E,0))),"ERROR") -> Cucujiformia | E13: Chrysomeloidea | F13: Chrysomelidae | G13: Galerucinae | H13: Psylliodes | I13: #N/C | J13: {=_xlfn.LET(_xlpm.cls,A13, _xlpm.ord,IFERROR(B13,"#N/C"), _xlpm.subord,IFERROR(C13,"#N/C"), _xlpm.infr,IFERROR(D13,"#N/C"), _xlpm.sf,IFERROR(E13,"#N/C"), _xlpm.fam,IFERROR(F13,"#N/C"), _xlpm.subfam,IF(TRIM(G13)="-","#N/C",IFERROR(G13,"#N/C")), _xlpm.subfamMatch,IFERROR(_xlfn._xlws.FILTER(ClassificationClasses[Classification Class],(ClassificationClasses[Class]=_xlpm.cls)*(ClassificationClasses[Order]=_xlpm.ord)*(ClassificationClasses[Suborder]=_xlpm.subord)*(ClassificationClasses[Infraorder]=_xlpm.infr)*(ClassificationClasses[Superfamily]=_xlpm.sf)*(ClassificationClasses[Family]=_xlpm.fam)*(ClassificationClasses[Subfamily]=_xlpm.subfam),""),""), _xlpm.uniqueSubfam,IF(_xlpm.subfamMatch="","",_xlfn.UNIQUE(_xlpm.subfamMatch)), _xlpm.numUniqueSubfam,IF(_xlpm.uniqueSubfam="",0,ROWS(_xlpm.uniqueSubfam)), _xlpm.resultSubfam,IF(_xlpm.numUniqueSubfam=1,INDEX(_xlpm.uniqueSubfam,1),IF(_xlpm.numUniqueSubfam>=1,_xlpm.subfam,"")), _xlpm.famMatch,IFERROR(_xlfn._xlws.FILTER(ClassificationClasses[Classification Class],(ClassificationClasses[Class]=_xlpm.cls)*(ClassificationClasses[Order]=_xlpm.ord)*(ClassificationClasses[Suborder]=_xlpm.subord)*(ClassificationClasses[Infraorder]=_xlpm.infr)*(ClassificationClasses[Superfamily]=_xlpm.sf)*(ClassificationClasses[Family]=_xlpm.fam),""),""), _xlpm.uniqueFam,IF(_xlpm.famMatch="","",_xlfn.UNIQUE(_xlpm.famMatch)), _xlpm.numUniqueFam,IF(_xlpm.uniqueFam="",0,ROWS(_xlpm.uniqueFam)), _xlpm.resultFam,IF(_xlpm.numUniqueFam=1,INDEX(_xlpm.uniqueFam,1),IF(_xlpm.numUniqueFam>=1,_xlpm.fam,"")), _xlpm.sfMatch,IFERROR(_xlfn._xlws.FILTER(ClassificationClasses[Classification Class],(ClassificationClasses[Class]=_xlpm.cls)*(ClassificationClasses[Order]=_xlpm.ord)*(ClassificationClasses[Suborder]=_xlpm.subord)*(ClassificationClasses[Infraorder]=_xlpm.infr)*(ClassificationClasses[Superfamily]=_xlpm.sf),""),""), _xlpm.uniqueSf,IF(_xlpm.sfMatch="","",_xlfn.UNIQUE(_xlpm.sfMatch)), _xlpm.numUniqueSf,IF(_xlpm.uniqueSf="",0,ROWS(_xlpm.uniqueSf)), _xlpm.resultSf,IF(_xlpm.numUniqueSf=1,INDEX(_xlpm.uniqueSf,1),IF(_xlpm.numUniqueSf>=1,_xlpm.sf,"")), _xlpm.computedResult,IF(AND(_xlpm.fam="#N/C",_xlpm.subfam="#N/C"),_xlpm.sf,IF(_xlpm.resultSubfam<>"",_xlpm.resultSubfam,IF(_xlpm.resultFam<>"",_xlpm.resultFam,IF(_xlpm.resultSf<>"",_xlpm.resultSf,"")))), _xlpm.fallback,IF(IFERROR(B13,"#N/C")="#N/C",A13,IF(IFERROR(C13,"#N/C")="#N/C",B13,IF(IFERROR(D13,"#N/C")="#N/C",C13,IF(IFERROR(E13,"#N/C")="#N/C",D13,IF(IFERROR(F13,"#N/C")="#N/C",E13,IF(IFERROR(G13,"#N/C")="#N/C",F13,"#N/C")))))), _xlpm.finalResult,IF(OR(_xlpm.computedResult="",_xlpm.computedResult="#N/C"),_xlpm.fallback,_xlpm.computedResult), INDEX(_xlpm.finalResult,1))} -> leaf_beetle | K13: =+CONCATENATE(A13,".",B13,".",C13,".",D13,".",E13,".",F13,".",G13,".",H13,".",I13) -> Insecta.Coleoptera.Polyphaga.Cucujiformia.Chrysomeloidea.Chrysomelidae.Galerucinae.Psylliodes.#N/C | L13: =+COUNTIF(Monitoring!#REF!,K13) -> #REF!
... A32: Insecta | B32: Coleoptera | C32: Polyphaga | D32: =+IFERROR(IF(E32="#N/C","#N/C",INDEX('ClassificationClasses'!D:D,MATCH(E32,'ClassificationClasses'!E:E,0))),"ERROR") -> Cucujiformia | E32: Tenebrionoidea | F32: Oedemeridae | G32: Nacerdinae | H32: Chrysanthia | I32: #N/C | J32: {=_xlfn.LET(_xlpm.cls,A32, _xlpm.ord,IFERROR(B32,"#N/C"), _xlpm.subord,IFERROR(C32,"#N/C"), _xlpm.infr,IFERROR(D32,"#N/C"), _xlpm.sf,IFERROR(E32,"#N/C"), _xlpm.fam,IFERROR(F32,"#N/C"), _xlpm.subfam,IF(TRIM(G32)="-","#N/C",IFERROR(G32,"#N/C")), _xlpm.subfamMatch,IFERROR(_xlfn._xlws.FILTER(ClassificationClasses[Classification Class],(ClassificationClasses[Class]=_xlpm.cls)*(ClassificationClasses[Order]=_xlpm.ord)*(ClassificationClasses[Suborder]=_xlpm.subord)*(ClassificationClasses[Infraorder]=_xlpm.infr)*(ClassificationClasses[Superfamily]=_xlpm.sf)*(ClassificationClasses[Family]=_xlpm.fam)*(ClassificationClasses[Subfamily]=_xlpm.subfam),""),""), _xlpm.uniqueSubfam,IF(_xlpm.subfamMatch="","",_xlfn.UNIQUE(_xlpm.subfamMatch)), _xlpm.numUniqueSubfam,IF(_xlpm.uniqueSubfam="",0,ROWS(_xlpm.uniqueSubfam)), _xlpm.resultSubfam,IF(_xlpm.numUniqueSubfam=1,INDEX(_xlpm.uniqueSubfam,1),IF(_xlpm.numUniqueSubfam>=1,_xlpm.subfam,"")), _xlpm.famMatch,IFERROR(_xlfn._xlws.FILTER(ClassificationClasses[Classification Class],(ClassificationClasses[Class]=_xlpm.cls)*(ClassificationClasses[Order]=_xlpm.ord)*(ClassificationClasses[Suborder]=_xlpm.subord)*(ClassificationClasses[Infraorder]=_xlpm.infr)*(ClassificationClasses[Superfamily]=_xlpm.sf)*(ClassificationClasses[Family]=_xlpm.fam),""),""), _xlpm.uniqueFam,IF(_xlpm.famMatch="","",_xlfn.UNIQUE(_xlpm.famMatch)), _xlpm.numUniqueFam,IF(_xlpm.uniqueFam="",0,ROWS(_xlpm.uniqueFam)), _xlpm.resultFam,IF(_xlpm.numUniqueFam=1,INDEX(_xlpm.uniqueFam,1),IF(_xlpm.numUniqueFam>=1,_xlpm.fam,"")), _xlpm.sfMatch,IFERROR(_xlfn._xlws.FILTER(ClassificationClasses[Classification Class],(ClassificationClasses[Class]=_xlpm.cls)*(ClassificationClasses[Order]=_xlpm.ord)*(ClassificationClasses[Suborder]=_xlpm.subord)*(ClassificationClasses[Infraorder]=_xlpm.infr)*(ClassificationClasses[Superfamily]=_xlpm.sf),""),""), _xlpm.uniqueSf,IF(_xlpm.sfMatch="","",_xlfn.UNIQUE(_xlpm.sfMatch)), _xlpm.numUniqueSf,IF(_xlpm.uniqueSf="",0,ROWS(_xlpm.uniqueSf)), _xlpm.resultSf,IF(_xlpm.numUniqueSf=1,INDEX(_xlpm.uniqueSf,1),IF(_xlpm.numUniqueSf>=1,_xlpm.sf,"")), _xlpm.computedResult,IF(AND(_xlpm.fam="#N/C",_xlpm.subfam="#N/C"),_xlpm.sf,IF(_xlpm.resultSubfam<>"",_xlpm.resultSubfam,IF(_xlpm.resultFam<>"",_xlpm.resultFam,IF(_xlpm.resultSf<>"",_xlpm.resultSf,"")))), _xlpm.fallback,IF(IFERROR(B32,"#N/C")="#N/C",A32,IF(IFERROR(C32,"#N/C")="#N/C",B32,IF(IFERROR(D32,"#N/C")="#N/C",C32,IF(IFERROR(E32,"#N/C")="#N/C",D32,IF(IFERROR(F32,"#N/C")="#N/C",E32,IF(IFERROR(G32,"#N/C")="#N/C",F32,"#N/C")))))), _xlpm.finalResult,IF(OR(_xlpm.computedResult="",_xlpm.computedResult="#N/C"),_xlpm.fallback,_xlpm.computedResult), INDEX(_xlpm.finalResult,1))} -> pollen_feeding_beetle | K32: =+CONCATENATE(A32,".",B32,".",C32,".",D32,".",E32,".",F32,".",G32,".",H32,".",I32) -> Insecta.Coleoptera.Polyphaga.Cucujiformia.Tenebrionoidea.Oedemeridae.Nacerdinae.Chrysanthia.#N/C | L32: =+COUNTIF(Monitoring!#REF!,K32) -> #REF!
A33: Insecta | B33: Dermaptera | C33: Forficulina | D33: Epidermaptera | E33: Forficuloidea | F33: Forficulidae | G33: Forficulinae | H33: #N/C | I33: #N/C | J33: {=_xlfn.LET(_xlpm.cls,A33, _xlpm.ord,IFERROR(B33,"#N/C"), _xlpm.subord,IFERROR(C33,"#N/C"), _xlpm.infr,IFERROR(D33,"#N/C"), _xlpm.sf,IFERROR(E33,"#N/C"), _xlpm.fam,IFERROR(F33,"#N/C"), _xlpm.subfam,IF(TRIM(G33)="-","#N/C",IFERROR(G33,"#N/C")), _xlpm.subfamMatch,IFERROR(_xlfn._xlws.FILTER(ClassificationClasses[Classification Class],(ClassificationClasses[Class]=_xlpm.cls)*(ClassificationClasses[Order]=_xlpm.ord)*(ClassificationClasses[Suborder]=_xlpm.subord)*(ClassificationClasses[Infraorder]=_xlpm.infr)*(ClassificationClasses[Superfamily]=_xlpm.sf)*(ClassificationClasses[Family]=_xlpm.fam)*(ClassificationClasses[Subfamily]=_xlpm.subfam),""),""), _xlpm.uniqueSubfam,IF(_xlpm.subfamMatch="","",_xlfn.UNIQUE(_xlpm.subfamMatch)), _xlpm.numUniqueSubfam,IF(_xlpm.uniqueSubfam="",0,ROWS(_xlpm.uniqueSubfam)), _xlpm.resultSubfam,IF(_xlpm.numUniqueSubfam=1,INDEX(_xlpm.uniqueSubfam,1),IF(_xlpm.numUniqueSubfam>=1,_xlpm.subfam,"")), _xlpm.famMatch,IFERROR(_xlfn._xlws.FILTER(ClassificationClasses[Classification Class],(ClassificationClasses[Class]=_xlpm.cls)*(ClassificationClasses[Order]=_xlpm.ord)*(ClassificationClasses[Suborder]=_xlpm.subord)*(ClassificationClasses[Infraorder]=_xlpm.infr)*(ClassificationClasses[Superfamily]=_xlpm.sf)*(ClassificationClasses[Family]=_xlpm.fam),""),""), _xlpm.uniqueFam,IF(_xlpm.famMatch="","",_xlfn.UNIQUE(_xlpm.famMatch)), _xlpm.numUniqueFam,IF(_xlpm.uniqueFam="",0,ROWS(_xlpm.uniqueFam)), _xlpm.resultFam,IF(_xlpm.numUniqueFam=1,INDEX(_xlpm.uniqueFam,1),IF(_xlpm.numUniqueFam>=1,_xlpm.fam,"")), _xlpm.sfMatch,IFERROR(_xlfn._xlws.FILTER(ClassificationClasses[Classification Class],(ClassificationClasses[Class]=_xlpm.cls)*(ClassificationClasses[Order]=_xlpm.ord)*(ClassificationClasses[Suborder]=_xlpm.subord)*(ClassificationClasses[Infraorder]=_xlpm.infr)*(ClassificationClasses[Superfamily]=_xlpm.sf),""),""), _xlpm.uniqueSf,IF(_xlpm.sfMatch="","",_xlfn.UNIQUE(_xlpm.sfMatch)), _xlpm.numUniqueSf,IF(_xlpm.uniqueSf="",0,ROWS(_xlpm.uniqueSf)), _xlpm.resultSf,IF(_xlpm.numUniqueSf=1,INDEX(_xlpm.uniqueSf,1),IF(_xlpm.numUniqueSf>=1,_xlpm.sf,"")), _xlpm.computedResult,IF(AND(_xlpm.fam="#N/C",_xlpm.subfam="#N/C"),_xlpm.sf,IF(_xlpm.resultSubfam<>"",_xlpm.resultSubfam,IF(_xlpm.resultFam<>"",_xlpm.resultFam,IF(_xlpm.resultSf<>"",_xlpm.resultSf,"")))), _xlpm.fallback,IF(IFERROR(B33,"#N/C")="#N/C",A33,IF(IFERROR(C33,"#N/C")="#N/C",B33,IF(IFERROR(D33,"#N/C")="#N/C",C33,IF(IFERROR(E33,"#N/C")="#N/C",D33,IF(IFERROR(F33,"#N/C")="#N/C",E33,IF(IFERROR(G33,"#N/C")="#N/C",F33,"#N/C")))))), _xlpm.finalResult,IF(OR(_xlpm.computedResult="",_xlpm.computedResult="#N/C"),_xlpm.fallback,_xlpm.computedResult), INDEX(_xlpm.finalResult,1))} -> earwig | K33: =+CONCATENATE(A33,".",B33,".",C33,".",D33,".",E33,".",F33,".",G33,".",H33,".",I33) -> Insecta.Dermaptera.Forficulina.Epidermaptera.Forficuloidea.Forficulidae.Forficulinae.#N/C.#N/C | L33: =+COUNTIF(Monitoring!#REF!,K33) -> #REF!
A34: Insecta | B34: Dermaptera | C34: Forficulina | D34: Epidermaptera | E34: Forficuloidea | F34: Forficulidae | G34: Forficulinae | H34: Forficula | I34: #N/C | J34: {=_xlfn.LET(_xlpm.cls,A34, _xlpm.ord,IFERROR(B34,"#N/C"), _xlpm.subord,IFERROR(C34,"#N/C"), _xlpm.infr,IFERROR(D34,"#N/C"), _xlpm.sf,IFERROR(E34,"#N/C"), _xlpm.fam,IFERROR(F34,"#N/C"), _xlpm.subfam,IF(TRIM(G34)="-","#N/C",IFERROR(G34,"#N/C")), _xlpm.subfamMatch,IFERROR(_xlfn._xlws.FILTER(ClassificationClasses[Classification Class],(ClassificationClasses[Class]=_xlpm.cls)*(ClassificationClasses[Order]=_xlpm.ord)*(ClassificationClasses[Suborder]=_xlpm.subord)*(ClassificationClasses[Infraorder]=_xlpm.infr)*(ClassificationClasses[Superfamily]=_xlpm.sf)*(ClassificationClasses[Family]=_xlpm.fam)*(ClassificationClasses[Subfamily]=_xlpm.subfam),""),""), _xlpm.uniqueSubfam,IF(_xlpm.subfamMatch="","",_xlfn.UNIQUE(_xlpm.subfamMatch)), _xlpm.numUniqueSubfam,IF(_xlpm.uniqueSubfam="",0,ROWS(_xlpm.uniqueSubfam)), _xlpm.resultSubfam,IF(_xlpm.numUniqueSubfam=1,INDEX(_xlpm.uniqueSubfam,1),IF(_xlpm.numUniqueSubfam>=1,_xlpm.subfam,"")), _xlpm.famMatch,IFERROR(_xlfn._xlws.FILTER(ClassificationClasses[Classification Class],(ClassificationClasses[Class]=_xlpm.cls)*(ClassificationClasses[Order]=_xlpm.ord)*(ClassificationClasses[Suborder]=_xlpm.subord)*(ClassificationClasses[Infraorder]=_xlpm.infr)*(ClassificationClasses[Superfamily]=_xlpm.sf)*(ClassificationClasses[Family]=_xlpm.fam),""),""), _xlpm.uniqueFam,IF(_xlpm.famMatch="","",_xlfn.UNIQUE(_xlpm.famMatch)), _xlpm.numUniqueFam,IF(_xlpm.uniqueFam="",0,ROWS(_xlpm.uniqueFam)), _xlpm.resultFam,IF(_xlpm.numUniqueFam=1,INDEX(_xlpm.uniqueFam,1),IF(_xlpm.numUniqueFam>=1,_xlpm.fam,"")), _xlpm.sfMatch,IFERROR(_xlfn._xlws.FILTER(ClassificationClasses[Classification Class],(ClassificationClasses[Class]=_xlpm.cls)*(ClassificationClasses[Order]=_xlpm.ord)*(ClassificationClasses[Suborder]=_xlpm.subord)*(ClassificationClasses[Infraorder]=_xlpm.infr)*(ClassificationClasses[Superfamily]=_xlpm.sf),""),""), _xlpm.uniqueSf,IF(_xlpm.sfMatch="","",_xlfn.UNIQUE(_xlpm.sfMatch)), _xlpm.numUniqueSf,IF(_xlpm.uniqueSf="",0,ROWS(_xlpm.uniqueSf)), _xlpm.resultSf,IF(_xlpm.numUniqueSf=1,INDEX(_xlpm.uniqueSf,1),IF(_xlpm.numUniqueSf>=1,_xlpm.sf,"")), _xlpm.computedResult,IF(AND(_xlpm.fam="#N/C",_xlpm.subfam="#N/C"),_xlpm.sf,IF(_xlpm.resultSubfam<>"",_xlpm.resultSubfam,IF(_xlpm.resultFam<>"",_xlpm.resultFam,IF(_xlpm.resultSf<>"",_xlpm.resultSf,"")))), _xlpm.fallback,IF(IFERROR(B34,"#N/C")="#N/C",A34,IF(IFERROR(C34,"#N/C")="#N/C",B34,IF(IFERROR(D34,"#N/C")="#N/C",C34,IF(IFERROR(E34,"#N/C")="#N/C",D34,IF(IFERROR(F34,"#N/C")="#N/C",E34,IF(IFERROR(G34,"#N/C")="#N/C",F34,"#N/C")))))), _xlpm.finalResult,IF(OR(_xlpm.computedResult="",_xlpm.computedResult="#N/C"),_xlpm.fallback,_xlpm.computedResult), INDEX(_xlpm.finalResult,1))} -> earwig | K34: =+CONCATENATE(A34,".",B34,".",C34,".",D34,".",E34,".",F34,".",G34,".",H34,".",I34) -> Insecta.Dermaptera.Forficulina.Epidermaptera.Forficuloidea.Forficulidae.Forficulinae.Forficula.#N/C | L34: =+COUNTIF(Monitoring!#REF!,K34) -> #REF!
A35: Insecta | B35: Diptera | C35: #N/C | D35: =+IFERROR(IF(E35="#N/C","#N/C",INDEX('ClassificationClasses'!D:D,MATCH(E35,'ClassificationClasses'!E:E,0))),"ERROR") -> #N/C | E35: #N/C | F35: #N/C | G35: #N/C | H35: #N/C | I35: #N/C | J35: {=_xlfn.LET(_xlpm.cls,A35, _xlpm.ord,IFERROR(B35,"#N/C"), _xlpm.subord,IFERROR(C35,"#N/C"), _xlpm.infr,IFERROR(D35,"#N/C"), _xlpm.sf,IFERROR(E35,"#N/C"), _xlpm.fam,IFERROR(F35,"#N/C"), _xlpm.subfam,IF(TRIM(G35)="-","#N/C",IFERROR(G35,"#N/C")), _xlpm.subfamMatch,IFERROR(_xlfn._xlws.FILTER(ClassificationClasses[Classification Class],(ClassificationClasses[Class]=_xlpm.cls)*(ClassificationClasses[Order]=_xlpm.ord)*(ClassificationClasses[Suborder]=_xlpm.subord)*(ClassificationClasses[Infraorder]=_xlpm.infr)*(ClassificationClasses[Superfamily]=_xlpm.sf)*(ClassificationClasses[Family]=_xlpm.fam)*(ClassificationClasses[Subfamily]=_xlpm.subfam),""),""), _xlpm.uniqueSubfam,IF(_xlpm.subfamMatch="","",_xlfn.UNIQUE(_xlpm.subfamMatch)), _xlpm.numUniqueSubfam,IF(_xlpm.uniqueSubfam="",0,ROWS(_xlpm.uniqueSubfam)), _xlpm.resultSubfam,IF(_xlpm.numUniqueSubfam=1,INDEX(_xlpm.uniqueSubfam,1),IF(_xlpm.numUniqueSubfam>=1,_xlpm.subfam,"")), _xlpm.famMatch,IFERROR(_xlfn._xlws.FILTER(ClassificationClasses[Classification Class],(ClassificationClasses[Class]=_xlpm.cls)*(ClassificationClasses[Order]=_xlpm.ord)*(ClassificationClasses[Suborder]=_xlpm.subord)*(ClassificationClasses[Infraorder]=_xlpm.infr)*(ClassificationClasses[Superfamily]=_xlpm.sf)*(ClassificationClasses[Family]=_xlpm.fam),""),""), _xlpm.uniqueFam,IF(_xlpm.famMatch="","",_xlfn.UNIQUE(_xlpm.famMatch)), _xlpm.numUniqueFam,IF(_xlpm.uniqueFam="",0,ROWS(_xlpm.uniqueFam)), _xlpm.resultFam,IF(_xlpm.numUniqueFam=1,INDEX(_xlpm.uniqueFam,1),IF(_xlpm.numUniqueFam>=1,_xlpm.fam,"")), _xlpm.sfMatch,IFERROR(_xlfn._xlws.FILTER(ClassificationClasses[Classification Class],(ClassificationClasses[Class]=_xlpm.cls)*(ClassificationClasses[Order]=_xlpm.ord)*(ClassificationClasses[Suborder]=_xlpm.subord)*(ClassificationClasses[Infraorder]=_xlpm.infr)*(ClassificationClasses[Superfamily]=_xlpm.sf),""),""), _xlpm.uniqueSf,IF(_xlpm.sfMatch="","",_xlfn.UNIQUE(_xlpm.sfMatch)), _xlpm.numUniqueSf,IF(_xlpm.uniqueSf="",0,ROWS(_xlpm.uniqueSf)), _xlpm.resultSf,IF(_xlpm.numUniqueSf=1,INDEX(_xlpm.uniqueSf,1),IF(_xlpm.numUniqueSf>=1,_xlpm.sf,"")), _xlpm.computedResult,IF(AND(_xlpm.fam="#N/C",_xlpm.subfam="#N/C"),_xlpm.sf,IF(_xlpm.resultSubfam<>"",_xlpm.resultSubfam,IF(_xlpm.resultFam<>"",_xlpm.resultFam,IF(_xlpm.resultSf<>"",_xlpm.resultSf,"")))), _xlpm.fallback,IF(IFERROR(B35,"#N/C")="#N/C",A35,IF(IFERROR(C35,"#N/C")="#N/C",B35,IF(IFERROR(D35,"#N/C")="#N/C",C35,IF(IFERROR(E35,"#N/C")="#N/C",D35,IF(IFERROR(F35,"#N/C")="#N/C",E35,IF(IFERROR(G35,"#N/C")="#N/C",F35,"#N/C")))))), _xlpm.finalResult,IF(OR(_xlpm.computedResult="",_xlpm.computedResult="#N/C"),_xlpm.fallback,_xlpm.computedResult), INDEX(_xlpm.finalResult,1))} -> Diptera | K35: =+CONCATENATE(A35,".",B35,".",C35,".",D35,".",E35,".",F35,".",G35,".",H35,".",I35) -> Insecta.Diptera.#N/C.#N/C.#N/C.#N/C.#N/C.#N/C.#N/C | L35: =+COUNTIF(Monitoring!#REF!,K35) -> #REF!
A36: Insecta | B36: Diptera | C36: Brachycera | D36: =+IFERROR(IF(E36="#N/C","#N/C",INDEX('ClassificationClasses'!D:D,MATCH(E36,'ClassificationClasses'!E:E,0))),"ERROR") -> #N/C | E36: #N/C | F36: #N/C | G36: #N/C | H36: #N/C | I36: #N/C | J36: {=_xlfn.LET(_xlpm.cls,A36, _xlpm.ord,IFERROR(B36,"#N/C"), _xlpm.subord,IFERROR(C36,"#N/C"), _xlpm.infr,IFERROR(D36,"#N/C"), _xlpm.sf,IFERROR(E36,"#N/C"), _xlpm.fam,IFERROR(F36,"#N/C"), _xlpm.subfam,IF(TRIM(G36)="-","#N/C",IFERROR(G36,"#N/C")), _xlpm.subfamMatch,IFERROR(_xlfn._xlws.FILTER(ClassificationClasses[Classification Class],(ClassificationClasses[Class]=_xlpm.cls)*(ClassificationClasses[Order]=_xlpm.ord)*(ClassificationClasses[Suborder]=_xlpm.subord)*(ClassificationClasses[Infraorder]=_xlpm.infr)*(ClassificationClasses[Superfamily]=_xlpm.sf)*(ClassificationClasses[Family]=_xlpm.fam)*(ClassificationClasses[Subfamily]=_xlpm.subfam),""),""), _xlpm.uniqueSubfam,IF(_xlpm.subfamMatch="","",_xlfn.UNIQUE(_xlpm.subfamMatch)), _xlpm.numUniqueSubfam,IF(_xlpm.uniqueSubfam="",0,ROWS(_xlpm.uniqueSubfam)), _xlpm.resultSubfam,IF(_xlpm.numUniqueSubfam=1,INDEX(_xlpm.uniqueSubfam,1),IF(_xlpm.numUniqueSubfam>=1,_xlpm.subfam,"")), _xlpm.famMatch,IFERROR(_xlfn._xlws.FILTER(ClassificationClasses[Classification Class],(ClassificationClasses[Class]=_xlpm.cls)*(ClassificationClasses[Order]=_xlpm.ord)*(ClassificationClasses[Suborder]=_xlpm.subord)*(ClassificationClasses[Infraorder]=_xlpm.infr)*(ClassificationClasses[Superfamily]=_xlpm.sf)*(ClassificationClasses[Family]=_xlpm.fam),""),""), _xlpm.uniqueFam,IF(_xlpm.famMatch="","",_xlfn.UNIQUE(_xlpm.famMatch)), _xlpm.numUniqueFam,IF(_xlpm.uniqueFam="",0,ROWS(_xlpm.uniqueFam)), _xlpm.resultFam,IF(_xlpm.numUniqueFam=1,INDEX(_xlpm.uniqueFam,1),IF(_xlpm.numUniqueFam>=1,_xlpm.fam,"")), _xlpm.sfMatch,IFERROR(_xlfn._xlws.FILTER(ClassificationClasses[Classification Class],(ClassificationClasses[Class]=_xlpm.cls)*(ClassificationClasses[Order]=_xlpm.ord)*(ClassificationClasses[Suborder]=_xlpm.subord)*(ClassificationClasses[Infraorder]=_xlpm.infr)*(ClassificationClasses[Superfamily]=_xlpm.sf),""),""), _xlpm.uniqueSf,IF(_xlpm.sfMatch="","",_xlfn.UNIQUE(_xlpm.sfMatch)), _xlpm.numUniqueSf,IF(_xlpm.uniqueSf="",0,ROWS(_xlpm.uniqueSf)), _xlpm.resultSf,IF(_xlpm.numUniqueSf=1,INDEX(_xlpm.uniqueSf,1),IF(_xlpm.numUniqueSf>=1,_xlpm.sf,"")), _xlpm.computedResult,IF(AND(_xlpm.fam="#N/C",_xlpm.subfam="#N/C"),_xlpm.sf,IF(_xlpm.resultSubfam<>"",_xlpm.resultSubfam,IF(_xlpm.resultFam<>"",_xlpm.resultFam,IF(_xlpm.resultSf<>"",_xlpm.resultSf,"")))), _xlpm.fallback,IF(IFERROR(B36,"#N/C")="#N/C",A36,IF(IFERROR(C36,"#N/C")="#N/C",B36,IF(IFERROR(D36,"#N/C")="#N/C",C36,IF(IFERROR(E36,"#N/C")="#N/C",D36,IF(IFERROR(F36,"#N/C")="#N/C",E36,IF(IFERROR(G36,"#N/C")="#N/C",F36,"#N/C")))))), _xlpm.finalResult,IF(OR(_xlpm.computedResult="",_xlpm.computedResult="#N/C"),_xlpm.fallback,_xlpm.computedResult), INDEX(_xlpm.finalResult,1))} -> Brachycera | K36: =+CONCATENATE(A36,".",B36,".",C36,".",D36,".",E36,".",F36,".",G36,".",H36,".",I36) -> Insecta.Diptera.Brachycera.#N/C.#N/C.#N/C.#N/C.#N/C.#N/C | L36: =+COUNTIF(Monitoring!#REF!,K36) -> #REF!
A37: Insecta | B37: Diptera | C37: Brachycera | D37: =+IFERROR(IF(E37="#N/C","#N/C",INDEX('ClassificationClasses'!D:D,MATCH(E37,'ClassificationClasses'!E:E,0))),"ERROR") -> Asilomorpha | E37: Asiloidea | F37: Asilidae | G37: Asilinae | H37: #N/C | I37: #N/C | J37: {=_xlfn.LET(_xlpm.cls,A37, _xlpm.ord,IFERROR(B37,"#N/C"), _xlpm.subord,IFERROR(C37,"#N/C"), _xlpm.infr,IFERROR(D37,"#N/C"), _xlpm.sf,IFERROR(E37,"#N/C"), _xlpm.fam,IFERROR(F37,"#N/C"), _xlpm.subfam,IF(TRIM(G37)="-","#N/C",IFERROR(G37,"#N/C")), _xlpm.subfamMatch,IFERROR(_xlfn._xlws.FILTER(ClassificationClasses[Classification Class],(ClassificationClasses[Class]=_xlpm.cls)*(ClassificationClasses[Order]=_xlpm.ord)*(ClassificationClasses[Suborder]=_xlpm.subord)*(ClassificationClasses[Infraorder]=_xlpm.infr)*(ClassificationClasses[Superfamily]=_xlpm.sf)*(ClassificationClasses[Family]=_xlpm.fam)*(ClassificationClasses[Subfamily]=_xlpm.subfam),""),""), _xlpm.uniqueSubfam,IF(_xlpm.subfamMatch="","",_xlfn.UNIQUE(_xlpm.subfamMatch)), _xlpm.numUniqueSubfam,IF(_xlpm.uniqueSubfam="",0,ROWS(_xlpm.uniqueSubfam)), _xlpm.resultSubfam,IF(_xlpm.numUniqueSubfam=1,INDEX(_xlpm.uniqueSubfam,1),IF(_xlpm.numUniqueSubfam>=1,_xlpm.subfam,"")), _xlpm.famMatch,IFERROR(_xlfn._xlws.FILTER(ClassificationClasses[Classification Class],(ClassificationClasses[Class]=_xlpm.cls)*(ClassificationClasses[Order]=_xlpm.ord)*(ClassificationClasses[Suborder]=_xlpm.subord)*(ClassificationClasses[Infraorder]=_xlpm.infr)*(ClassificationClasses[Superfamily]=_xlpm.sf)*(ClassificationClasses[Family]=_xlpm.fam),""),""), _xlpm.uniqueFam,IF(_xlpm.famMatch="","",_xlfn.UNIQUE(_xlpm.famMatch)), _xlpm.numUniqueFam,IF(_xlpm.uniqueFam="",0,ROWS(_xlpm.uniqueFam)), _xlpm.resultFam,IF(_xlpm.numUniqueFam=1,INDEX(_xlpm.uniqueFam,1),IF(_xlpm.numUniqueFam>=1,_xlpm.fam,"")), _xlpm.sfMatch,IFERROR(_xlfn._xlws.FILTER(ClassificationClasses[Classification Class],(ClassificationClasses[Class]=_xlpm.cls)*(ClassificationClasses[Order]=_xlpm.ord)*(ClassificationClasses[Suborder]=_xlpm.subord)*(ClassificationClasses[Infraorder]=_xlpm.infr)*(ClassificationClasses[Superfamily]=_xlpm.sf),""),""), _xlpm.uniqueSf,IF(_xlpm.sfMatch="","",_xlfn.UNIQUE(_xlpm.sfMatch)), _xlpm.numUniqueSf,IF(_xlpm.uniqueSf="",0,ROWS(_xlpm.uniqueSf)), _xlpm.resultSf,IF(_xlpm.numUniqueSf=1,INDEX(_xlpm.uniqueSf,1),IF(_xlpm.numUniqueSf>=1,_xlpm.sf,"")), _xlpm.computedResult,IF(AND(_xlpm.fam="#N/C",_xlpm.subfam="#N/C"),_xlpm.sf,IF(_xlpm.resultSubfam<>"",_xlpm.resultSubfam,IF(_xlpm.resultFam<>"",_xlpm.resultFam,IF(_xlpm.resultSf<>"",_xlpm.resultSf,"")))), _xlpm.fallback,IF(IFERROR(B37,"#N/C")="#N/C",A37,IF(IFERROR(C37,"#N/C")="#N/C",B37,IF(IFERROR(D37,"#N/C")="#N/C",C37,IF(IFERROR(E37,"#N/C")="#N/C",D37,IF(IFERROR(F37,"#N/C")="#N/C",E37,IF(IFERROR(G37,"#N/C")="#N/C",F37,"#N/C")))))), _xlpm.finalResult,IF(OR(_xlpm.computedResult="",_xlpm.computedResult="#N/C"),_xlpm.fallback,_xlpm.computedResult), INDEX(_xlpm.finalResult,1))} -> robber_fly | K37: =+CONCATENATE(A37,".",B37,".",C37,".",D37,".",E37,".",F37,".",G37,".",H37,".",I37) -> Insecta.Diptera.Brachycera.Asilomorpha.Asiloidea.Asilidae.Asilinae.#N/C.#N/C | L37: =+COUNTIF(Monitoring!#REF!,K37) -> #REF!
A38: Insecta | B38: Diptera | C38: Brachycera | D38: =+IFERROR(IF(E38="#N/C","#N/C",INDEX('ClassificationClasses'!D:D,MATCH(E38,'ClassificationClasses'!E:E,0))),"ERROR") -> Asilomorpha | E38: Asiloidea | F38: Asilidae | G38: Asilinae | H38: Tolmerus | I38: #N/C | J38: {=_xlfn.LET(_xlpm.cls,A38, _xlpm.ord,IFERROR(B38,"#N/C"), _xlpm.subord,IFERROR(C38,"#N/C"), _xlpm.infr,IFERROR(D38,"#N/C"), _xlpm.sf,IFERROR(E38,"#N/C"), _xlpm.fam,IFERROR(F38,"#N/C"), _xlpm.subfam,IF(TRIM(G38)="-","#N/C",IFERROR(G38,"#N/C")), _xlpm.subfamMatch,IFERROR(_xlfn._xlws.FILTER(ClassificationClasses[Classification Class],(ClassificationClasses[Class]=_xlpm.cls)*(ClassificationClasses[Order]=_xlpm.ord)*(ClassificationClasses[Suborder]=_xlpm.subord)*(ClassificationClasses[Infraorder]=_xlpm.infr)*(ClassificationClasses[Superfamily]=_xlpm.sf)*(ClassificationClasses[Family]=_xlpm.fam)*(ClassificationClasses[Subfamily]=_xlpm.subfam),""),""), _xlpm.uniqueSubfam,IF(_xlpm.subfamMatch="","",_xlfn.UNIQUE(_xlpm.subfamMatch)), _xlpm.numUniqueSubfam,IF(_xlpm.uniqueSubfam="",0,ROWS(_xlpm.uniqueSubfam)), _xlpm.resultSubfam,IF(_xlpm.numUniqueSubfam=1,INDEX(_xlpm.uniqueSubfam,1),IF(_xlpm.numUniqueSubfam>=1,_xlpm.subfam,"")), _xlpm.famMatch,IFERROR(_xlfn._xlws.FILTER(ClassificationClasses[Classification Class],(ClassificationClasses[Class]=_xlpm.cls)*(ClassificationClasses[Order]=_xlpm.ord)*(ClassificationClasses[Suborder]=_xlpm.subord)*(ClassificationClasses[Infraorder]=_xlpm.infr)*(ClassificationClasses[Superfamily]=_xlpm.sf)*(ClassificationClasses[Family]=_xlpm.fam),""),""), _xlpm.uniqueFam,IF(_xlpm.famMatch="","",_xlfn.UNIQUE(_xlpm.famMatch)), _xlpm.numUniqueFam,IF(_xlpm.uniqueFam="",0,ROWS(_xlpm.uniqueFam)), _xlpm.resultFam,IF(_xlpm.numUniqueFam=1,INDEX(_xlpm.uniqueFam,1),IF(_xlpm.numUniqueFam>=1,_xlpm.fam,"")), _xlpm.sfMatch,IFERROR(_xlfn._xlws.FILTER(ClassificationClasses[Classification Class],(ClassificationClasses[Class]=_xlpm.cls)*(ClassificationClasses[Order]=_xlpm.ord)*(ClassificationClasses[Suborder]=_xlpm.subord)*(ClassificationClasses[Infraorder]=_xlpm.infr)*(ClassificationClasses[Superfamily]=_xlpm.sf),""),""), _xlpm.uniqueSf,IF(_xlpm.sfMatch="","",_xlfn.UNIQUE(_xlpm.sfMatch)), _xlpm.numUniqueSf,IF(_xlpm.uniqueSf="",0,ROWS(_xlpm.uniqueSf)), _xlpm.resultSf,IF(_xlpm.numUniqueSf=1,INDEX(_xlpm.uniqueSf,1),IF(_xlpm.numUniqueSf>=1,_xlpm.sf,"")), _xlpm.computedResult,IF(AND(_xlpm.fam="#N/C",_xlpm.subfam="#N/C"),_xlpm.sf,IF(_xlpm.resultSubfam<>"",_xlpm.resultSubfam,IF(_xlpm.resultFam<>"",_xlpm.resultFam,IF(_xlpm.resultSf<>"",_xlpm.resultSf,"")))), _xlpm.fallback,IF(IFERROR(B38,"#N/C")="#N/C",A38,IF(IFERROR(C38,"#N/C")="#N/C",B38,IF(IFERROR(D38,"#N/C")="#N/C",C38,IF(IFERROR(E38,"#N/C")="#N/C",D38,IF(IFERROR(F38,"#N/C")="#N/C",E38,IF(IFERROR(G38,"#N/C")="#N/C",F38,"#N/C")))))), _xlpm.finalResult,IF(OR(_xlpm.computedResult="",_xlpm.computedResult="#N/C"),_xlpm.fallback,_xlpm.computedResult), INDEX(_xlpm.finalResult,1))} -> robber_fly | K38: =+CONCATENATE(A38,".",B38,".",C38,".",D38,".",E38,".",F38,".",G38,".",H38,".",I38) -> Insecta.Diptera.Brachycera.Asilomorpha.Asiloidea.Asilidae.Asilinae.Tolmerus.#N/C | L38: =+COUNTIF(Monitoring!#REF!,K38) -> #REF!
A39: Insecta | B39: Diptera | C39: Brachycera | D39: =+IFERROR(IF(E39="#N/C","#N/C",INDEX('ClassificationClasses'!D:D,MATCH(E39,'ClassificationClasses'!E:E,0))),"ERROR") -> Asilomorpha | E39: Asiloidea | F39: Asilidae | G39: Laphriinae | H39: #N/C | I39: #N/C | J39: {=_xlfn.LET(_xlpm.cls,A39, _xlpm.ord,IFERROR(B39,"#N/C"), _xlpm.subord,IFERROR(C39,"#N/C"), _xlpm.infr,IFERROR(D39,"#N/C"), _xlpm.sf,IFERROR(E39,"#N/C"), _xlpm.fam,IFERROR(F39,"#N/C"), _xlpm.subfam,IF(TRIM(G39)="-","#N/C",IFERROR(G39,"#N/C")), _xlpm.subfamMatch,IFERROR(_xlfn._xlws.FILTER(ClassificationClasses[Classification Class],(ClassificationClasses[Class]=_xlpm.cls)*(ClassificationClasses[Order]=_xlpm.ord)*(ClassificationClasses[Suborder]=_xlpm.subord)*(ClassificationClasses[Infraorder]=_xlpm.infr)*(ClassificationClasses[Superfamily]=_xlpm.sf)*(ClassificationClasses[Family]=_xlpm.fam)*(ClassificationClasses[Subfamily]=_xlpm.subfam),""),""), _xlpm.uniqueSubfam,IF(_xlpm.subfamMatch="","",_xlfn.UNIQUE(_xlpm.subfamMatch)), _xlpm.numUniqueSubfam,IF(_xlpm.uniqueSubfam="",0,ROWS(_xlpm.uniqueSubfam)), _xlpm.resultSubfam,IF(_xlpm.numUniqueSubfam=1,INDEX(_xlpm.uniqueSubfam,1),IF(_xlpm.numUniqueSubfam>=1,_xlpm.subfam,"")), _xlpm.famMatch,IFERROR(_xlfn._xlws.FILTER(ClassificationClasses[Classification Class],(ClassificationClasses[Class]=_xlpm.cls)*(ClassificationClasses[Order]=_xlpm.ord)*(ClassificationClasses[Suborder]=_xlpm.subord)*(ClassificationClasses[Infraorder]=_xlpm.infr)*(ClassificationClasses[Superfamily]=_xlpm.sf)*(ClassificationClasses[Family]=_xlpm.fam),""),""), _xlpm.uniqueFam,IF(_xlpm.famMatch="","",_xlfn.UNIQUE(_xlpm.famMatch)), _xlpm.numUniqueFam,IF(_xlpm.uniqueFam="",0,ROWS(_xlpm.uniqueFam)), _xlpm.resultFam,IF(_xlpm.numUniqueFam=1,INDEX(_xlpm.uniqueFam,1),IF(_xlpm.numUniqueFam>=1,_xlpm.fam,"")), _xlpm.sfMatch,IFERROR(_xlfn._xlws.FILTER(ClassificationClasses[Classification Class],(ClassificationClasses[Class]=_xlpm.cls)*(ClassificationClasses[Order]=_xlpm.ord)*(ClassificationClasses[Suborder]=_xlpm.subord)*(ClassificationClasses[Infraorder]=_xlpm.infr)*(ClassificationClasses[Superfamily]=_xlpm.sf),""),""), _xlpm.uniqueSf,IF(_xlpm.sfMatch="","",_xlfn.UNIQUE(_xlpm.sfMatch)), _xlpm.numUniqueSf,IF(_xlpm.uniqueSf="",0,ROWS(_xlpm.uniqueSf)), _xlpm.resultSf,IF(_xlpm.numUniqueSf=1,INDEX(_xlpm.uniqueSf,1),IF(_xlpm.numUniqueSf>=1,_xlpm.sf,"")), _xlpm.computedResult,IF(AND(_xlpm.fam="#N/C",_xlpm.subfam="#N/C"),_xlpm.sf,IF(_xlpm.resultSubfam<>"",_xlpm.resultSubfam,IF(_xlpm.resultFam<>"",_xlpm.resultFam,IF(_xlpm.resultSf<>"",_xlpm.resultSf,"")))), _xlpm.fallback,IF(IFERROR(B39,"#N/C")="#N/C",A39,IF(IFERROR(C39,"#N/C")="#N/C",B39,IF(IFERROR(D39,"#N/C")="#N/C",C39,IF(IFERROR(E39,"#N/C")="#N/C",D39,IF(IFERROR(F39,"#N/C")="#N/C",E39,IF(IFERROR(G39,"#N/C")="#N/C",F39,"#N/C")))))), _xlpm.finalResult,IF(OR(_xlpm.computedResult="",_xlpm.computedResult="#N/C"),_xlpm.fallback,_xlpm.computedResult), INDEX(_xlpm.finalResult,1))} -> robber_fly | K39: =+CONCATENATE(A39,".",B39,".",C39,".",D39,".",E39,".",F39,".",G39,".",H39,".",I39) -> Insecta.Diptera.Brachycera.Asilomorpha.Asiloidea.Asilidae.Laphriinae.#N/C.#N/C | L39: =+COUNTIF(Monitoring!#REF!,K39) -> #REF!
A40: Insecta | B40: Diptera | C40: Brachycera | D40: =+IFERROR(IF(E40="#N/C","#N/C",INDEX('ClassificationClasses'!D:D,MATCH(E40,'ClassificationClasses'!E:E,0))),"ERROR") -> Muscomorpha | E40: Carnoidea | F40: Chloropidae | G40: Chloropinae | H40: Thaumatomyia | I40: #N/C | J40: {=_xlfn.LET(_xlpm.cls,A40, _xlpm.ord,IFERROR(B40,"#N/C"), _xlpm.subord,IFERROR(C40,"#N/C"), _xlpm.infr,IFERROR(D40,"#N/C"), _xlpm.sf,IFERROR(E40,"#N/C"), _xlpm.fam,IFERROR(F40,"#N/C"), _xlpm.subfam,IF(TRIM(G40)="-","#N/C",IFERROR(G40,"#N/C")), _xlpm.subfamMatch,IFERROR(_xlfn._xlws.FILTER(ClassificationClasses[Classification Class],(ClassificationClasses[Class]=_xlpm.cls)*(ClassificationClasses[Order]=_xlpm.ord)*(ClassificationClasses[Suborder]=_xlpm.subord)*(ClassificationClasses[Infraorder]=_xlpm.infr)*(ClassificationClasses[Superfamily]=_xlpm.sf)*(ClassificationClasses[Family]=_xlpm.fam)*(ClassificationClasses[Subfamily]=_xlpm.subfam),""),""), _xlpm.uniqueSubfam,IF(_xlpm.subfamMatch="","",_xlfn.UNIQUE(_xlpm.subfamMatch)), _xlpm.numUniqueSubfam,IF(_xlpm.uniqueSubfam="",0,ROWS(_xlpm.uniqueSubfam)), _xlpm.resultSubfam,IF(_xlpm.numUniqueSubfam=1,INDEX(_xlpm.uniqueSubfam,1),IF(_xlpm.numUniqueSubfam>=1,_xlpm.subfam,"")), _xlpm.famMatch,IFERROR(_xlfn._xlws.FILTER(ClassificationClasses[Classification Class],(ClassificationClasses[Class]=_xlpm.cls)*(ClassificationClasses[Order]=_xlpm.ord)*(ClassificationClasses[Suborder]=_xlpm.subord)*(ClassificationClasses[Infraorder]=_xlpm.infr)*(ClassificationClasses[Superfamily]=_xlpm.sf)*(ClassificationClasses[Family]=_xlpm.fam),""),""), _xlpm.uniqueFam,IF(_xlpm.famMatch="","",_xlfn.UNIQUE(_xlpm.famMatch)), _xlpm.numUniqueFam,IF(_xlpm.uniqueFam="",0,ROWS(_xlpm.uniqueFam)), _xlpm.resultFam,IF(_xlpm.numUniqueFam=1,INDEX(_xlpm.uniqueFam,1),IF(_xlpm.numUniqueFam>=1,_xlpm.fam,"")), _xlpm.sfMatch,IFERROR(_xlfn._xlws.FILTER(ClassificationClasses[Classification Class],(ClassificationClasses[Class]=_xlpm.cls)*(ClassificationClasses[Order]=_xlpm.ord)*(ClassificationClasses[Suborder]=_xlpm.subord)*(ClassificationClasses[Infraorder]=_xlpm.infr)*(ClassificationClasses[Superfamily]=_xlpm.sf),""),""), _xlpm.uniqueSf,IF(_xlpm.sfMatch="","",_xlfn.UNIQUE(_xlpm.sfMatch)), _xlpm.numUniqueSf,IF(_xlpm.uniqueSf="",0,ROWS(_xlpm.uniqueSf)), _xlpm.resultSf,IF(_xlpm.numUniqueSf=1,INDEX(_xlpm.uniqueSf,1),IF(_xlpm.numUniqueSf>=1,_xlpm.sf,"")), _xlpm.computedResult,IF(AND(_xlpm.fam="#N/C",_xlpm.subfam="#N/C"),_xlpm.sf,IF(_xlpm.resultSubfam<>"",_xlpm.resultSubfam,IF(_xlpm.resultFam<>"",_xlpm.resultFam,IF(_xlpm.resultSf<>"",_xlpm.resultSf,"")))), _xlpm.fallback,IF(IFERROR(B40,"#N/C")="#N/C",A40,IF(IFERROR(C40,"#N/C")="#N/C",B40,IF(IFERROR(D40,"#N/C")="#N/C",C40,IF(IFERROR(E40,"#N/C")="#N/C",D40,IF(IFERROR(F40,"#N/C")="#N/C",E40,IF(IFERROR(G40,"#N/C")="#N/C",F40,"#N/C")))))), _xlpm.finalResult,IF(OR(_xlpm.computedResult="",_xlpm.computedResult="#N/C"),_xlpm.fallback,_xlpm.computedResult), INDEX(_xlpm.finalResult,1))} -> fly | K40: =+CONCATENATE(A40,".",B40,".",C40,".",D40,".",E40,".",F40,".",G40,".",H40,".",I40) -> Insecta.Diptera.Brachycera.Muscomorpha.Carnoidea.Chloropidae.Chloropinae.Thaumatomyia.#N/C | L40: =+COUNTIF(Monitoring!#REF!,K40) -> #REF!
A41: Insecta | B41: Diptera | C41: Brachycera | D41: =+IFERROR(IF(E41="#N/C","#N/C",INDEX('ClassificationClasses'!D:D,MATCH(E41,'ClassificationClasses'!E:E,0))),"ERROR") -> Asilomorpha | E41: Empidoidea | F41: Dolichopodidae | G41: #N/C | H41: #N/C | I41: #N/C | J41: {=_xlfn.LET(_xlpm.cls,A41, _xlpm.ord,IFERROR(B41,"#N/C"), _xlpm.subord,IFERROR(C41,"#N/C"), _xlpm.infr,IFERROR(D41,"#N/C"), _xlpm.sf,IFERROR(E41,"#N/C"), _xlpm.fam,IFERROR(F41,"#N/C"), _xlpm.subfam,IF(TRIM(G41)="-","#N/C",IFERROR(G41,"#N/C")), _xlpm.subfamMatch,IFERROR(_xlfn._xlws.FILTER(ClassificationClasses[Classification Class],(ClassificationClasses[Class]=_xlpm.cls)*(ClassificationClasses[Order]=_xlpm.ord)*(ClassificationClasses[Suborder]=_xlpm.subord)*(ClassificationClasses[Infraorder]=_xlpm.infr)*(ClassificationClasses[Superfamily]=_xlpm.sf)*(ClassificationClasses[Family]=_xlpm.fam)*(ClassificationClasses[Subfamily]=_xlpm.subfam),""),""), _xlpm.uniqueSubfam,IF(_xlpm.subfamMatch="","",_xlfn.UNIQUE(_xlpm.subfamMatch)), _xlpm.numUniqueSubfam,IF(_xlpm.uniqueSubfam="",0,ROWS(_xlpm.uniqueSubfam)), _xlpm.resultSubfam,IF(_xlpm.numUniqueSubfam=1,INDEX(_xlpm.uniqueSubfam,1),IF(_xlpm.numUniqueSubfam>=1,_xlpm.subfam,"")), _xlpm.famMatch,IFERROR(_xlfn._xlws.FILTER(ClassificationClasses[Classification Class],(ClassificationClasses[Class]=_xlpm.cls)*(ClassificationClasses[Order]=_xlpm.ord)*(ClassificationClasses[Suborder]=_xlpm.subord)*(ClassificationClasses[Infraorder]=_xlpm.infr)*(ClassificationClasses[Superfamily]=_xlpm.sf)*(ClassificationClasses[Family]=_xlpm.fam),""),""), _xlpm.uniqueFam,IF(_xlpm.famMatch="","",_xlfn.UNIQUE(_xlpm.famMatch)), _xlpm.numUniqueFam,IF(_xlpm.uniqueFam="",0,ROWS(_xlpm.uniqueFam)), _xlpm.resultFam,IF(_xlpm.numUniqueFam=1,INDEX(_xlpm.uniqueFam,1),IF(_xlpm.numUniqueFam>=1,_xlpm.fam,"")), _xlpm.sfMatch,IFERROR(_xlfn._xlws.FILTER(ClassificationClasses[Classification Class],(ClassificationClasses[Class]=_xlpm.cls)*(ClassificationClasses[Order]=_xlpm.ord)*(ClassificationClasses[Suborder]=_xlpm.subord)*(ClassificationClasses[Infraorder]=_xlpm.infr)*(ClassificationClasses[Superfamily]=_xlpm.sf),""),""), _xlpm.uniqueSf,IF(_xlpm.sfMatch="","",_xlfn.UNIQUE(_xlpm.sfMatch)), _xlpm.numUniqueSf,IF(_xlpm.uniqueSf="",0,ROWS(_xlpm.uniqueSf)), _xlpm.resultSf,IF(_xlpm.numUniqueSf=1,INDEX(_xlpm.uniqueSf,1),IF(_xlpm.numUniqueSf>=1,_xlpm.sf,"")), _xlpm.computedResult,IF(AND(_xlpm.fam="#N/C",_xlpm.subfam="#N/C"),_xlpm.sf,IF(_xlpm.resultSubfam<>"",_xlpm.resultSubfam,IF(_xlpm.resultFam<>"",_xlpm.resultFam,IF(_xlpm.resultSf<>"",_xlpm.resultSf,"")))), _xlpm.fallback,IF(IFERROR(B41,"#N/C")="#N/C",A41,IF(IFERROR(C41,"#N/C")="#N/C",B41,IF(IFERROR(D41,"#N/C")="#N/C",C41,IF(IFERROR(E41,"#N/C")="#N/C",D41,IF(IFERROR(F41,"#N/C")="#N/C",E41,IF(IFERROR(G41,"#N/C")="#N/C",F41,"#N/C")))))), _xlpm.finalResult,IF(OR(_xlpm.computedResult="",_xlpm.computedResult="#N/C"),_xlpm.fallback,_xlpm.computedResult), INDEX(_xlpm.finalResult,1))} -> dance_fly | K41: =+CONCATENATE(A41,".",B41,".",C41,".",D41,".",E41,".",F41,".",G41,".",H41,".",I41) -> Insecta.Diptera.Brachycera.Asilomorpha.Empidoidea.Dolichopodidae.#N/C.#N/C.#N/C | L41: =+COUNTIF(Monitoring!#REF!,K41) -> #REF!
A42: Insecta | B42: Diptera | C42: Brachycera | D42: =+IFERROR(IF(E42="#N/C","#N/C",INDEX('ClassificationClasses'!D:D,MATCH(E42,'ClassificationClasses'!E:E,0))),"ERROR") -> Asilomorpha | E42: Empidoidea | F42: Dolichopodidae | G42: Medeterinae | H42: Medetera | I42: #N/C | J42: {=_xlfn.LET(_xlpm.cls,A42, _xlpm.ord,IFERROR(B42,"#N/C"), _xlpm.subord,IFERROR(C42,"#N/C"), _xlpm.infr,IFERROR(D42,"#N/C"), _xlpm.sf,IFERROR(E42,"#N/C"), _xlpm.fam,IFERROR(F42,"#N/C"), _xlpm.subfam,IF(TRIM(G42)="-","#N/C",IFERROR(G42,"#N/C")), _xlpm.subfamMatch,IFERROR(_xlfn._xlws.FILTER(ClassificationClasses[Classification Class],(ClassificationClasses[Class]=_xlpm.cls)*(ClassificationClasses[Order]=_xlpm.ord)*(ClassificationClasses[Suborder]=_xlpm.subord)*(ClassificationClasses[Infraorder]=_xlpm.infr)*(ClassificationClasses[Superfamily]=_xlpm.sf)*(ClassificationClasses[Family]=_xlpm.fam)*(ClassificationClasses[Subfamily]=_xlpm.subfam),""),""), _xlpm.uniqueSubfam,IF(_xlpm.subfamMatch="","",_xlfn.UNIQUE(_xlpm.subfamMatch)), _xlpm.numUniqueSubfam,IF(_xlpm.uniqueSubfam="",0,ROWS(_xlpm.uniqueSubfam)), _xlpm.resultSubfam,IF(_xlpm.numUniqueSubfam=1,INDEX(_xlpm.uniqueSubfam,1),IF(_xlpm.numUniqueSubfam>=1,_xlpm.subfam,"")), _xlpm.famMatch,IFERROR(_xlfn._xlws.FILTER(ClassificationClasses[Classification Class],(ClassificationClasses[Class]=_xlpm.cls)*(ClassificationClasses[Order]=_xlpm.ord)*(ClassificationClasses[Suborder]=_xlpm.subord)*(ClassificationClasses[Infraorder]=_xlpm.infr)*(ClassificationClasses[Superfamily]=_xlpm.sf)*(ClassificationClasses[Family]=_xlpm.fam),""),""), _xlpm.uniqueFam,IF(_xlpm.famMatch="","",_xlfn.UNIQUE(_xlpm.famMatch)), _xlpm.numUniqueFam,IF(_xlpm.uniqueFam="",0,ROWS(_xlpm.uniqueFam)), _xlpm.resultFam,IF(_xlpm.numUniqueFam=1,INDEX(_xlpm.uniqueFam,1),IF(_xlpm.numUniqueFam>=1,_xlpm.fam,"")), _xlpm.sfMatch,IFERROR(_xlfn._xlws.FILTER(ClassificationClasses[Classification Class],(ClassificationClasses[Class]=_xlpm.cls)*(ClassificationClasses[Order]=_xlpm.ord)*(ClassificationClasses[Suborder]=_xlpm.subord)*(ClassificationClasses[Infraorder]=_xlpm.infr)*(ClassificationClasses[Superfamily]=_xlpm.sf),""),""), _xlpm.uniqueSf,IF(_xlpm.sfMatch="","",_xlfn.UNIQUE(_xlpm.sfMatch)), _xlpm.numUniqueSf,IF(_xlpm.uniqueSf="",0,ROWS(_xlpm.uniqueSf)), _xlpm.resultSf,IF(_xlpm.numUniqueSf=1,INDEX(_xlpm.uniqueSf,1),IF(_xlpm.numUniqueSf>=1,_xlpm.sf,"")), _xlpm.computedResult,IF(AND(_xlpm.fam="#N/C",_xlpm.subfam="#N/C"),_xlpm.sf,IF(_xlpm.resultSubfam<>"",_xlpm.resultSubfam,IF(_xlpm.resultFam<>"",_xlpm.resultFam,IF(_xlpm.resultSf<>"",_xlpm.resultSf,"")))), _xlpm.fallback,IF(IFERROR(B42,"#N/C")="#N/C",A42,IF(IFERROR(C42,"#N/C")="#N/C",B42,IF(IFERROR(D42,"#N/C")="#N/C",C42,IF(IFERROR(E42,"#N/C")="#N/C",D42,IF(IFERROR(F42,"#N/C")="#N/C",E42,IF(IFERROR(G42,"#N/C")="#N/C",F42,"#N/C")))))), _xlpm.finalResult,IF(OR(_xlpm.computedResult="",_xlpm.computedResult="#N/C"),_xlpm.fallback,_xlpm.computedResult), INDEX(_xlpm.finalResult,1))} -> dance_fly | K42: =+CONCATENATE(A42,".",B42,".",C42,".",D42,".",E42,".",F42,".",G42,".",H42,".",I42) -> Insecta.Diptera.Brachycera.Asilomorpha.Empidoidea.Dolichopodidae.Medeterinae.Medetera.#N/C | L42: =+COUNTIF(Monitoring!#REF!,K42) -> #REF!
A43: Insecta | B43: Diptera | C43: Brachycera | D43: =+IFERROR(IF(E43="#N/C","#N/C",INDEX('ClassificationClasses'!D:D,MATCH(E43,'ClassificationClasses'!E:E,0))),"ERROR") -> Asilomorpha | E43: Empidoidea | F43: Hybotidae | G43: Tachydromiinae | H43: Tachydromia | I43: #N/C | J43: {=_xlfn.LET(_xlpm.cls,A43, _xlpm.ord,IFERROR(B43,"#N/C"), _xlpm.subord,IFERROR(C43,"#N/C"), _xlpm.infr,IFERROR(D43,"#N/C"), _xlpm.sf,IFERROR(E43,"#N/C"), _xlpm.fam,IFERROR(F43,"#N/C"), _xlpm.subfam,IF(TRIM(G43)="-","#N/C",IFERROR(G43,"#N/C")), _xlpm.subfamMatch,IFERROR(_xlfn._xlws.FILTER(ClassificationClasses[Classification Class],(ClassificationClasses[Class]=_xlpm.cls)*(ClassificationClasses[Order]=_xlpm.ord)*(ClassificationClasses[Suborder]=_xlpm.subord)*(ClassificationClasses[Infraorder]=_xlpm.infr)*(ClassificationClasses[Superfamily]=_xlpm.sf)*(ClassificationClasses[Family]=_xlpm.fam)*(ClassificationClasses[Subfamily]=_xlpm.subfam),""),""), _xlpm.uniqueSubfam,IF(_xlpm.subfamMatch="","",_xlfn.UNIQUE(_xlpm.subfamMatch)), _xlpm.numUniqueSubfam,IF(_xlpm.uniqueSubfam="",0,ROWS(_xlpm.uniqueSubfam)), _xlpm.resultSubfam,IF(_xlpm.numUniqueSubfam=1,INDEX(_xlpm.uniqueSubfam,1),IF(_xlpm.numUniqueSubfam>=1,_xlpm.subfam,"")), _xlpm.famMatch,IFERROR(_xlfn._xlws.FILTER(ClassificationClasses[Classification Class],(ClassificationClasses[Class]=_xlpm.cls)*(ClassificationClasses[Order]=_xlpm.ord)*(ClassificationClasses[Suborder]=_xlpm.subord)*(ClassificationClasses[Infraorder]=_xlpm.infr)*(ClassificationClasses[Superfamily]=_xlpm.sf)*(ClassificationClasses[Family]=_xlpm.fam),""),""), _xlpm.uniqueFam,IF(_xlpm.famMatch="","",_xlfn.UNIQUE(_xlpm.famMatch)), _xlpm.numUniqueFam,IF(_xlpm.uniqueFam="",0,ROWS(_xlpm.uniqueFam)), _xlpm.resultFam,IF(_xlpm.numUniqueFam=1,INDEX(_xlpm.uniqueFam,1),IF(_xlpm.numUniqueFam>=1,_xlpm.fam,"")), _xlpm.sfMatch,IFERROR(_xlfn._xlws.FILTER(ClassificationClasses[Classification Class],(ClassificationClasses[Class]=_xlpm.cls)*(ClassificationClasses[Order]=_xlpm.ord)*(ClassificationClasses[Suborder]=_xlpm.subord)*(ClassificationClasses[Infraorder]=_xlpm.infr)*(ClassificationClasses[Superfamily]=_xlpm.sf),""),""), _xlpm.uniqueSf,IF(_xlpm.sfMatch="","",_xlfn.UNIQUE(_xlpm.sfMatch)), _xlpm.numUniqueSf,IF(_xlpm.uniqueSf="",0,ROWS(_xlpm.uniqueSf)), _xlpm.resultSf,IF(_xlpm.numUniqueSf=1,INDEX(_xlpm.uniqueSf,1),IF(_xlpm.numUniqueSf>=1,_xlpm.sf,"")), _xlpm.computedResult,IF(AND(_xlpm.fam="#N/C",_xlpm.subfam="#N/C"),_xlpm.sf,IF(_xlpm.resultSubfam<>"",_xlpm.resultSubfam,IF(_xlpm.resultFam<>"",_xlpm.resultFam,IF(_xlpm.resultSf<>"",_xlpm.resultSf,"")))), _xlpm.fallback,IF(IFERROR(B43,"#N/C")="#N/C",A43,IF(IFERROR(C43,"#N/C")="#N/C",B43,IF(IFERROR(D43,"#N/C")="#N/C",C43,IF(IFERROR(E43,"#N/C")="#N/C",D43,IF(IFERROR(F43,"#N/C")="#N/C",E43,IF(IFERROR(G43,"#N/C")="#N/C",F43,"#N/C")))))), _xlpm.finalResult,IF(OR(_xlpm.computedResult="",_xlpm.computedResult="#N/C"),_xlpm.fallback,_xlpm.computedResult), INDEX(_xlpm.finalResult,1))} -> dance_fly | K43: =+CONCATENATE(A43,".",B43,".",C43,".",D43,".",E43,".",F43,".",G43,".",H43,".",I43) -> Insecta.Diptera.Brachycera.Asilomorpha.Empidoidea.Hybotidae.Tachydromiinae.Tachydromia.#N/C | L43: =+COUNTIF(Monitoring!#REF!,K43) -> #REF!
A44: Insecta | B44: Diptera | C44: Brachycera | D44: =+IFERROR(IF(E44="#N/C","#N/C",INDEX('ClassificationClasses'!D:D,MATCH(E44,'ClassificationClasses'!E:E,0))),"ERROR") -> Muscomorpha | E44: Ephydroidea | F44: Drosophilidae | G44: Drosophilinae | H44: #N/C | I44: #N/C | J44: {=_xlfn.LET(_xlpm.cls,A44, _xlpm.ord,IFERROR(B44,"#N/C"), _xlpm.subord,IFERROR(C44,"#N/C"), _xlpm.infr,IFERROR(D44,"#N/C"), _xlpm.sf,IFERROR(E44,"#N/C"), _xlpm.fam,IFERROR(F44,"#N/C"), _xlpm.subfam,IF(TRIM(G44)="-","#N/C",IFERROR(G44,"#N/C")), _xlpm.subfamMatch,IFERROR(_xlfn._xlws.FILTER(ClassificationClasses[Classification Class],(ClassificationClasses[Class]=_xlpm.cls)*(ClassificationClasses[Order]=_xlpm.ord)*(ClassificationClasses[Suborder]=_xlpm.subord)*(ClassificationClasses[Infraorder]=_xlpm.infr)*(ClassificationClasses[Superfamily]=_xlpm.sf)*(ClassificationClasses[Family]=_xlpm.fam)*(ClassificationClasses[Subfamily]=_xlpm.subfam),""),""), _xlpm.uniqueSubfam,IF(_xlpm.subfamMatch="","",_xlfn.UNIQUE(_xlpm.subfamMatch)), _xlpm.numUniqueSubfam,IF(_xlpm.uniqueSubfam="",0,ROWS(_xlpm.uniqueSubfam)), _xlpm.resultSubfam,IF(_xlpm.numUniqueSubfam=1,INDEX(_xlpm.uniqueSubfam,1),IF(_xlpm.numUniqueSubfam>=1,_xlpm.subfam,"")), _xlpm.famMatch,IFERROR(_xlfn._xlws.FILTER(ClassificationClasses[Classification Class],(ClassificationClasses[Class]=_xlpm.cls)*(ClassificationClasses[Order]=_xlpm.ord)*(ClassificationClasses[Suborder]=_xlpm.subord)*(ClassificationClasses[Infraorder]=_xlpm.infr)*(ClassificationClasses[Superfamily]=_xlpm.sf)*(ClassificationClasses[Family]=_xlpm.fam),""),""), _xlpm.uniqueFam,IF(_xlpm.famMatch="","",_xlfn.UNIQUE(_xlpm.famMatch)), _xlpm.numUniqueFam,IF(_xlpm.uniqueFam="",0,ROWS(_xlpm.uniqueFam)), _xlpm.resultFam,IF(_xlpm.numUniqueFam=1,INDEX(_xlpm.uniqueFam,1),IF(_xlpm.numUniqueFam>=1,_xlpm.fam,"")), _xlpm.sfMatch,IFERROR(_xlfn._xlws.FILTER(ClassificationClasses[Classification Class],(ClassificationClasses[Class]=_xlpm.cls)*(ClassificationClasses[Order]=_xlpm.ord)*(ClassificationClasses[Suborder]=_xlpm.subord)*(ClassificationClasses[Infraorder]=_xlpm.infr)*(ClassificationClasses[Superfamily]=_xlpm.sf),""),""), _xlpm.uniqueSf,IF(_xlpm.sfMatch="","",_xlfn.UNIQUE(_xlpm.sfMatch)), _xlpm.numUniqueSf,IF(_xlpm.uniqueSf="",0,ROWS(_xlpm.uniqueSf)), _xlpm.resultSf,IF(_xlpm.numUniqueSf=1,INDEX(_xlpm.uniqueSf,1),IF(_xlpm.numUniqueSf>=1,_xlpm.sf,"")), _xlpm.computedResult,IF(AND(_xlpm.fam="#N/C",_xlpm.subfam="#N/C"),_xlpm.sf,IF(_xlpm.resultSubfam<>"",_xlpm.resultSubfam,IF(_xlpm.resultFam<>"",_xlpm.resultFam,IF(_xlpm.resultSf<>"",_xlpm.resultSf,"")))), _xlpm.fallback,IF(IFERROR(B44,"#N/C")="#N/C",A44,IF(IFERROR(C44,"#N/C")="#N/C",B44,IF(IFERROR(D44,"#N/C")="#N/C",C44,IF(IFERROR(E44,"#N/C")="#N/C",D44,IF(IFERROR(F44,"#N/C")="#N/C",E44,IF(IFERROR(G44,"#N/C")="#N/C",F44,"#N/C")))))), _xlpm.finalResult,IF(OR(_xlpm.computedResult="",_xlpm.computedResult="#N/C"),_xlpm.fallback,_xlpm.computedResult), INDEX(_xlpm.finalResult,1))} -> fruit_fly | K44: =+CONCATENATE(A44,".",B44,".",C44,".",D44,".",E44,".",F44,".",G44,".",H44,".",I44) -> Insecta.Diptera.Brachycera.Muscomorpha.Ephydroidea.Drosophilidae.Drosophilinae.#N/C.#N/C | L44: =+COUNTIF(Monitoring!#REF!,K44) -> #REF!
A45: Insecta | B45: Diptera | C45: Brachycera | D45: =+IFERROR(IF(E45="#N/C","#N/C",INDEX('ClassificationClasses'!D:D,MATCH(E45,'ClassificationClasses'!E:E,0))),"ERROR") -> Muscomorpha | E45: Ephydroidea | F45: Drosophilidae | G45: Drosophilinae | H45: Chymomyza | I45: #N/C | J45: {=_xlfn.LET(_xlpm.cls,A45, _xlpm.ord,IFERROR(B45,"#N/C"), _xlpm.subord,IFERROR(C45,"#N/C"), _xlpm.infr,IFERROR(D45,"#N/C"), _xlpm.sf,IFERROR(E45,"#N/C"), _xlpm.fam,IFERROR(F45,"#N/C"), _xlpm.subfam,IF(TRIM(G45)="-","#N/C",IFERROR(G45,"#N/C")), _xlpm.subfamMatch,IFERROR(_xlfn._xlws.FILTER(ClassificationClasses[Classification Class],(ClassificationClasses[Class]=_xlpm.cls)*(ClassificationClasses[Order]=_xlpm.ord)*(ClassificationClasses[Suborder]=_xlpm.subord)*(ClassificationClasses[Infraorder]=_xlpm.infr)*(ClassificationClasses[Superfamily]=_xlpm.sf)*(ClassificationClasses[Family]=_xlpm.fam)*(ClassificationClasses[Subfamily]=_xlpm.subfam),""),""), _xlpm.uniqueSubfam,IF(_xlpm.subfamMatch="","",_xlfn.UNIQUE(_xlpm.subfamMatch)), _xlpm.numUniqueSubfam,IF(_xlpm.uniqueSubfam="",0,ROWS(_xlpm.uniqueSubfam)), _xlpm.resultSubfam,IF(_xlpm.numUniqueSubfam=1,INDEX(_xlpm.uniqueSubfam,1),IF(_xlpm.numUniqueSubfam>=1,_xlpm.subfam,"")), _xlpm.famMatch,IFERROR(_xlfn._xlws.FILTER(ClassificationClasses[Classification Class],(ClassificationClasses[Class]=_xlpm.cls)*(ClassificationClasses[Order]=_xlpm.ord)*(ClassificationClasses[Suborder]=_xlpm.subord)*(ClassificationClasses[Infraorder]=_xlpm.infr)*(ClassificationClasses[Superfamily]=_xlpm.sf)*(ClassificationClasses[Family]=_xlpm.fam),""),""), _xlpm.uniqueFam,IF(_xlpm.famMatch="","",_xlfn.UNIQUE(_xlpm.famMatch)), _xlpm.numUniqueFam,IF(_xlpm.uniqueFam="",0,ROWS(_xlpm.uniqueFam)), _xlpm.resultFam,IF(_xlpm.numUniqueFam=1,INDEX(_xlpm.uniqueFam,1),IF(_xlpm.numUniqueFam>=1,_xlpm.fam,"")), _xlpm.sfMatch,IFERROR(_xlfn._xlws.FILTER(ClassificationClasses[Classification Class],(ClassificationClasses[Class]=_xlpm.cls)*(ClassificationClasses[Order]=_xlpm.ord)*(ClassificationClasses[Suborder]=_xlpm.subord)*(ClassificationClasses[Infraorder]=_xlpm.infr)*(ClassificationClasses[Superfamily]=_xlpm.sf),""),""), _xlpm.uniqueSf,IF(_xlpm.sfMatch="","",_xlfn.UNIQUE(_xlpm.sfMatch)), _xlpm.numUniqueSf,IF(_xlpm.uniqueSf="",0,ROWS(_xlpm.uniqueSf)), _xlpm.resultSf,IF(_xlpm.numUniqueSf=1,INDEX(_xlpm.uniqueSf,1),IF(_xlpm.numUniqueSf>=1,_xlpm.sf,"")), _xlpm.computedResult,IF(AND(_xlpm.fam="#N/C",_xlpm.subfam="#N/C"),_xlpm.sf,IF(_xlpm.resultSubfam<>"",_xlpm.resultSubfam,IF(_xlpm.resultFam<>"",_xlpm.resultFam,IF(_xlpm.resultSf<>"",_xlpm.resultSf,"")))), _xlpm.fallback,IF(IFERROR(B45,"#N/C")="#N/C",A45,IF(IFERROR(C45,"#N/C")="#N/C",B45,IF(IFERROR(D45,"#N/C")="#N/C",C45,IF(IFERROR(E45,"#N/C")="#N/C",D45,IF(IFERROR(F45,"#N/C")="#N/C",E45,IF(IFERROR(G45,"#N/C")="#N/C",F45,"#N/C")))))), _xlpm.finalResult,IF(OR(_xlpm.computedResult="",_xlpm.computedResult="#N/C"),_xlpm.fallback,_xlpm.computedResult), INDEX(_xlpm.finalResult,1))} -> fruit_fly | K45: =+CONCATENATE(A45,".",B45,".",C45,".",D45,".",E45,".",F45,".",G45,".",H45,".",I45) -> Insecta.Diptera.Brachycera.Muscomorpha.Ephydroidea.Drosophilidae.Drosophilinae.Chymomyza.#N/C | L45: =+COUNTIF(Monitoring!#REF!,K45) -> #REF!
A46: Insecta | B46: Diptera | C46: Brachycera | D46: =+IFERROR(IF(E46="#N/C","#N/C",INDEX('ClassificationClasses'!D:D,MATCH(E46,'ClassificationClasses'!E:E,0))),"ERROR") -> Muscomorpha | E46: Ephydroidea | F46: Drosophilidae | G46: Drosophilinae | H46: Chymomyza | I46: amoena | J46: {=_xlfn.LET(_xlpm.cls,A46, _xlpm.ord,IFERROR(B46,"#N/C"), _xlpm.subord,IFERROR(C46,"#N/C"), _xlpm.infr,IFERROR(D46,"#N/C"), _xlpm.sf,IFERROR(E46,"#N/C"), _xlpm.fam,IFERROR(F46,"#N/C"), _xlpm.subfam,IF(TRIM(G46)="-","#N/C",IFERROR(G46,"#N/C")), _xlpm.subfamMatch,IFERROR(_xlfn._xlws.FILTER(ClassificationClasses[Classification Class],(ClassificationClasses[Class]=_xlpm.cls)*(ClassificationClasses[Order]=_xlpm.ord)*(ClassificationClasses[Suborder]=_xlpm.subord)*(ClassificationClasses[Infraorder]=_xlpm.infr)*(ClassificationClasses[Superfamily]=_xlpm.sf)*(ClassificationClasses[Family]=_xlpm.fam)*(ClassificationClasses[Subfamily]=_xlpm.subfam),""),""), _xlpm.uniqueSubfam,IF(_xlpm.subfamMatch="","",_xlfn.UNIQUE(_xlpm.subfamMatch)), _xlpm.numUniqueSubfam,IF(_xlpm.uniqueSubfam="",0,ROWS(_xlpm.uniqueSubfam)), _xlpm.resultSubfam,IF(_xlpm.numUniqueSubfam=1,INDEX(_xlpm.uniqueSubfam,1),IF(_xlpm.numUniqueSubfam>=1,_xlpm.subfam,"")), _xlpm.famMatch,IFERROR(_xlfn._xlws.FILTER(ClassificationClasses[Classification Class],(ClassificationClasses[Class]=_xlpm.cls)*(ClassificationClasses[Order]=_xlpm.ord)*(ClassificationClasses[Suborder]=_xlpm.subord)*(ClassificationClasses[Infraorder]=_xlpm.infr)*(ClassificationClasses[Superfamily]=_xlpm.sf)*(ClassificationClasses[Family]=_xlpm.fam),""),""), _xlpm.uniqueFam,IF(_xlpm.famMatch="","",_xlfn.UNIQUE(_xlpm.famMatch)), _xlpm.numUniqueFam,IF(_xlpm.uniqueFam="",0,ROWS(_xlpm.uniqueFam)), _xlpm.resultFam,IF(_xlpm.numUniqueFam=1,INDEX(_xlpm.uniqueFam,1),IF(_xlpm.numUniqueFam>=1,_xlpm.fam,"")), _xlpm.sfMatch,IFERROR(_xlfn._xlws.FILTER(ClassificationClasses[Classification Class],(ClassificationClasses[Class]=_xlpm.cls)*(ClassificationClasses[Order]=_xlpm.ord)*(ClassificationClasses[Suborder]=_xlpm.subord)*(ClassificationClasses[Infraorder]=_xlpm.infr)*(ClassificationClasses[Superfamily]=_xlpm.sf),""),""), _xlpm.uniqueSf,IF(_xlpm.sfMatch="","",_xlfn.UNIQUE(_xlpm.sfMatch)), _xlpm.numUniqueSf,IF(_xlpm.uniqueSf="",0,ROWS(_xlpm.uniqueSf)), _xlpm.resultSf,IF(_xlpm.numUniqueSf=1,INDEX(_xlpm.uniqueSf,1),IF(_xlpm.numUniqueSf>=1,_xlpm.sf,"")), _xlpm.computedResult,IF(AND(_xlpm.fam="#N/C",_xlpm.subfam="#N/C"),_xlpm.sf,IF(_xlpm.resultSubfam<>"",_xlpm.resultSubfam,IF(_xlpm.resultFam<>"",_xlpm.resultFam,IF(_xlpm.resultSf<>"",_xlpm.resultSf,"")))), _xlpm.fallback,IF(IFERROR(B46,"#N/C")="#N/C",A46,IF(IFERROR(C46,"#N/C")="#N/C",B46,IF(IFERROR(D46,"#N/C")="#N/C",C46,IF(IFERROR(E46,"#N/C")="#N/C",D46,IF(IFERROR(F46,"#N/C")="#N/C",E46,IF(IFERROR(G46,"#N/C")="#N/C",F46,"#N/C")))))), _xlpm.finalResult,IF(OR(_xlpm.computedResult="",_xlpm.computedResult="#N/C"),_xlpm.fallback,_xlpm.computedResult), INDEX(_xlpm.finalResult,1))} -> fruit_fly | K46: =+CONCATENATE(A46,".",B46,".",C46,".",D46,".",E46,".",F46,".",G46,".",H46,".",I46) -> Insecta.Diptera.Brachycera.Muscomorpha.Ephydroidea.Drosophilidae.Drosophilinae.Chymomyza.amoena | L46: =+COUNTIF(Monitoring!#REF!,K46) -> #REF!
... A55: Insecta | B55: Diptera | C55: Brachycera | D55: =+IFERROR(IF(E55="#N/C","#N/C",INDEX('ClassificationClasses'!D:D,MATCH(E55,'ClassificationClasses'!E:E,0))),"ERROR") -> Muscomorpha | E55: Muscoidea | F55: Anthomyiidae | G55: Anthomyiinae | H55: Fucellia | I55: #N/C | J55: {=_xlfn.LET(_xlpm.cls,A55, _xlpm.ord,IFERROR(B55,"#N/C"), _xlpm.subord,IFERROR(C55,"#N/C"), _xlpm.infr,IFERROR(D55,"#N/C"), _xlpm.sf,IFERROR(E55,"#N/C"), _xlpm.fam,IFERROR(F55,"#N/C"), _xlpm.subfam,IF(TRIM(G55)="-","#N/C",IFERROR(G55,"#N/C")), _xlpm.subfamMatch,IFERROR(_xlfn._xlws.FILTER(ClassificationClasses[Classification Class],(ClassificationClasses[Class]=_xlpm.cls)*(ClassificationClasses[Order]=_xlpm.ord)*(ClassificationClasses[Suborder]=_xlpm.subord)*(ClassificationClasses[Infraorder]=_xlpm.infr)*(ClassificationClasses[Superfamily]=_xlpm.sf)*(ClassificationClasses[Family]=_xlpm.fam)*(ClassificationClasses[Subfamily]=_xlpm.subfam),""),""), _xlpm.uniqueSubfam,IF(_xlpm.subfamMatch="","",_xlfn.UNIQUE(_xlpm.subfamMatch)), _xlpm.numUniqueSubfam,IF(_xlpm.uniqueSubfam="",0,ROWS(_xlpm.uniqueSubfam)), _xlpm.resultSubfam,IF(_xlpm.numUniqueSubfam=1,INDEX(_xlpm.uniqueSubfam,1),IF(_xlpm.numUniqueSubfam>=1,_xlpm.subfam,"")), _xlpm.famMatch,IFERROR(_xlfn._xlws.FILTER(ClassificationClasses[Classification Class],(ClassificationClasses[Class]=_xlpm.cls)*(ClassificationClasses[Order]=_xlpm.ord)*(ClassificationClasses[Suborder]=_xlpm.subord)*(ClassificationClasses[Infraorder]=_xlpm.infr)*(ClassificationClasses[Superfamily]=_xlpm.sf)*(ClassificationClasses[Family]=_xlpm.fam),""),""), _xlpm.uniqueFam,IF(_xlpm.famMatch="","",_xlfn.UNIQUE(_xlpm.famMatch)), _xlpm.numUniqueFam,IF(_xlpm.uniqueFam="",0,ROWS(_xlpm.uniqueFam)), _xlpm.resultFam,IF(_xlpm.numUniqueFam=1,INDEX(_xlpm.uniqueFam,1),IF(_xlpm.numUniqueFam>=1,_xlpm.fam,"")), _xlpm.sfMatch,IFERROR(_xlfn._xlws.FILTER(ClassificationClasses[Classification Class],(ClassificationClasses[Class]=_xlpm.cls)*(ClassificationClasses[Order]=_xlpm.ord)*(ClassificationClasses[Suborder]=_xlpm.subord)*(ClassificationClasses[Infraorder]=_xlpm.infr)*(ClassificationClasses[Superfamily]=_xlpm.sf),""),""), _xlpm.uniqueSf,IF(_xlpm.sfMatch="","",_xlfn.UNIQUE(_xlpm.sfMatch)), _xlpm.numUniqueSf,IF(_xlpm.uniqueSf="",0,ROWS(_xlpm.uniqueSf)), _xlpm.resultSf,IF(_xlpm.numUniqueSf=1,INDEX(_xlpm.uniqueSf,1),IF(_xlpm.numUniqueSf>=1,_xlpm.sf,"")), _xlpm.computedResult,IF(AND(_xlpm.fam="#N/C",_xlpm.subfam="#N/C"),_xlpm.sf,IF(_xlpm.resultSubfam<>"",_xlpm.resultSubfam,IF(_xlpm.resultFam<>"",_xlpm.resultFam,IF(_xlpm.resultSf<>"",_xlpm.resultSf,"")))), _xlpm.fallback,IF(IFERROR(B55,"#N/C")="#N/C",A55,IF(IFERROR(C55,"#N/C")="#N/C",B55,IF(IFERROR(D55,"#N/C")="#N/C",C55,IF(IFERROR(E55,"#N/C")="#N/C",D55,IF(IFERROR(F55,"#N/C")="#N/C",E55,IF(IFERROR(G55,"#N/C")="#N/C",F55,"#N/C")))))), _xlpm.finalResult,IF(OR(_xlpm.computedResult="",_xlpm.computedResult="#N/C"),_xlpm.fallback,_xlpm.computedResult), INDEX(_xlpm.finalResult,1))} -> fly | K55: =+CONCATENATE(A55,".",B55,".",C55,".",D55,".",E55,".",F55,".",G55,".",H55,".",I55) -> Insecta.Diptera.Brachycera.Muscomorpha.Muscoidea.Anthomyiidae.Anthomyiinae.Fucellia.#N/C | L55: =+COUNTIF(Monitoring!#REF!,K55) -> #REF!
A56: Insecta | B56: Diptera | C56: Brachycera | D56: =+IFERROR(IF(E56="#N/C","#N/C",INDEX('ClassificationClasses'!D:D,MATCH(E56,'ClassificationClasses'!E:E,0))),"ERROR") -> Muscomorpha | E56: Muscoidea | F56: Fanniidae | H56: Fannia | I56: #N/C | J56: {=_xlfn.LET(_xlpm.cls,A56, _xlpm.ord,IFERROR(B56,"#N/C"), _xlpm.subord,IFERROR(C56,"#N/C"), _xlpm.infr,IFERROR(D56,"#N/C"), _xlpm.sf,IFERROR(E56,"#N/C"), _xlpm.fam,IFERROR(F56,"#N/C"), _xlpm.subfam,IF(TRIM(G56)="-","#N/C",IFERROR(G56,"#N/C")), _xlpm.subfamMatch,IFERROR(_xlfn._xlws.FILTER(ClassificationClasses[Classification Class],(ClassificationClasses[Class]=_xlpm.cls)*(ClassificationClasses[Order]=_xlpm.ord)*(ClassificationClasses[Suborder]=_xlpm.subord)*(ClassificationClasses[Infraorder]=_xlpm.infr)*(ClassificationClasses[Superfamily]=_xlpm.sf)*(ClassificationClasses[Family]=_xlpm.fam)*(ClassificationClasses[Subfamily]=_xlpm.subfam),""),""), _xlpm.uniqueSubfam,IF(_xlpm.subfamMatch="","",_xlfn.UNIQUE(_xlpm.subfamMatch)), _xlpm.numUniqueSubfam,IF(_xlpm.uniqueSubfam="",0,ROWS(_xlpm.uniqueSubfam)), _xlpm.resultSubfam,IF(_xlpm.numUniqueSubfam=1,INDEX(_xlpm.uniqueSubfam,1),IF(_xlpm.numUniqueSubfam>=1,_xlpm.subfam,"")), _xlpm.famMatch,IFERROR(_xlfn._xlws.FILTER(ClassificationClasses[Classification Class],(ClassificationClasses[Class]=_xlpm.cls)*(ClassificationClasses[Order]=_xlpm.ord)*(ClassificationClasses[Suborder]=_xlpm.subord)*(ClassificationClasses[Infraorder]=_xlpm.infr)*(ClassificationClasses[Superfamily]=_xlpm.sf)*(ClassificationClasses[Family]=_xlpm.fam),""),""), _xlpm.uniqueFam,IF(_xlpm.famMatch="","",_xlfn.UNIQUE(_xlpm.famMatch)), _xlpm.numUniqueFam,IF(_xlpm.uniqueFam="",0,ROWS(_xlpm.uniqueFam)), _xlpm.resultFam,IF(_xlpm.numUniqueFam=1,INDEX(_xlpm.uniqueFam,1),IF(_xlpm.numUniqueFam>=1,_xlpm.fam,"")), _xlpm.sfMatch,IFERROR(_xlfn._xlws.FILTER(ClassificationClasses[Classification Class],(ClassificationClasses[Class]=_xlpm.cls)*(ClassificationClasses[Order]=_xlpm.ord)*(ClassificationClasses[Suborder]=_xlpm.subord)*(ClassificationClasses[Infraorder]=_xlpm.infr)*(ClassificationClasses[Superfamily]=_xlpm.sf),""),""), _xlpm.uniqueSf,IF(_xlpm.sfMatch="","",_xlfn.UNIQUE(_xlpm.sfMatch)), _xlpm.numUniqueSf,IF(_xlpm.uniqueSf="",0,ROWS(_xlpm.uniqueSf)), _xlpm.resultSf,IF(_xlpm.numUniqueSf=1,INDEX(_xlpm.uniqueSf,1),IF(_xlpm.numUniqueSf>=1,_xlpm.sf,"")), _xlpm.computedResult,IF(AND(_xlpm.fam="#N/C",_xlpm.subfam="#N/C"),_xlpm.sf,IF(_xlpm.resultSubfam<>"",_xlpm.resultSubfam,IF(_xlpm.resultFam<>"",_xlpm.resultFam,IF(_xlpm.resultSf<>"",_xlpm.resultSf,"")))), _xlpm.fallback,IF(IFERROR(B56,"#N/C")="#N/C",A56,IF(IFERROR(C56,"#N/C")="#N/C",B56,IF(IFERROR(D56,"#N/C")="#N/C",C56,IF(IFERROR(E56,"#N/C")="#N/C",D56,IF(IFERROR(F56,"#N/C")="#N/C",E56,IF(IFERROR(G56,"#N/C")="#N/C",F56,"#N/C")))))), _xlpm.finalResult,IF(OR(_xlpm.computedResult="",_xlpm.computedResult="#N/C"),_xlpm.fallback,_xlpm.computedResult), INDEX(_xlpm.finalResult,1))} -> fly | K56: =+CONCATENATE(A56,".",B56,".",C56,".",D56,".",E56,".",F56,".",G56,".",H56,".",I56) -> Insecta.Diptera.Brachycera.Muscomorpha.Muscoidea.Fanniidae..Fannia.#N/C | L56: =+COUNTIF(Monitoring!#REF!,K56) -> #REF!
A57: Insecta | B57: Diptera | C57: Brachycera | D57: =+IFERROR(IF(E57="#N/C","#N/C",INDEX('ClassificationClasses'!D:D,MATCH(E57,'ClassificationClasses'!E:E,0))),"ERROR") -> Muscomorpha | E57: Muscoidea | F57: Fanniidae | H57: Fannia | I57: canicularis | J57: {=_xlfn.LET(_xlpm.cls,A57, _xlpm.ord,IFERROR(B57,"#N/C"), _xlpm.subord,IFERROR(C57,"#N/C"), _xlpm.infr,IFERROR(D57,"#N/C"), _xlpm.sf,IFERROR(E57,"#N/C"), _xlpm.fam,IFERROR(F57,"#N/C"), _xlpm.subfam,IF(TRIM(G57)="-","#N/C",IFERROR(G57,"#N/C")), _xlpm.subfamMatch,IFERROR(_xlfn._xlws.FILTER(ClassificationClasses[Classification Class],(ClassificationClasses[Class]=_xlpm.cls)*(ClassificationClasses[Order]=_xlpm.ord)*(ClassificationClasses[Suborder]=_xlpm.subord)*(ClassificationClasses[Infraorder]=_xlpm.infr)*(ClassificationClasses[Superfamily]=_xlpm.sf)*(ClassificationClasses[Family]=_xlpm.fam)*(ClassificationClasses[Subfamily]=_xlpm.subfam),""),""), _xlpm.uniqueSubfam,IF(_xlpm.subfamMatch="","",_xlfn.UNIQUE(_xlpm.subfamMatch)), _xlpm.numUniqueSubfam,IF(_xlpm.uniqueSubfam="",0,ROWS(_xlpm.uniqueSubfam)), _xlpm.resultSubfam,IF(_xlpm.numUniqueSubfam=1,INDEX(_xlpm.uniqueSubfam,1),IF(_xlpm.numUniqueSubfam>=1,_xlpm.subfam,"")), _xlpm.famMatch,IFERROR(_xlfn._xlws.FILTER(ClassificationClasses[Classification Class],(ClassificationClasses[Class]=_xlpm.cls)*(ClassificationClasses[Order]=_xlpm.ord)*(ClassificationClasses[Suborder]=_xlpm.subord)*(ClassificationClasses[Infraorder]=_xlpm.infr)*(ClassificationClasses[Superfamily]=_xlpm.sf)*(ClassificationClasses[Family]=_xlpm.fam),""),""), _xlpm.uniqueFam,IF(_xlpm.famMatch="","",_xlfn.UNIQUE(_xlpm.famMatch)), _xlpm.numUniqueFam,IF(_xlpm.uniqueFam="",0,ROWS(_xlpm.uniqueFam)), _xlpm.resultFam,IF(_xlpm.numUniqueFam=1,INDEX(_xlpm.uniqueFam,1),IF(_xlpm.numUniqueFam>=1,_xlpm.fam,"")), _xlpm.sfMatch,IFERROR(_xlfn._xlws.FILTER(ClassificationClasses[Classification Class],(ClassificationClasses[Class]=_xlpm.cls)*(ClassificationClasses[Order]=_xlpm.ord)*(ClassificationClasses[Suborder]=_xlpm.subord)*(ClassificationClasses[Infraorder]=_xlpm.infr)*(ClassificationClasses[Superfamily]=_xlpm.sf),""),""), _xlpm.uniqueSf,IF(_xlpm.sfMatch="","",_xlfn.UNIQUE(_xlpm.sfMatch)), _xlpm.numUniqueSf,IF(_xlpm.uniqueSf="",0,ROWS(_xlpm.uniqueSf)), _xlpm.resultSf,IF(_xlpm.numUniqueSf=1,INDEX(_xlpm.uniqueSf,1),IF(_xlpm.numUniqueSf>=1,_xlpm.sf,"")), _xlpm.computedResult,IF(AND(_xlpm.fam="#N/C",_xlpm.subfam="#N/C"),_xlpm.sf,IF(_xlpm.resultSubfam<>"",_xlpm.resultSubfam,IF(_xlpm.resultFam<>"",_xlpm.resultFam,IF(_xlpm.resultSf<>"",_xlpm.resultSf,"")))), _xlpm.fallback,IF(IFERROR(B57,"#N/C")="#N/C",A57,IF(IFERROR(C57,"#N/C")="#N/C",B57,IF(IFERROR(D57,"#N/C")="#N/C",C57,IF(IFERROR(E57,"#N/C")="#N/C",D57,IF(IFERROR(F57,"#N/C")="#N/C",E57,IF(IFERROR(G57,"#N/C")="#N/C",F57,"#N/C")))))), _xlpm.finalResult,IF(OR(_xlpm.computedResult="",_xlpm.computedResult="#N/C"),_xlpm.fallback,_xlpm.computedResult), INDEX(_xlpm.finalResult,1))} -> fly | K57: =+CONCATENATE(A57,".",B57,".",C57,".",D57,".",E57,".",F57,".",G57,".",H57,".",I57) -> Insecta.Diptera.Brachycera.Muscomorpha.Muscoidea.Fanniidae..Fannia.canicularis | L57: =+COUNTIF(Monitoring!#REF!,K57) -> #REF!
A58: Insecta | B58: Diptera | C58: Brachycera | D58: =+IFERROR(IF(E58="#N/C","#N/C",INDEX('ClassificationClasses'!D:D,MATCH(E58,'ClassificationClasses'!E:E,0))),"ERROR") -> Muscomorpha | E58: Muscoidea | F58: Muscidae | G58: #N/C | H58: #N/C | I58: #N/C | J58: {=_xlfn.LET(_xlpm.cls,A58, _xlpm.ord,IFERROR(B58,"#N/C"), _xlpm.subord,IFERROR(C58,"#N/C"), _xlpm.infr,IFERROR(D58,"#N/C"), _xlpm.sf,IFERROR(E58,"#N/C"), _xlpm.fam,IFERROR(F58,"#N/C"), _xlpm.subfam,IF(TRIM(G58)="-","#N/C",IFERROR(G58,"#N/C")), _xlpm.subfamMatch,IFERROR(_xlfn._xlws.FILTER(ClassificationClasses[Classification Class],(ClassificationClasses[Class]=_xlpm.cls)*(ClassificationClasses[Order]=_xlpm.ord)*(ClassificationClasses[Suborder]=_xlpm.subord)*(ClassificationClasses[Infraorder]=_xlpm.infr)*(ClassificationClasses[Superfamily]=_xlpm.sf)*(ClassificationClasses[Family]=_xlpm.fam)*(ClassificationClasses[Subfamily]=_xlpm.subfam),""),""), _xlpm.uniqueSubfam,IF(_xlpm.subfamMatch="","",_xlfn.UNIQUE(_xlpm.subfamMatch)), _xlpm.numUniqueSubfam,IF(_xlpm.uniqueSubfam="",0,ROWS(_xlpm.uniqueSubfam)), _xlpm.resultSubfam,IF(_xlpm.numUniqueSubfam=1,INDEX(_xlpm.uniqueSubfam,1),IF(_xlpm.numUniqueSubfam>=1,_xlpm.subfam,"")), _xlpm.famMatch,IFERROR(_xlfn._xlws.FILTER(ClassificationClasses[Classification Class],(ClassificationClasses[Class]=_xlpm.cls)*(ClassificationClasses[Order]=_xlpm.ord)*(ClassificationClasses[Suborder]=_xlpm.subord)*(ClassificationClasses[Infraorder]=_xlpm.infr)*(ClassificationClasses[Superfamily]=_xlpm.sf)*(ClassificationClasses[Family]=_xlpm.fam),""),""), _xlpm.uniqueFam,IF(_xlpm.famMatch="","",_xlfn.UNIQUE(_xlpm.famMatch)), _xlpm.numUniqueFam,IF(_xlpm.uniqueFam="",0,ROWS(_xlpm.uniqueFam)), _xlpm.resultFam,IF(_xlpm.numUniqueFam=1,INDEX(_xlpm.uniqueFam,1),IF(_xlpm.numUniqueFam>=1,_xlpm.fam,"")), _xlpm.sfMatch,IFERROR(_xlfn._xlws.FILTER(ClassificationClasses[Classification Class],(ClassificationClasses[Class]=_xlpm.cls)*(ClassificationClasses[Order]=_xlpm.ord)*(ClassificationClasses[Suborder]=_xlpm.subord)*(ClassificationClasses[Infraorder]=_xlpm.infr)*(ClassificationClasses[Superfamily]=_xlpm.sf),""),""), _xlpm.uniqueSf,IF(_xlpm.sfMatch="","",_xlfn.UNIQUE(_xlpm.sfMatch)), _xlpm.numUniqueSf,IF(_xlpm.uniqueSf="",0,ROWS(_xlpm.uniqueSf)), _xlpm.resultSf,IF(_xlpm.numUniqueSf=1,INDEX(_xlpm.uniqueSf,1),IF(_xlpm.numUniqueSf>=1,_xlpm.sf,"")), _xlpm.computedResult,IF(AND(_xlpm.fam="#N/C",_xlpm.subfam="#N/C"),_xlpm.sf,IF(_xlpm.resultSubfam<>"",_xlpm.resultSubfam,IF(_xlpm.resultFam<>"",_xlpm.resultFam,IF(_xlpm.resultSf<>"",_xlpm.resultSf,"")))), _xlpm.fallback,IF(IFERROR(B58,"#N/C")="#N/C",A58,IF(IFERROR(C58,"#N/C")="#N/C",B58,IF(IFERROR(D58,"#N/C")="#N/C",C58,IF(IFERROR(E58,"#N/C")="#N/C",D58,IF(IFERROR(F58,"#N/C")="#N/C",E58,IF(IFERROR(G58,"#N/C")="#N/C",F58,"#N/C")))))), _xlpm.finalResult,IF(OR(_xlpm.computedResult="",_xlpm.computedResult="#N/C"),_xlpm.fallback,_xlpm.computedResult), INDEX(_xlpm.finalResult,1))} -> fly | K58: =+CONCATENATE(A58,".",B58,".",C58,".",D58,".",E58,".",F58,".",G58,".",H58,".",I58) -> Insecta.Diptera.Brachycera.Muscomorpha.Muscoidea.Muscidae.#N/C.#N/C.#N/C | L58: =+COUNTIF(Monitoring!#REF!,K58) -> #REF!
A59: Insecta | B59: Diptera | C59: Brachycera | D59: =+IFERROR(IF(E59="#N/C","#N/C",INDEX('ClassificationClasses'!D:D,MATCH(E59,'ClassificationClasses'!E:E,0))),"ERROR") -> Muscomorpha | E59: Muscoidea | F59: Muscidae | G59: Coenosiinae | H59: Coenosia | I59: #N/C | J59: {=_xlfn.LET(_xlpm.cls,A59, _xlpm.ord,IFERROR(B59,"#N/C"), _xlpm.subord,IFERROR(C59,"#N/C"), _xlpm.infr,IFERROR(D59,"#N/C"), _xlpm.sf,IFERROR(E59,"#N/C"), _xlpm.fam,IFERROR(F59,"#N/C"), _xlpm.subfam,IF(TRIM(G59)="-","#N/C",IFERROR(G59,"#N/C")), _xlpm.subfamMatch,IFERROR(_xlfn._xlws.FILTER(ClassificationClasses[Classification Class],(ClassificationClasses[Class]=_xlpm.cls)*(ClassificationClasses[Order]=_xlpm.ord)*(ClassificationClasses[Suborder]=_xlpm.subord)*(ClassificationClasses[Infraorder]=_xlpm.infr)*(ClassificationClasses[Superfamily]=_xlpm.sf)*(ClassificationClasses[Family]=_xlpm.fam)*(ClassificationClasses[Subfamily]=_xlpm.subfam),""),""), _xlpm.uniqueSubfam,IF(_xlpm.subfamMatch="","",_xlfn.UNIQUE(_xlpm.subfamMatch)), _xlpm.numUniqueSubfam,IF(_xlpm.uniqueSubfam="",0,ROWS(_xlpm.uniqueSubfam)), _xlpm.resultSubfam,IF(_xlpm.numUniqueSubfam=1,INDEX(_xlpm.uniqueSubfam,1),IF(_xlpm.numUniqueSubfam>=1,_xlpm.subfam,"")), _xlpm.famMatch,IFERROR(_xlfn._xlws.FILTER(ClassificationClasses[Classification Class],(ClassificationClasses[Class]=_xlpm.cls)*(ClassificationClasses[Order]=_xlpm.ord)*(ClassificationClasses[Suborder]=_xlpm.subord)*(ClassificationClasses[Infraorder]=_xlpm.infr)*(ClassificationClasses[Superfamily]=_xlpm.sf)*(ClassificationClasses[Family]=_xlpm.fam),""),""), _xlpm.uniqueFam,IF(_xlpm.famMatch="","",_xlfn.UNIQUE(_xlpm.famMatch)), _xlpm.numUniqueFam,IF(_xlpm.uniqueFam="",0,ROWS(_xlpm.uniqueFam)), _xlpm.resultFam,IF(_xlpm.numUniqueFam=1,INDEX(_xlpm.uniqueFam,1),IF(_xlpm.numUniqueFam>=1,_xlpm.fam,"")), _xlpm.sfMatch,IFERROR(_xlfn._xlws.FILTER(ClassificationClasses[Classification Class],(ClassificationClasses[Class]=_xlpm.cls)*(ClassificationClasses[Order]=_xlpm.ord)*(ClassificationClasses[Suborder]=_xlpm.subord)*(ClassificationClasses[Infraorder]=_xlpm.infr)*(ClassificationClasses[Superfamily]=_xlpm.sf),""),""), _xlpm.uniqueSf,IF(_xlpm.sfMatch="","",_xlfn.UNIQUE(_xlpm.sfMatch)), _xlpm.numUniqueSf,IF(_xlpm.uniqueSf="",0,ROWS(_xlpm.uniqueSf)), _xlpm.resultSf,IF(_xlpm.numUniqueSf=1,INDEX(_xlpm.uniqueSf,1),IF(_xlpm.numUniqueSf>=1,_xlpm.sf,"")), _xlpm.computedResult,IF(AND(_xlpm.fam="#N/C",_xlpm.subfam="#N/C"),_xlpm.sf,IF(_xlpm.resultSubfam<>"",_xlpm.resultSubfam,IF(_xlpm.resultFam<>"",_xlpm.resultFam,IF(_xlpm.resultSf<>"",_xlpm.resultSf,"")))), _xlpm.fallback,IF(IFERROR(B59,"#N/C")="#N/C",A59,IF(IFERROR(C59,"#N/C")="#N/C",B59,IF(IFERROR(D59,"#N/C")="#N/C",C59,IF(IFERROR(E59,"#N/C")="#N/C",D59,IF(IFERROR(F59,"#N/C")="#N/C",E59,IF(IFERROR(G59,"#N/C")="#N/C",F59,"#N/C")))))), _xlpm.finalResult,IF(OR(_xlpm.computedResult="",_xlpm.computedResult="#N/C"),_xlpm.fallback,_xlpm.computedResult), INDEX(_xlpm.finalResult,1))} -> fly | K59: =+CONCATENATE(A59,".",B59,".",C59,".",D59,".",E59,".",F59,".",G59,".",H59,".",I59) -> Insecta.Diptera.Brachycera.Muscomorpha.Muscoidea.Muscidae.Coenosiinae.Coenosia.#N/C | L59: =+COUNTIF(Monitoring!#REF!,K59) -> #REF!
A60: Insecta | B60: Diptera | C60: Brachycera | D60: =+IFERROR(IF(E60="#N/C","#N/C",INDEX('ClassificationClasses'!D:D,MATCH(E60,'ClassificationClasses'!E:E,0))),"ERROR") -> Muscomorpha | E60: Muscoidea | F60: Muscidae | G60: Muscinae | H60: Mesembrina | I60: meridiana | J60: {=_xlfn.LET(_xlpm.cls,A60, _xlpm.ord,IFERROR(B60,"#N/C"), _xlpm.subord,IFERROR(C60,"#N/C"), _xlpm.infr,IFERROR(D60,"#N/C"), _xlpm.sf,IFERROR(E60,"#N/C"), _xlpm.fam,IFERROR(F60,"#N/C"), _xlpm.subfam,IF(TRIM(G60)="-","#N/C",IFERROR(G60,"#N/C")), _xlpm.subfamMatch,IFERROR(_xlfn._xlws.FILTER(ClassificationClasses[Classification Class],(ClassificationClasses[Class]=_xlpm.cls)*(ClassificationClasses[Order]=_xlpm.ord)*(ClassificationClasses[Suborder]=_xlpm.subord)*(ClassificationClasses[Infraorder]=_xlpm.infr)*(ClassificationClasses[Superfamily]=_xlpm.sf)*(ClassificationClasses[Family]=_xlpm.fam)*(ClassificationClasses[Subfamily]=_xlpm.subfam),""),""), _xlpm.uniqueSubfam,IF(_xlpm.subfamMatch="","",_xlfn.UNIQUE(_xlpm.subfamMatch)), _xlpm.numUniqueSubfam,IF(_xlpm.uniqueSubfam="",0,ROWS(_xlpm.uniqueSubfam)), _xlpm.resultSubfam,IF(_xlpm.numUniqueSubfam=1,INDEX(_xlpm.uniqueSubfam,1),IF(_xlpm.numUniqueSubfam>=1,_xlpm.subfam,"")), _xlpm.famMatch,IFERROR(_xlfn._xlws.FILTER(ClassificationClasses[Classification Class],(ClassificationClasses[Class]=_xlpm.cls)*(ClassificationClasses[Order]=_xlpm.ord)*(ClassificationClasses[Suborder]=_xlpm.subord)*(ClassificationClasses[Infraorder]=_xlpm.infr)*(ClassificationClasses[Superfamily]=_xlpm.sf)*(ClassificationClasses[Family]=_xlpm.fam),""),""), _xlpm.uniqueFam,IF(_xlpm.famMatch="","",_xlfn.UNIQUE(_xlpm.famMatch)), _xlpm.numUniqueFam,IF(_xlpm.uniqueFam="",0,ROWS(_xlpm.uniqueFam)), _xlpm.resultFam,IF(_xlpm.numUniqueFam=1,INDEX(_xlpm.uniqueFam,1),IF(_xlpm.numUniqueFam>=1,_xlpm.fam,"")), _xlpm.sfMatch,IFERROR(_xlfn._xlws.FILTER(ClassificationClasses[Classification Class],(ClassificationClasses[Class]=_xlpm.cls)*(ClassificationClasses[Order]=_xlpm.ord)*(ClassificationClasses[Suborder]=_xlpm.subord)*(ClassificationClasses[Infraorder]=_xlpm.infr)*(ClassificationClasses[Superfamily]=_xlpm.sf),""),""), _xlpm.uniqueSf,IF(_xlpm.sfMatch="","",_xlfn.UNIQUE(_xlpm.sfMatch)), _xlpm.numUniqueSf,IF(_xlpm.uniqueSf="",0,ROWS(_xlpm.uniqueSf)), _xlpm.resultSf,IF(_xlpm.numUniqueSf=1,INDEX(_xlpm.uniqueSf,1),IF(_xlpm.numUniqueSf>=1,_xlpm.sf,"")), _xlpm.computedResult,IF(AND(_xlpm.fam="#N/C",_xlpm.subfam="#N/C"),_xlpm.sf,IF(_xlpm.resultSubfam<>"",_xlpm.resultSubfam,IF(_xlpm.resultFam<>"",_xlpm.resultFam,IF(_xlpm.resultSf<>"",_xlpm.resultSf,"")))), _xlpm.fallback,IF(IFERROR(B60,"#N/C")="#N/C",A60,IF(IFERROR(C60,"#N/C")="#N/C",B60,IF(IFERROR(D60,"#N/C")="#N/C",C60,IF(IFERROR(E60,"#N/C")="#N/C",D60,IF(IFERROR(F60,"#N/C")="#N/C",E60,IF(IFERROR(G60,"#N/C")="#N/C",F60,"#N/C")))))), _xlpm.finalResult,IF(OR(_xlpm.computedResult="",_xlpm.computedResult="#N/C"),_xlpm.fallback,_xlpm.computedResult), INDEX(_xlpm.finalResult,1))} -> fly | K60: =+CONCATENATE(A60,".",B60,".",C60,".",D60,".",E60,".",F60,".",G60,".",H60,".",I60) -> Insecta.Diptera.Brachycera.Muscomorpha.Muscoidea.Muscidae.Muscinae.Mesembrina.meridiana | L60: =+COUNTIF(Monitoring!#REF!,K60) -> #REF!
A61: Insecta | B61: Diptera | C61: Brachycera | D61: =+IFERROR(IF(E61="#N/C","#N/C",INDEX('ClassificationClasses'!D:D,MATCH(E61,'ClassificationClasses'!E:E,0))),"ERROR") -> Muscomorpha | E61: Muscoidea | F61: Muscidae | G61: Muscinae | H61: Musca | I61: #N/C | J61: {=_xlfn.LET(_xlpm.cls,A61, _xlpm.ord,IFERROR(B61,"#N/C"), _xlpm.subord,IFERROR(C61,"#N/C"), _xlpm.infr,IFERROR(D61,"#N/C"), _xlpm.sf,IFERROR(E61,"#N/C"), _xlpm.fam,IFERROR(F61,"#N/C"), _xlpm.subfam,IF(TRIM(G61)="-","#N/C",IFERROR(G61,"#N/C")), _xlpm.subfamMatch,IFERROR(_xlfn._xlws.FILTER(ClassificationClasses[Classification Class],(ClassificationClasses[Class]=_xlpm.cls)*(ClassificationClasses[Order]=_xlpm.ord)*(ClassificationClasses[Suborder]=_xlpm.subord)*(ClassificationClasses[Infraorder]=_xlpm.infr)*(ClassificationClasses[Superfamily]=_xlpm.sf)*(ClassificationClasses[Family]=_xlpm.fam)*(ClassificationClasses[Subfamily]=_xlpm.subfam),""),""), _xlpm.uniqueSubfam,IF(_xlpm.subfamMatch="","",_xlfn.UNIQUE(_xlpm.subfamMatch)), _xlpm.numUniqueSubfam,IF(_xlpm.uniqueSubfam="",0,ROWS(_xlpm.uniqueSubfam)), _xlpm.resultSubfam,IF(_xlpm.numUniqueSubfam=1,INDEX(_xlpm.uniqueSubfam,1),IF(_xlpm.numUniqueSubfam>=1,_xlpm.subfam,"")), _xlpm.famMatch,IFERROR(_xlfn._xlws.FILTER(ClassificationClasses[Classification Class],(ClassificationClasses[Class]=_xlpm.cls)*(ClassificationClasses[Order]=_xlpm.ord)*(ClassificationClasses[Suborder]=_xlpm.subord)*(ClassificationClasses[Infraorder]=_xlpm.infr)*(ClassificationClasses[Superfamily]=_xlpm.sf)*(ClassificationClasses[Family]=_xlpm.fam),""),""), _xlpm.uniqueFam,IF(_xlpm.famMatch="","",_xlfn.UNIQUE(_xlpm.famMatch)), _xlpm.numUniqueFam,IF(_xlpm.uniqueFam="",0,ROWS(_xlpm.uniqueFam)), _xlpm.resultFam,IF(_xlpm.numUniqueFam=1,INDEX(_xlpm.uniqueFam,1),IF(_xlpm.numUniqueFam>=1,_xlpm.fam,"")), _xlpm.sfMatch,IFERROR(_xlfn._xlws.FILTER(ClassificationClasses[Classification Class],(ClassificationClasses[Class]=_xlpm.cls)*(ClassificationClasses[Order]=_xlpm.ord)*(ClassificationClasses[Suborder]=_xlpm.subord)*(ClassificationClasses[Infraorder]=_xlpm.infr)*(ClassificationClasses[Superfamily]=_xlpm.sf),""),""), _xlpm.uniqueSf,IF(_xlpm.sfMatch="","",_xlfn.UNIQUE(_xlpm.sfMatch)), _xlpm.numUniqueSf,IF(_xlpm.uniqueSf="",0,ROWS(_xlpm.uniqueSf)), _xlpm.resultSf,IF(_xlpm.numUniqueSf=1,INDEX(_xlpm.uniqueSf,1),IF(_xlpm.numUniqueSf>=1,_xlpm.sf,"")), _xlpm.computedResult,IF(AND(_xlpm.fam="#N/C",_xlpm.subfam="#N/C"),_xlpm.sf,IF(_xlpm.resultSubfam<>"",_xlpm.resultSubfam,IF(_xlpm.resultFam<>"",_xlpm.resultFam,IF(_xlpm.resultSf<>"",_xlpm.resultSf,"")))), _xlpm.fallback,IF(IFERROR(B61,"#N/C")="#N/C",A61,IF(IFERROR(C61,"#N/C")="#N/C",B61,IF(IFERROR(D61,"#N/C")="#N/C",C61,IF(IFERROR(E61,"#N/C")="#N/C",D61,IF(IFERROR(F61,"#N/C")="#N/C",E61,IF(IFERROR(G61,"#N/C")="#N/C",F61,"#N/C")))))), _xlpm.finalResult,IF(OR(_xlpm.computedResult="",_xlpm.computedResult="#N/C"),_xlpm.fallback,_xlpm.computedResult), INDEX(_xlpm.finalResult,1))} -> fly | K61: =+CONCATENATE(A61,".",B61,".",C61,".",D61,".",E61,".",F61,".",G61,".",H61,".",I61) -> Insecta.Diptera.Brachycera.Muscomorpha.Muscoidea.Muscidae.Muscinae.Musca.#N/C | L61: =+COUNTIF(Monitoring!#REF!,K61) -> #REF!
A62: Insecta | B62: Diptera | C62: Brachycera | D62: =+IFERROR(IF(E62="#N/C","#N/C",INDEX('ClassificationClasses'!D:D,MATCH(E62,'ClassificationClasses'!E:E,0))),"ERROR") -> Muscomorpha | E62: Muscoidea | F62: Muscidae | G62: Muscinae | H62: Musca | I62: domestica | J62: {=_xlfn.LET(_xlpm.cls,A62, _xlpm.ord,IFERROR(B62,"#N/C"), _xlpm.subord,IFERROR(C62,"#N/C"), _xlpm.infr,IFERROR(D62,"#N/C"), _xlpm.sf,IFERROR(E62,"#N/C"), _xlpm.fam,IFERROR(F62,"#N/C"), _xlpm.subfam,IF(TRIM(G62)="-","#N/C",IFERROR(G62,"#N/C")), _xlpm.subfamMatch,IFERROR(_xlfn._xlws.FILTER(ClassificationClasses[Classification Class],(ClassificationClasses[Class]=_xlpm.cls)*(ClassificationClasses[Order]=_xlpm.ord)*(ClassificationClasses[Suborder]=_xlpm.subord)*(ClassificationClasses[Infraorder]=_xlpm.infr)*(ClassificationClasses[Superfamily]=_xlpm.sf)*(ClassificationClasses[Family]=_xlpm.fam)*(ClassificationClasses[Subfamily]=_xlpm.subfam),""),""), _xlpm.uniqueSubfam,IF(_xlpm.subfamMatch="","",_xlfn.UNIQUE(_xlpm.subfamMatch)), _xlpm.numUniqueSubfam,IF(_xlpm.uniqueSubfam="",0,ROWS(_xlpm.uniqueSubfam)), _xlpm.resultSubfam,IF(_xlpm.numUniqueSubfam=1,INDEX(_xlpm.uniqueSubfam,1),IF(_xlpm.numUniqueSubfam>=1,_xlpm.subfam,"")), _xlpm.famMatch,IFERROR(_xlfn._xlws.FILTER(ClassificationClasses[Classification Class],(ClassificationClasses[Class]=_xlpm.cls)*(ClassificationClasses[Order]=_xlpm.ord)*(ClassificationClasses[Suborder]=_xlpm.subord)*(ClassificationClasses[Infraorder]=_xlpm.infr)*(ClassificationClasses[Superfamily]=_xlpm.sf)*(ClassificationClasses[Family]=_xlpm.fam),""),""), _xlpm.uniqueFam,IF(_xlpm.famMatch="","",_xlfn.UNIQUE(_xlpm.famMatch)), _xlpm.numUniqueFam,IF(_xlpm.uniqueFam="",0,ROWS(_xlpm.uniqueFam)), _xlpm.resultFam,IF(_xlpm.numUniqueFam=1,INDEX(_xlpm.uniqueFam,1),IF(_xlpm.numUniqueFam>=1,_xlpm.fam,"")), _xlpm.sfMatch,IFERROR(_xlfn._xlws.FILTER(ClassificationClasses[Classification Class],(ClassificationClasses[Class]=_xlpm.cls)*(ClassificationClasses[Order]=_xlpm.ord)*(ClassificationClasses[Suborder]=_xlpm.subord)*(ClassificationClasses[Infraorder]=_xlpm.infr)*(ClassificationClasses[Superfamily]=_xlpm.sf),""),""), _xlpm.uniqueSf,IF(_xlpm.sfMatch="","",_xlfn.UNIQUE(_xlpm.sfMatch)), _xlpm.numUniqueSf,IF(_xlpm.uniqueSf="",0,ROWS(_xlpm.uniqueSf)), _xlpm.resultSf,IF(_xlpm.numUniqueSf=1,INDEX(_xlpm.uniqueSf,1),IF(_xlpm.numUniqueSf>=1,_xlpm.sf,"")), _xlpm.computedResult,IF(AND(_xlpm.fam="#N/C",_xlpm.subfam="#N/C"),_xlpm.sf,IF(_xlpm.resultSubfam<>"",_xlpm.resultSubfam,IF(_xlpm.resultFam<>"",_xlpm.resultFam,IF(_xlpm.resultSf<>"",_xlpm.resultSf,"")))), _xlpm.fallback,IF(IFERROR(B62,"#N/C")="#N/C",A62,IF(IFERROR(C62,"#N/C")="#N/C",B62,IF(IFERROR(D62,"#N/C")="#N/C",C62,IF(IFERROR(E62,"#N/C")="#N/C",D62,IF(IFERROR(F62,"#N/C")="#N/C",E62,IF(IFERROR(G62,"#N/C")="#N/C",F62,"#N/C")))))), _xlpm.finalResult,IF(OR(_xlpm.computedResult="",_xlpm.computedResult="#N/C"),_xlpm.fallback,_xlpm.computedResult), INDEX(_xlpm.finalResult,1))} -> fly | K62: =+CONCATENATE(A62,".",B62,".",C62,".",D62,".",E62,".",F62,".",G62,".",H62,".",I62) -> Insecta.Diptera.Brachycera.Muscomorpha.Muscoidea.Muscidae.Muscinae.Musca.domestica | L62: =+COUNTIF(Monitoring!#REF!,K62) -> #REF!
A63: Insecta | B63: Diptera | C63: Brachycera | D63: =+IFERROR(IF(E63="#N/C","#N/C",INDEX('ClassificationClasses'!D:D,MATCH(E63,'ClassificationClasses'!E:E,0))),"ERROR") -> Muscomorpha | E63: Muscoidea | F63: Scathophagidae | G63: Scathophaginae | H63: Scathophaga | I63: #N/C | J63: {=_xlfn.LET(_xlpm.cls,A63, _xlpm.ord,IFERROR(B63,"#N/C"), _xlpm.subord,IFERROR(C63,"#N/C"), _xlpm.infr,IFERROR(D63,"#N/C"), _xlpm.sf,IFERROR(E63,"#N/C"), _xlpm.fam,IFERROR(F63,"#N/C"), _xlpm.subfam,IF(TRIM(G63)="-","#N/C",IFERROR(G63,"#N/C")), _xlpm.subfamMatch,IFERROR(_xlfn._xlws.FILTER(ClassificationClasses[Classification Class],(ClassificationClasses[Class]=_xlpm.cls)*(ClassificationClasses[Order]=_xlpm.ord)*(ClassificationClasses[Suborder]=_xlpm.subord)*(ClassificationClasses[Infraorder]=_xlpm.infr)*(ClassificationClasses[Superfamily]=_xlpm.sf)*(ClassificationClasses[Family]=_xlpm.fam)*(ClassificationClasses[Subfamily]=_xlpm.subfam),""),""), _xlpm.uniqueSubfam,IF(_xlpm.subfamMatch="","",_xlfn.UNIQUE(_xlpm.subfamMatch)), _xlpm.numUniqueSubfam,IF(_xlpm.uniqueSubfam="",0,ROWS(_xlpm.uniqueSubfam)), _xlpm.resultSubfam,IF(_xlpm.numUniqueSubfam=1,INDEX(_xlpm.uniqueSubfam,1),IF(_xlpm.numUniqueSubfam>=1,_xlpm.subfam,"")), _xlpm.famMatch,IFERROR(_xlfn._xlws.FILTER(ClassificationClasses[Classification Class],(ClassificationClasses[Class]=_xlpm.cls)*(ClassificationClasses[Order]=_xlpm.ord)*(ClassificationClasses[Suborder]=_xlpm.subord)*(ClassificationClasses[Infraorder]=_xlpm.infr)*(ClassificationClasses[Superfamily]=_xlpm.sf)*(ClassificationClasses[Family]=_xlpm.fam),""),""), _xlpm.uniqueFam,IF(_xlpm.famMatch="","",_xlfn.UNIQUE(_xlpm.famMatch)), _xlpm.numUniqueFam,IF(_xlpm.uniqueFam="",0,ROWS(_xlpm.uniqueFam)), _xlpm.resultFam,IF(_xlpm.numUniqueFam=1,INDEX(_xlpm.uniqueFam,1),IF(_xlpm.numUniqueFam>=1,_xlpm.fam,"")), _xlpm.sfMatch,IFERROR(_xlfn._xlws.FILTER(ClassificationClasses[Classification Class],(ClassificationClasses[Class]=_xlpm.cls)*(ClassificationClasses[Order]=_xlpm.ord)*(ClassificationClasses[Suborder]=_xlpm.subord)*(ClassificationClasses[Infraorder]=_xlpm.infr)*(ClassificationClasses[Superfamily]=_xlpm.sf),""),""), _xlpm.uniqueSf,IF(_xlpm.sfMatch="","",_xlfn.UNIQUE(_xlpm.sfMatch)), _xlpm.numUniqueSf,IF(_xlpm.uniqueSf="",0,ROWS(_xlpm.uniqueSf)), _xlpm.resultSf,IF(_xlpm.numUniqueSf=1,INDEX(_xlpm.uniqueSf,1),IF(_xlpm.numUniqueSf>=1,_xlpm.sf,"")), _xlpm.computedResult,IF(AND(_xlpm.fam="#N/C",_xlpm.subfam="#N/C"),_xlpm.sf,IF(_xlpm.resultSubfam<>"",_xlpm.resultSubfam,IF(_xlpm.resultFam<>"",_xlpm.resultFam,IF(_xlpm.resultSf<>"",_xlpm.resultSf,"")))), _xlpm.fallback,IF(IFERROR(B63,"#N/C")="#N/C",A63,IF(IFERROR(C63,"#N/C")="#N/C",B63,IF(IFERROR(D63,"#N/C")="#N/C",C63,IF(IFERROR(E63,"#N/C")="#N/C",D63,IF(IFERROR(F63,"#N/C")="#N/C",E63,IF(IFERROR(G63,"#N/C")="#N/C",F63,"#N/C")))))), _xlpm.finalResult,IF(OR(_xlpm.computedResult="",_xlpm.computedResult="#N/C"),_xlpm.fallback,_xlpm.computedResult), INDEX(_xlpm.finalResult,1))} -> dung_fly | K63: =+CONCATENATE(A63,".",B63,".",C63,".",D63,".",E63,".",F63,".",G63,".",H63,".",I63) -> Insecta.Diptera.Brachycera.Muscomorpha.Muscoidea.Scathophagidae.Scathophaginae.Scathophaga.#N/C | L63: =+COUNTIF(Monitoring!#REF!,K63) -> #REF!
A64: Insecta | B64: Diptera | C64: Brachycera | D64: =+IFERROR(IF(E64="#N/C","#N/C",INDEX('ClassificationClasses'!D:D,MATCH(E64,'ClassificationClasses'!E:E,0))),"ERROR") -> Muscomorpha | E64: Oestroidea | F64: #N/C | G64: #N/C | H64: #N/C | I64: #N/C | J64: {=_xlfn.LET(_xlpm.cls,A64, _xlpm.ord,IFERROR(B64,"#N/C"), _xlpm.subord,IFERROR(C64,"#N/C"), _xlpm.infr,IFERROR(D64,"#N/C"), _xlpm.sf,IFERROR(E64,"#N/C"), _xlpm.fam,IFERROR(F64,"#N/C"), _xlpm.subfam,IF(TRIM(G64)="-","#N/C",IFERROR(G64,"#N/C")), _xlpm.subfamMatch,IFERROR(_xlfn._xlws.FILTER(ClassificationClasses[Classification Class],(ClassificationClasses[Class]=_xlpm.cls)*(ClassificationClasses[Order]=_xlpm.ord)*(ClassificationClasses[Suborder]=_xlpm.subord)*(ClassificationClasses[Infraorder]=_xlpm.infr)*(ClassificationClasses[Superfamily]=_xlpm.sf)*(ClassificationClasses[Family]=_xlpm.fam)*(ClassificationClasses[Subfamily]=_xlpm.subfam),""),""), _xlpm.uniqueSubfam,IF(_xlpm.subfamMatch="","",_xlfn.UNIQUE(_xlpm.subfamMatch)), _xlpm.numUniqueSubfam,IF(_xlpm.uniqueSubfam="",0,ROWS(_xlpm.uniqueSubfam)), _xlpm.resultSubfam,IF(_xlpm.numUniqueSubfam=1,INDEX(_xlpm.uniqueSubfam,1),IF(_xlpm.numUniqueSubfam>=1,_xlpm.subfam,"")), _xlpm.famMatch,IFERROR(_xlfn._xlws.FILTER(ClassificationClasses[Classification Class],(ClassificationClasses[Class]=_xlpm.cls)*(ClassificationClasses[Order]=_xlpm.ord)*(ClassificationClasses[Suborder]=_xlpm.subord)*(ClassificationClasses[Infraorder]=_xlpm.infr)*(ClassificationClasses[Superfamily]=_xlpm.sf)*(ClassificationClasses[Family]=_xlpm.fam),""),""), _xlpm.uniqueFam,IF(_xlpm.famMatch="","",_xlfn.UNIQUE(_xlpm.famMatch)), _xlpm.numUniqueFam,IF(_xlpm.uniqueFam="",0,ROWS(_xlpm.uniqueFam)), _xlpm.resultFam,IF(_xlpm.numUniqueFam=1,INDEX(_xlpm.uniqueFam,1),IF(_xlpm.numUniqueFam>=1,_xlpm.fam,"")), _xlpm.sfMatch,IFERROR(_xlfn._xlws.FILTER(ClassificationClasses[Classification Class],(ClassificationClasses[Class]=_xlpm.cls)*(ClassificationClasses[Order]=_xlpm.ord)*(ClassificationClasses[Suborder]=_xlpm.subord)*(ClassificationClasses[Infraorder]=_xlpm.infr)*(ClassificationClasses[Superfamily]=_xlpm.sf),""),""), _xlpm.uniqueSf,IF(_xlpm.sfMatch="","",_xlfn.UNIQUE(_xlpm.sfMatch)), _xlpm.numUniqueSf,IF(_xlpm.uniqueSf="",0,ROWS(_xlpm.uniqueSf)), _xlpm.resultSf,IF(_xlpm.numUniqueSf=1,INDEX(_xlpm.uniqueSf,1),IF(_xlpm.numUniqueSf>=1,_xlpm.sf,"")), _xlpm.computedResult,IF(AND(_xlpm.fam="#N/C",_xlpm.subfam="#N/C"),_xlpm.sf,IF(_xlpm.resultSubfam<>"",_xlpm.resultSubfam,IF(_xlpm.resultFam<>"",_xlpm.resultFam,IF(_xlpm.resultSf<>"",_xlpm.resultSf,"")))), _xlpm.fallback,IF(IFERROR(B64,"#N/C")="#N/C",A64,IF(IFERROR(C64,"#N/C")="#N/C",B64,IF(IFERROR(D64,"#N/C")="#N/C",C64,IF(IFERROR(E64,"#N/C")="#N/C",D64,IF(IFERROR(F64,"#N/C")="#N/C",E64,IF(IFERROR(G64,"#N/C")="#N/C",F64,"#N/C")))))), _xlpm.finalResult,IF(OR(_xlpm.computedResult="",_xlpm.computedResult="#N/C"),_xlpm.fallback,_xlpm.computedResult), INDEX(_xlpm.finalResult,1))} -> Oestroidea | K64: =+CONCATENATE(A64,".",B64,".",C64,".",D64,".",E64,".",F64,".",G64,".",H64,".",I64) -> Insecta.Diptera.Brachycera.Muscomorpha.Oestroidea.#N/C.#N/C.#N/C.#N/C | L64: =+COUNTIF(Monitoring!#REF!,K64) -> #REF!
A65: Insecta | B65: Diptera | C65: Brachycera | D65: =+IFERROR(IF(E65="#N/C","#N/C",INDEX('ClassificationClasses'!D:D,MATCH(E65,'ClassificationClasses'!E:E,0))),"ERROR") -> Muscomorpha | E65: Oestroidea | F65: Calliphoridae | G65: #N/C | H65: #N/C | I65: #N/C | J65: {=_xlfn.LET(_xlpm.cls,A65, _xlpm.ord,IFERROR(B65,"#N/C"), _xlpm.subord,IFERROR(C65,"#N/C"), _xlpm.infr,IFERROR(D65,"#N/C"), _xlpm.sf,IFERROR(E65,"#N/C"), _xlpm.fam,IFERROR(F65,"#N/C"), _xlpm.subfam,IF(TRIM(G65)="-","#N/C",IFERROR(G65,"#N/C")), _xlpm.subfamMatch,IFERROR(_xlfn._xlws.FILTER(ClassificationClasses[Classification Class],(ClassificationClasses[Class]=_xlpm.cls)*(ClassificationClasses[Order]=_xlpm.ord)*(ClassificationClasses[Suborder]=_xlpm.subord)*(ClassificationClasses[Infraorder]=_xlpm.infr)*(ClassificationClasses[Superfamily]=_xlpm.sf)*(ClassificationClasses[Family]=_xlpm.fam)*(ClassificationClasses[Subfamily]=_xlpm.subfam),""),""), _xlpm.uniqueSubfam,IF(_xlpm.subfamMatch="","",_xlfn.UNIQUE(_xlpm.subfamMatch)), _xlpm.numUniqueSubfam,IF(_xlpm.uniqueSubfam="",0,ROWS(_xlpm.uniqueSubfam)), _xlpm.resultSubfam,IF(_xlpm.numUniqueSubfam=1,INDEX(_xlpm.uniqueSubfam,1),IF(_xlpm.numUniqueSubfam>=1,_xlpm.subfam,"")), _xlpm.famMatch,IFERROR(_xlfn._xlws.FILTER(ClassificationClasses[Classification Class],(ClassificationClasses[Class]=_xlpm.cls)*(ClassificationClasses[Order]=_xlpm.ord)*(ClassificationClasses[Suborder]=_xlpm.subord)*(ClassificationClasses[Infraorder]=_xlpm.infr)*(ClassificationClasses[Superfamily]=_xlpm.sf)*(ClassificationClasses[Family]=_xlpm.fam),""),""), _xlpm.uniqueFam,IF(_xlpm.famMatch="","",_xlfn.UNIQUE(_xlpm.famMatch)), _xlpm.numUniqueFam,IF(_xlpm.uniqueFam="",0,ROWS(_xlpm.uniqueFam)), _xlpm.resultFam,IF(_xlpm.numUniqueFam=1,INDEX(_xlpm.uniqueFam,1),IF(_xlpm.numUniqueFam>=1,_xlpm.fam,"")), _xlpm.sfMatch,IFERROR(_xlfn._xlws.FILTER(ClassificationClasses[Classification Class],(ClassificationClasses[Class]=_xlpm.cls)*(ClassificationClasses[Order]=_xlpm.ord)*(ClassificationClasses[Suborder]=_xlpm.subord)*(ClassificationClasses[Infraorder]=_xlpm.infr)*(ClassificationClasses[Superfamily]=_xlpm.sf),""),""), _xlpm.uniqueSf,IF(_xlpm.sfMatch="","",_xlfn.UNIQUE(_xlpm.sfMatch)), _xlpm.numUniqueSf,IF(_xlpm.uniqueSf="",0,ROWS(_xlpm.uniqueSf)), _xlpm.resultSf,IF(_xlpm.numUniqueSf=1,INDEX(_xlpm.uniqueSf,1),IF(_xlpm.numUniqueSf>=1,_xlpm.sf,"")), _xlpm.computedResult,IF(AND(_xlpm.fam="#N/C",_xlpm.subfam="#N/C"),_xlpm.sf,IF(_xlpm.resultSubfam<>"",_xlpm.resultSubfam,IF(_xlpm.resultFam<>"",_xlpm.resultFam,IF(_xlpm.resultSf<>"",_xlpm.resultSf,"")))), _xlpm.fallback,IF(IFERROR(B65,"#N/C")="#N/C",A65,IF(IFERROR(C65,"#N/C")="#N/C",B65,IF(IFERROR(D65,"#N/C")="#N/C",C65,IF(IFERROR(E65,"#N/C")="#N/C",D65,IF(IFERROR(F65,"#N/C")="#N/C",E65,IF(IFERROR(G65,"#N/C")="#N/C",F65,"#N/C")))))), _xlpm.finalResult,IF(OR(_xlpm.computedResult="",_xlpm.computedResult="#N/C"),_xlpm.fallback,_xlpm.computedResult), INDEX(_xlpm.finalResult,1))} -> flesh_fly | K65: =+CONCATENATE(A65,".",B65,".",C65,".",D65,".",E65,".",F65,".",G65,".",H65,".",I65) -> Insecta.Diptera.Brachycera.Muscomorpha.Oestroidea.Calliphoridae.#N/C.#N/C.#N/C | L65: =+COUNTIF(Monitoring!#REF!,K65) -> #REF!
A66: Insecta | B66: Diptera | C66: Brachycera | D66: =+IFERROR(IF(E66="#N/C","#N/C",INDEX('ClassificationClasses'!D:D,MATCH(E66,'ClassificationClasses'!E:E,0))),"ERROR") -> Muscomorpha | E66: Oestroidea | F66: Calliphoridae | G66: Calliphorinae | H66: Bellardia | I66: #N/C | J66: {=_xlfn.LET(_xlpm.cls,A66, _xlpm.ord,IFERROR(B66,"#N/C"), _xlpm.subord,IFERROR(C66,"#N/C"), _xlpm.infr,IFERROR(D66,"#N/C"), _xlpm.sf,IFERROR(E66,"#N/C"), _xlpm.fam,IFERROR(F66,"#N/C"), _xlpm.subfam,IF(TRIM(G66)="-","#N/C",IFERROR(G66,"#N/C")), _xlpm.subfamMatch,IFERROR(_xlfn._xlws.FILTER(ClassificationClasses[Classification Class],(ClassificationClasses[Class]=_xlpm.cls)*(ClassificationClasses[Order]=_xlpm.ord)*(ClassificationClasses[Suborder]=_xlpm.subord)*(ClassificationClasses[Infraorder]=_xlpm.infr)*(ClassificationClasses[Superfamily]=_xlpm.sf)*(ClassificationClasses[Family]=_xlpm.fam)*(ClassificationClasses[Subfamily]=_xlpm.subfam),""),""), _xlpm.uniqueSubfam,IF(_xlpm.subfamMatch="","",_xlfn.UNIQUE(_xlpm.subfamMatch)), _xlpm.numUniqueSubfam,IF(_xlpm.uniqueSubfam="",0,ROWS(_xlpm.uniqueSubfam)), _xlpm.resultSubfam,IF(_xlpm.numUniqueSubfam=1,INDEX(_xlpm.uniqueSubfam,1),IF(_xlpm.numUniqueSubfam>=1,_xlpm.subfam,"")), _xlpm.famMatch,IFERROR(_xlfn._xlws.FILTER(ClassificationClasses[Classification Class],(ClassificationClasses[Class]=_xlpm.cls)*(ClassificationClasses[Order]=_xlpm.ord)*(ClassificationClasses[Suborder]=_xlpm.subord)*(ClassificationClasses[Infraorder]=_xlpm.infr)*(ClassificationClasses[Superfamily]=_xlpm.sf)*(ClassificationClasses[Family]=_xlpm.fam),""),""), _xlpm.uniqueFam,IF(_xlpm.famMatch="","",_xlfn.UNIQUE(_xlpm.famMatch)), _xlpm.numUniqueFam,IF(_xlpm.uniqueFam="",0,ROWS(_xlpm.uniqueFam)), _xlpm.resultFam,IF(_xlpm.numUniqueFam=1,INDEX(_xlpm.uniqueFam,1),IF(_xlpm.numUniqueFam>=1,_xlpm.fam,"")), _xlpm.sfMatch,IFERROR(_xlfn._xlws.FILTER(ClassificationClasses[Classification Class],(ClassificationClasses[Class]=_xlpm.cls)*(ClassificationClasses[Order]=_xlpm.ord)*(ClassificationClasses[Suborder]=_xlpm.subord)*(ClassificationClasses[Infraorder]=_xlpm.infr)*(ClassificationClasses[Superfamily]=_xlpm.sf),""),""), _xlpm.uniqueSf,IF(_xlpm.sfMatch="","",_xlfn.UNIQUE(_xlpm.sfMatch)), _xlpm.numUniqueSf,IF(_xlpm.uniqueSf="",0,ROWS(_xlpm.uniqueSf)), _xlpm.resultSf,IF(_xlpm.numUniqueSf=1,INDEX(_xlpm.uniqueSf,1),IF(_xlpm.numUniqueSf>=1,_xlpm.sf,"")), _xlpm.computedResult,IF(AND(_xlpm.fam="#N/C",_xlpm.subfam="#N/C"),_xlpm.sf,IF(_xlpm.resultSubfam<>"",_xlpm.resultSubfam,IF(_xlpm.resultFam<>"",_xlpm.resultFam,IF(_xlpm.resultSf<>"",_xlpm.resultSf,"")))), _xlpm.fallback,IF(IFERROR(B66,"#N/C")="#N/C",A66,IF(IFERROR(C66,"#N/C")="#N/C",B66,IF(IFERROR(D66,"#N/C")="#N/C",C66,IF(IFERROR(E66,"#N/C")="#N/C",D66,IF(IFERROR(F66,"#N/C")="#N/C",E66,IF(IFERROR(G66,"#N/C")="#N/C",F66,"#N/C")))))), _xlpm.finalResult,IF(OR(_xlpm.computedResult="",_xlpm.computedResult="#N/C"),_xlpm.fallback,_xlpm.computedResult), INDEX(_xlpm.finalResult,1))} -> flesh_fly | K66: =+CONCATENATE(A66,".",B66,".",C66,".",D66,".",E66,".",F66,".",G66,".",H66,".",I66) -> Insecta.Diptera.Brachycera.Muscomorpha.Oestroidea.Calliphoridae.Calliphorinae.Bellardia.#N/C | L66: =+COUNTIF(Monitoring!#REF!,K66) -> #REF!
A67: Insecta | B67: Diptera | C67: Brachycera | D67: =+IFERROR(IF(E67="#N/C","#N/C",INDEX('ClassificationClasses'!D:D,MATCH(E67,'ClassificationClasses'!E:E,0))),"ERROR") -> Muscomorpha | E67: Oestroidea | F67: Rhinophoridae | H67: Paykullia | I67: #N/C | J67: {=_xlfn.LET(_xlpm.cls,A67, _xlpm.ord,IFERROR(B67,"#N/C"), _xlpm.subord,IFERROR(C67,"#N/C"), _xlpm.infr,IFERROR(D67,"#N/C"), _xlpm.sf,IFERROR(E67,"#N/C"), _xlpm.fam,IFERROR(F67,"#N/C"), _xlpm.subfam,IF(TRIM(G67)="-","#N/C",IFERROR(G67,"#N/C")), _xlpm.subfamMatch,IFERROR(_xlfn._xlws.FILTER(ClassificationClasses[Classification Class],(ClassificationClasses[Class]=_xlpm.cls)*(ClassificationClasses[Order]=_xlpm.ord)*(ClassificationClasses[Suborder]=_xlpm.subord)*(ClassificationClasses[Infraorder]=_xlpm.infr)*(ClassificationClasses[Superfamily]=_xlpm.sf)*(ClassificationClasses[Family]=_xlpm.fam)*(ClassificationClasses[Subfamily]=_xlpm.subfam),""),""), _xlpm.uniqueSubfam,IF(_xlpm.subfamMatch="","",_xlfn.UNIQUE(_xlpm.subfamMatch)), _xlpm.numUniqueSubfam,IF(_xlpm.uniqueSubfam="",0,ROWS(_xlpm.uniqueSubfam)), _xlpm.resultSubfam,IF(_xlpm.numUniqueSubfam=1,INDEX(_xlpm.uniqueSubfam,1),IF(_xlpm.numUniqueSubfam>=1,_xlpm.subfam,"")), _xlpm.famMatch,IFERROR(_xlfn._xlws.FILTER(ClassificationClasses[Classification Class],(ClassificationClasses[Class]=_xlpm.cls)*(ClassificationClasses[Order]=_xlpm.ord)*(ClassificationClasses[Suborder]=_xlpm.subord)*(ClassificationClasses[Infraorder]=_xlpm.infr)*(ClassificationClasses[Superfamily]=_xlpm.sf)*(ClassificationClasses[Family]=_xlpm.fam),""),""), _xlpm.uniqueFam,IF(_xlpm.famMatch="","",_xlfn.UNIQUE(_xlpm.famMatch)), _xlpm.numUniqueFam,IF(_xlpm.uniqueFam="",0,ROWS(_xlpm.uniqueFam)), _xlpm.resultFam,IF(_xlpm.numUniqueFam=1,INDEX(_xlpm.uniqueFam,1),IF(_xlpm.numUniqueFam>=1,_xlpm.fam,"")), _xlpm.sfMatch,IFERROR(_xlfn._xlws.FILTER(ClassificationClasses[Classification Class],(ClassificationClasses[Class]=_xlpm.cls)*(ClassificationClasses[Order]=_xlpm.ord)*(ClassificationClasses[Suborder]=_xlpm.subord)*(ClassificationClasses[Infraorder]=_xlpm.infr)*(ClassificationClasses[Superfamily]=_xlpm.sf),""),""), _xlpm.uniqueSf,IF(_xlpm.sfMatch="","",_xlfn.UNIQUE(_xlpm.sfMatch)), _xlpm.numUniqueSf,IF(_xlpm.uniqueSf="",0,ROWS(_xlpm.uniqueSf)), _xlpm.resultSf,IF(_xlpm.numUniqueSf=1,INDEX(_xlpm.uniqueSf,1),IF(_xlpm.numUniqueSf>=1,_xlpm.sf,"")), _xlpm.computedResult,IF(AND(_xlpm.fam="#N/C",_xlpm.subfam="#N/C"),_xlpm.sf,IF(_xlpm.resultSubfam<>"",_xlpm.resultSubfam,IF(_xlpm.resultFam<>"",_xlpm.resultFam,IF(_xlpm.resultSf<>"",_xlpm.resultSf,"")))), _xlpm.fallback,IF(IFERROR(B67,"#N/C")="#N/C",A67,IF(IFERROR(C67,"#N/C")="#N/C",B67,IF(IFERROR(D67,"#N/C")="#N/C",C67,IF(IFERROR(E67,"#N/C")="#N/C",D67,IF(IFERROR(F67,"#N/C")="#N/C",E67,IF(IFERROR(G67,"#N/C")="#N/C",F67,"#N/C")))))), _xlpm.finalResult,IF(OR(_xlpm.computedResult="",_xlpm.computedResult="#N/C"),_xlpm.fallback,_xlpm.computedResult), INDEX(_xlpm.finalResult,1))} -> flesh_fly | K67: =+CONCATENATE(A67,".",B67,".",C67,".",D67,".",E67,".",F67,".",G67,".",H67,".",I67) -> Insecta.Diptera.Brachycera.Muscomorpha.Oestroidea.Rhinophoridae..Paykullia.#N/C | L67: =+COUNTIF(Monitoring!#REF!,K67) -> #REF!
A68: Insecta | B68: Diptera | C68: Brachycera | D68: =+IFERROR(IF(E68="#N/C","#N/C",INDEX('ClassificationClasses'!D:D,MATCH(E68,'ClassificationClasses'!E:E,0))),"ERROR") -> Muscomorpha | E68: Oestroidea | F68: Sarcophagidae | G68: #N/C | H68: #N/C | I68: #N/C | J68: {=_xlfn.LET(_xlpm.cls,A68, _xlpm.ord,IFERROR(B68,"#N/C"), _xlpm.subord,IFERROR(C68,"#N/C"), _xlpm.infr,IFERROR(D68,"#N/C"), _xlpm.sf,IFERROR(E68,"#N/C"), _xlpm.fam,IFERROR(F68,"#N/C"), _xlpm.subfam,IF(TRIM(G68)="-","#N/C",IFERROR(G68,"#N/C")), _xlpm.subfamMatch,IFERROR(_xlfn._xlws.FILTER(ClassificationClasses[Classification Class],(ClassificationClasses[Class]=_xlpm.cls)*(ClassificationClasses[Order]=_xlpm.ord)*(ClassificationClasses[Suborder]=_xlpm.subord)*(ClassificationClasses[Infraorder]=_xlpm.infr)*(ClassificationClasses[Superfamily]=_xlpm.sf)*(ClassificationClasses[Family]=_xlpm.fam)*(ClassificationClasses[Subfamily]=_xlpm.subfam),""),""), _xlpm.uniqueSubfam,IF(_xlpm.subfamMatch="","",_xlfn.UNIQUE(_xlpm.subfamMatch)), _xlpm.numUniqueSubfam,IF(_xlpm.uniqueSubfam="",0,ROWS(_xlpm.uniqueSubfam)), _xlpm.resultSubfam,IF(_xlpm.numUniqueSubfam=1,INDEX(_xlpm.uniqueSubfam,1),IF(_xlpm.numUniqueSubfam>=1,_xlpm.subfam,"")), _xlpm.famMatch,IFERROR(_xlfn._xlws.FILTER(ClassificationClasses[Classification Class],(ClassificationClasses[Class]=_xlpm.cls)*(ClassificationClasses[Order]=_xlpm.ord)*(ClassificationClasses[Suborder]=_xlpm.subord)*(ClassificationClasses[Infraorder]=_xlpm.infr)*(ClassificationClasses[Superfamily]=_xlpm.sf)*(ClassificationClasses[Family]=_xlpm.fam),""),""), _xlpm.uniqueFam,IF(_xlpm.famMatch="","",_xlfn.UNIQUE(_xlpm.famMatch)), _xlpm.numUniqueFam,IF(_xlpm.uniqueFam="",0,ROWS(_xlpm.uniqueFam)), _xlpm.resultFam,IF(_xlpm.numUniqueFam=1,INDEX(_xlpm.uniqueFam,1),IF(_xlpm.numUniqueFam>=1,_xlpm.fam,"")), _xlpm.sfMatch,IFERROR(_xlfn._xlws.FILTER(ClassificationClasses[Classification Class],(ClassificationClasses[Class]=_xlpm.cls)*(ClassificationClasses[Order]=_xlpm.ord)*(ClassificationClasses[Suborder]=_xlpm.subord)*(ClassificationClasses[Infraorder]=_xlpm.infr)*(ClassificationClasses[Superfamily]=_xlpm.sf),""),""), _xlpm.uniqueSf,IF(_xlpm.sfMatch="","",_xlfn.UNIQUE(_xlpm.sfMatch)), _xlpm.numUniqueSf,IF(_xlpm.uniqueSf="",0,ROWS(_xlpm.uniqueSf)), _xlpm.resultSf,IF(_xlpm.numUniqueSf=1,INDEX(_xlpm.uniqueSf,1),IF(_xlpm.numUniqueSf>=1,_xlpm.sf,"")), _xlpm.computedResult,IF(AND(_xlpm.fam="#N/C",_xlpm.subfam="#N/C"),_xlpm.sf,IF(_xlpm.resultSubfam<>"",_xlpm.resultSubfam,IF(_xlpm.resultFam<>"",_xlpm.resultFam,IF(_xlpm.resultSf<>"",_xlpm.resultSf,"")))), _xlpm.fallback,IF(IFERROR(B68,"#N/C")="#N/C",A68,IF(IFERROR(C68,"#N/C")="#N/C",B68,IF(IFERROR(D68,"#N/C")="#N/C",C68,IF(IFERROR(E68,"#N/C")="#N/C",D68,IF(IFERROR(F68,"#N/C")="#N/C",E68,IF(IFERROR(G68,"#N/C")="#N/C",F68,"#N/C")))))), _xlpm.finalResult,IF(OR(_xlpm.computedResult="",_xlpm.computedResult="#N/C"),_xlpm.fallback,_xlpm.computedResult), INDEX(_xlpm.finalResult,1))} -> flesh_fly | K68: =+CONCATENATE(A68,".",B68,".",C68,".",D68,".",E68,".",F68,".",G68,".",H68,".",I68) -> Insecta.Diptera.Brachycera.Muscomorpha.Oestroidea.Sarcophagidae.#N/C.#N/C.#N/C | L68: =+COUNTIF(Monitoring!#REF!,K68) -> #REF!
A69: Insecta | B69: Diptera | C69: Brachycera | D69: =+IFERROR(IF(E69="#N/C","#N/C",INDEX('ClassificationClasses'!D:D,MATCH(E69,'ClassificationClasses'!E:E,0))),"ERROR") -> Muscomorpha | E69: Oestroidea | F69: Sarcophagidae | G69: Sarcophaginae | H69: #N/C | I69: #N/C | J69: {=_xlfn.LET(_xlpm.cls,A69, _xlpm.ord,IFERROR(B69,"#N/C"), _xlpm.subord,IFERROR(C69,"#N/C"), _xlpm.infr,IFERROR(D69,"#N/C"), _xlpm.sf,IFERROR(E69,"#N/C"), _xlpm.fam,IFERROR(F69,"#N/C"), _xlpm.subfam,IF(TRIM(G69)="-","#N/C",IFERROR(G69,"#N/C")), _xlpm.subfamMatch,IFERROR(_xlfn._xlws.FILTER(ClassificationClasses[Classification Class],(ClassificationClasses[Class]=_xlpm.cls)*(ClassificationClasses[Order]=_xlpm.ord)*(ClassificationClasses[Suborder]=_xlpm.subord)*(ClassificationClasses[Infraorder]=_xlpm.infr)*(ClassificationClasses[Superfamily]=_xlpm.sf)*(ClassificationClasses[Family]=_xlpm.fam)*(ClassificationClasses[Subfamily]=_xlpm.subfam),""),""), _xlpm.uniqueSubfam,IF(_xlpm.subfamMatch="","",_xlfn.UNIQUE(_xlpm.subfamMatch)), _xlpm.numUniqueSubfam,IF(_xlpm.uniqueSubfam="",0,ROWS(_xlpm.uniqueSubfam)), _xlpm.resultSubfam,IF(_xlpm.numUniqueSubfam=1,INDEX(_xlpm.uniqueSubfam,1),IF(_xlpm.numUniqueSubfam>=1,_xlpm.subfam,"")), _xlpm.famMatch,IFERROR(_xlfn._xlws.FILTER(ClassificationClasses[Classification Class],(ClassificationClasses[Class]=_xlpm.cls)*(ClassificationClasses[Order]=_xlpm.ord)*(ClassificationClasses[Suborder]=_xlpm.subord)*(ClassificationClasses[Infraorder]=_xlpm.infr)*(ClassificationClasses[Superfamily]=_xlpm.sf)*(ClassificationClasses[Family]=_xlpm.fam),""),""), _xlpm.uniqueFam,IF(_xlpm.famMatch="","",_xlfn.UNIQUE(_xlpm.famMatch)), _xlpm.numUniqueFam,IF(_xlpm.uniqueFam="",0,ROWS(_xlpm.uniqueFam)), _xlpm.resultFam,IF(_xlpm.numUniqueFam=1,INDEX(_xlpm.uniqueFam,1),IF(_xlpm.numUniqueFam>=1,_xlpm.fam,"")), _xlpm.sfMatch,IFERROR(_xlfn._xlws.FILTER(ClassificationClasses[Classification Class],(ClassificationClasses[Class]=_xlpm.cls)*(ClassificationClasses[Order]=_xlpm.ord)*(ClassificationClasses[Suborder]=_xlpm.subord)*(ClassificationClasses[Infraorder]=_xlpm.infr)*(ClassificationClasses[Superfamily]=_xlpm.sf),""),""), _xlpm.uniqueSf,IF(_xlpm.sfMatch="","",_xlfn.UNIQUE(_xlpm.sfMatch)), _xlpm.numUniqueSf,IF(_xlpm.uniqueSf="",0,ROWS(_xlpm.uniqueSf)), _xlpm.resultSf,IF(_xlpm.numUniqueSf=1,INDEX(_xlpm.uniqueSf,1),IF(_xlpm.numUniqueSf>=1,_xlpm.sf,"")), _xlpm.computedResult,IF(AND(_xlpm.fam="#N/C",_xlpm.subfam="#N/C"),_xlpm.sf,IF(_xlpm.resultSubfam<>"",_xlpm.resultSubfam,IF(_xlpm.resultFam<>"",_xlpm.resultFam,IF(_xlpm.resultSf<>"",_xlpm.resultSf,"")))), _xlpm.fallback,IF(IFERROR(B69,"#N/C")="#N/C",A69,IF(IFERROR(C69,"#N/C")="#N/C",B69,IF(IFERROR(D69,"#N/C")="#N/C",C69,IF(IFERROR(E69,"#N/C")="#N/C",D69,IF(IFERROR(F69,"#N/C")="#N/C",E69,IF(IFERROR(G69,"#N/C")="#N/C",F69,"#N/C")))))), _xlpm.finalResult,IF(OR(_xlpm.computedResult="",_xlpm.computedResult="#N/C"),_xlpm.fallback,_xlpm.computedResult), INDEX(_xlpm.finalResult,1))} -> flesh_fly | K69: =+CONCATENATE(A69,".",B69,".",C69,".",D69,".",E69,".",F69,".",G69,".",H69,".",I69) -> Insecta.Diptera.Brachycera.Muscomorpha.Oestroidea.Sarcophagidae.Sarcophaginae.#N/C.#N/C | L69: =+COUNTIF(Monitoring!#REF!,K69) -> #REF!
A70: Insecta | B70: Diptera | C70: Brachycera | D70: =+IFERROR(IF(E70="#N/C","#N/C",INDEX('ClassificationClasses'!D:D,MATCH(E70,'ClassificationClasses'!E:E,0))),"ERROR") -> Muscomorpha | E70: Oestroidea | F70: Sarcophagidae | G70: Sarcophaginae | H70: Sarcophaga | I70: #N/C | J70: {=_xlfn.LET(_xlpm.cls,A70, _xlpm.ord,IFERROR(B70,"#N/C"), _xlpm.subord,IFERROR(C70,"#N/C"), _xlpm.infr,IFERROR(D70,"#N/C"), _xlpm.sf,IFERROR(E70,"#N/C"), _xlpm.fam,IFERROR(F70,"#N/C"), _xlpm.subfam,IF(TRIM(G70)="-","#N/C",IFERROR(G70,"#N/C")), _xlpm.subfamMatch,IFERROR(_xlfn._xlws.FILTER(ClassificationClasses[Classification Class],(ClassificationClasses[Class]=_xlpm.cls)*(ClassificationClasses[Order]=_xlpm.ord)*(ClassificationClasses[Suborder]=_xlpm.subord)*(ClassificationClasses[Infraorder]=_xlpm.infr)*(ClassificationClasses[Superfamily]=_xlpm.sf)*(ClassificationClasses[Family]=_xlpm.fam)*(ClassificationClasses[Subfamily]=_xlpm.subfam),""),""), _xlpm.uniqueSubfam,IF(_xlpm.subfamMatch="","",_xlfn.UNIQUE(_xlpm.subfamMatch)), _xlpm.numUniqueSubfam,IF(_xlpm.uniqueSubfam="",0,ROWS(_xlpm.uniqueSubfam)), _xlpm.resultSubfam,IF(_xlpm.numUniqueSubfam=1,INDEX(_xlpm.uniqueSubfam,1),IF(_xlpm.numUniqueSubfam>=1,_xlpm.subfam,"")), _xlpm.famMatch,IFERROR(_xlfn._xlws.FILTER(ClassificationClasses[Classification Class],(ClassificationClasses[Class]=_xlpm.cls)*(ClassificationClasses[Order]=_xlpm.ord)*(ClassificationClasses[Suborder]=_xlpm.subord)*(ClassificationClasses[Infraorder]=_xlpm.infr)*(ClassificationClasses[Superfamily]=_xlpm.sf)*(ClassificationClasses[Family]=_xlpm.fam),""),""), _xlpm.uniqueFam,IF(_xlpm.famMatch="","",_xlfn.UNIQUE(_xlpm.famMatch)), _xlpm.numUniqueFam,IF(_xlpm.uniqueFam="",0,ROWS(_xlpm.uniqueFam)), _xlpm.resultFam,IF(_xlpm.numUniqueFam=1,INDEX(_xlpm.uniqueFam,1),IF(_xlpm.numUniqueFam>=1,_xlpm.fam,"")), _xlpm.sfMatch,IFERROR(_xlfn._xlws.FILTER(ClassificationClasses[Classification Class],(ClassificationClasses[Class]=_xlpm.cls)*(ClassificationClasses[Order]=_xlpm.ord)*(ClassificationClasses[Suborder]=_xlpm.subord)*(ClassificationClasses[Infraorder]=_xlpm.infr)*(ClassificationClasses[Superfamily]=_xlpm.sf),""),""), _xlpm.uniqueSf,IF(_xlpm.sfMatch="","",_xlfn.UNIQUE(_xlpm.sfMatch)), _xlpm.numUniqueSf,IF(_xlpm.uniqueSf="",0,ROWS(_xlpm.uniqueSf)), _xlpm.resultSf,IF(_xlpm.numUniqueSf=1,INDEX(_xlpm.uniqueSf,1),IF(_xlpm.numUniqueSf>=1,_xlpm.sf,"")), _xlpm.computedResult,IF(AND(_xlpm.fam="#N/C",_xlpm.subfam="#N/C"),_xlpm.sf,IF(_xlpm.resultSubfam<>"",_xlpm.resultSubfam,IF(_xlpm.resultFam<>"",_xlpm.resultFam,IF(_xlpm.resultSf<>"",_xlpm.resultSf,"")))), _xlpm.fallback,IF(IFERROR(B70,"#N/C")="#N/C",A70,IF(IFERROR(C70,"#N/C")="#N/C",B70,IF(IFERROR(D70,"#N/C")="#N/C",C70,IF(IFERROR(E70,"#N/C")="#N/C",D70,IF(IFERROR(F70,"#N/C")="#N/C",E70,IF(IFERROR(G70,"#N/C")="#N/C",F70,"#N/C")))))), _xlpm.finalResult,IF(OR(_xlpm.computedResult="",_xlpm.computedResult="#N/C"),_xlpm.fallback,_xlpm.computedResult), INDEX(_xlpm.finalResult,1))} -> flesh_fly | K70: =+CONCATENATE(A70,".",B70,".",C70,".",D70,".",E70,".",F70,".",G70,".",H70,".",I70) -> Insecta.Diptera.Brachycera.Muscomorpha.Oestroidea.Sarcophagidae.Sarcophaginae.Sarcophaga.#N/C | L70: =+COUNTIF(Monitoring!#REF!,K70) -> #REF!
A71: Insecta | B71: Diptera | C71: Brachycera | D71: =+IFERROR(IF(E71="#N/C","#N/C",INDEX('ClassificationClasses'!D:D,MATCH(E71,'ClassificationClasses'!E:E,0))),"ERROR") -> Muscomorpha | E71: Oestroidea | F71: Tachinidae | G71: #N/C | H71: #N/C | I71: #N/C | J71: {=_xlfn.LET(_xlpm.cls,A71, _xlpm.ord,IFERROR(B71,"#N/C"), _xlpm.subord,IFERROR(C71,"#N/C"), _xlpm.infr,IFERROR(D71,"#N/C"), _xlpm.sf,IFERROR(E71,"#N/C"), _xlpm.fam,IFERROR(F71,"#N/C"), _xlpm.subfam,IF(TRIM(G71)="-","#N/C",IFERROR(G71,"#N/C")), _xlpm.subfamMatch,IFERROR(_xlfn._xlws.FILTER(ClassificationClasses[Classification Class],(ClassificationClasses[Class]=_xlpm.cls)*(ClassificationClasses[Order]=_xlpm.ord)*(ClassificationClasses[Suborder]=_xlpm.subord)*(ClassificationClasses[Infraorder]=_xlpm.infr)*(ClassificationClasses[Superfamily]=_xlpm.sf)*(ClassificationClasses[Family]=_xlpm.fam)*(ClassificationClasses[Subfamily]=_xlpm.subfam),""),""), _xlpm.uniqueSubfam,IF(_xlpm.subfamMatch="","",_xlfn.UNIQUE(_xlpm.subfamMatch)), _xlpm.numUniqueSubfam,IF(_xlpm.uniqueSubfam="",0,ROWS(_xlpm.uniqueSubfam)), _xlpm.resultSubfam,IF(_xlpm.numUniqueSubfam=1,INDEX(_xlpm.uniqueSubfam,1),IF(_xlpm.numUniqueSubfam>=1,_xlpm.subfam,"")), _xlpm.famMatch,IFERROR(_xlfn._xlws.FILTER(ClassificationClasses[Classification Class],(ClassificationClasses[Class]=_xlpm.cls)*(ClassificationClasses[Order]=_xlpm.ord)*(ClassificationClasses[Suborder]=_xlpm.subord)*(ClassificationClasses[Infraorder]=_xlpm.infr)*(ClassificationClasses[Superfamily]=_xlpm.sf)*(ClassificationClasses[Family]=_xlpm.fam),""),""), _xlpm.uniqueFam,IF(_xlpm.famMatch="","",_xlfn.UNIQUE(_xlpm.famMatch)), _xlpm.numUniqueFam,IF(_xlpm.uniqueFam="",0,ROWS(_xlpm.uniqueFam)), _xlpm.resultFam,IF(_xlpm.numUniqueFam=1,INDEX(_xlpm.uniqueFam,1),IF(_xlpm.numUniqueFam>=1,_xlpm.fam,"")), _xlpm.sfMatch,IFERROR(_xlfn._xlws.FILTER(ClassificationClasses[Classification Class],(ClassificationClasses[Class]=_xlpm.cls)*(ClassificationClasses[Order]=_xlpm.ord)*(ClassificationClasses[Suborder]=_xlpm.subord)*(ClassificationClasses[Infraorder]=_xlpm.infr)*(ClassificationClasses[Superfamily]=_xlpm.sf),""),""), _xlpm.uniqueSf,IF(_xlpm.sfMatch="","",_xlfn.UNIQUE(_xlpm.sfMatch)), _xlpm.numUniqueSf,IF(_xlpm.uniqueSf="",0,ROWS(_xlpm.uniqueSf)), _xlpm.resultSf,IF(_xlpm.numUniqueSf=1,INDEX(_xlpm.uniqueSf,1),IF(_xlpm.numUniqueSf>=1,_xlpm.sf,"")), _xlpm.computedResult,IF(AND(_xlpm.fam="#N/C",_xlpm.subfam="#N/C"),_xlpm.sf,IF(_xlpm.resultSubfam<>"",_xlpm.resultSubfam,IF(_xlpm.resultFam<>"",_xlpm.resultFam,IF(_xlpm.resultSf<>"",_xlpm.resultSf,"")))), _xlpm.fallback,IF(IFERROR(B71,"#N/C")="#N/C",A71,IF(IFERROR(C71,"#N/C")="#N/C",B71,IF(IFERROR(D71,"#N/C")="#N/C",C71,IF(IFERROR(E71,"#N/C")="#N/C",D71,IF(IFERROR(F71,"#N/C")="#N/C",E71,IF(IFERROR(G71,"#N/C")="#N/C",F71,"#N/C")))))), _xlpm.finalResult,IF(OR(_xlpm.computedResult="",_xlpm.computedResult="#N/C"),_xlpm.fallback,_xlpm.computedResult), INDEX(_xlpm.finalResult,1))} -> flesh_fly | K71: =+CONCATENATE(A71,".",B71,".",C71,".",D71,".",E71,".",F71,".",G71,".",H71,".",I71) -> Insecta.Diptera.Brachycera.Muscomorpha.Oestroidea.Tachinidae.#N/C.#N/C.#N/C | L71: =+COUNTIF(Monitoring!#REF!,K71) -> #REF!
A72: Insecta | B72: Diptera | C72: Brachycera | D72: =+IFERROR(IF(E72="#N/C","#N/C",INDEX('ClassificationClasses'!D:D,MATCH(E72,'ClassificationClasses'!E:E,0))),"ERROR") -> Muscomorpha | E72: Oestroidea | F72: Tachinidae | G72: Exoristinae | H72: #N/C | I72: #N/C | J72: {=_xlfn.LET(_xlpm.cls,A72, _xlpm.ord,IFERROR(B72,"#N/C"), _xlpm.subord,IFERROR(C72,"#N/C"), _xlpm.infr,IFERROR(D72,"#N/C"), _xlpm.sf,IFERROR(E72,"#N/C"), _xlpm.fam,IFERROR(F72,"#N/C"), _xlpm.subfam,IF(TRIM(G72)="-","#N/C",IFERROR(G72,"#N/C")), _xlpm.subfamMatch,IFERROR(_xlfn._xlws.FILTER(ClassificationClasses[Classification Class],(ClassificationClasses[Class]=_xlpm.cls)*(ClassificationClasses[Order]=_xlpm.ord)*(ClassificationClasses[Suborder]=_xlpm.subord)*(ClassificationClasses[Infraorder]=_xlpm.infr)*(ClassificationClasses[Superfamily]=_xlpm.sf)*(ClassificationClasses[Family]=_xlpm.fam)*(ClassificationClasses[Subfamily]=_xlpm.subfam),""),""), _xlpm.uniqueSubfam,IF(_xlpm.subfamMatch="","",_xlfn.UNIQUE(_xlpm.subfamMatch)), _xlpm.numUniqueSubfam,IF(_xlpm.uniqueSubfam="",0,ROWS(_xlpm.uniqueSubfam)), _xlpm.resultSubfam,IF(_xlpm.numUniqueSubfam=1,INDEX(_xlpm.uniqueSubfam,1),IF(_xlpm.numUniqueSubfam>=1,_xlpm.subfam,"")), _xlpm.famMatch,IFERROR(_xlfn._xlws.FILTER(ClassificationClasses[Classification Class],(ClassificationClasses[Class]=_xlpm.cls)*(ClassificationClasses[Order]=_xlpm.ord)*(ClassificationClasses[Suborder]=_xlpm.subord)*(ClassificationClasses[Infraorder]=_xlpm.infr)*(ClassificationClasses[Superfamily]=_xlpm.sf)*(ClassificationClasses[Family]=_xlpm.fam),""),""), _xlpm.uniqueFam,IF(_xlpm.famMatch="","",_xlfn.UNIQUE(_xlpm.famMatch)), _xlpm.numUniqueFam,IF(_xlpm.uniqueFam="",0,ROWS(_xlpm.uniqueFam)), _xlpm.resultFam,IF(_xlpm.numUniqueFam=1,INDEX(_xlpm.uniqueFam,1),IF(_xlpm.numUniqueFam>=1,_xlpm.fam,"")), _xlpm.sfMatch,IFERROR(_xlfn._xlws.FILTER(ClassificationClasses[Classification Class],(ClassificationClasses[Class]=_xlpm.cls)*(ClassificationClasses[Order]=_xlpm.ord)*(ClassificationClasses[Suborder]=_xlpm.subord)*(ClassificationClasses[Infraorder]=_xlpm.infr)*(ClassificationClasses[Superfamily]=_xlpm.sf),""),""), _xlpm.uniqueSf,IF(_xlpm.sfMatch="","",_xlfn.UNIQUE(_xlpm.sfMatch)), _xlpm.numUniqueSf,IF(_xlpm.uniqueSf="",0,ROWS(_xlpm.uniqueSf)), _xlpm.resultSf,IF(_xlpm.numUniqueSf=1,INDEX(_xlpm.uniqueSf,1),IF(_xlpm.numUniqueSf>=1,_xlpm.sf,"")), _xlpm.computedResult,IF(AND(_xlpm.fam="#N/C",_xlpm.subfam="#N/C"),_xlpm.sf,IF(_xlpm.resultSubfam<>"",_xlpm.resultSubfam,IF(_xlpm.resultFam<>"",_xlpm.resultFam,IF(_xlpm.resultSf<>"",_xlpm.resultSf,"")))), _xlpm.fallback,IF(IFERROR(B72,"#N/C")="#N/C",A72,IF(IFERROR(C72,"#N/C")="#N/C",B72,IF(IFERROR(D72,"#N/C")="#N/C",C72,IF(IFERROR(E72,"#N/C")="#N/C",D72,IF(IFERROR(F72,"#N/C")="#N/C",E72,IF(IFERROR(G72,"#N/C")="#N/C",F72,"#N/C")))))), _xlpm.finalResult,IF(OR(_xlpm.computedResult="",_xlpm.computedResult="#N/C"),_xlpm.fallback,_xlpm.computedResult), INDEX(_xlpm.finalResult,1))} -> flesh_fly | K72: =+CONCATENATE(A72,".",B72,".",C72,".",D72,".",E72,".",F72,".",G72,".",H72,".",I72) -> Insecta.Diptera.Brachycera.Muscomorpha.Oestroidea.Tachinidae.Exoristinae.#N/C.#N/C | L72: =+COUNTIF(Monitoring!#REF!,K72) -> #REF!
A73: Insecta | B73: Diptera | C73: Brachycera | D73: =+IFERROR(IF(E73="#N/C","#N/C",INDEX('ClassificationClasses'!D:D,MATCH(E73,'ClassificationClasses'!E:E,0))),"ERROR") -> Muscomorpha | E73: Oestroidea | F73: Tachinidae | G73: Phasiinae | H73: Ectophasia | I73: #N/C | J73: {=_xlfn.LET(_xlpm.cls,A73, _xlpm.ord,IFERROR(B73,"#N/C"), _xlpm.subord,IFERROR(C73,"#N/C"), _xlpm.infr,IFERROR(D73,"#N/C"), _xlpm.sf,IFERROR(E73,"#N/C"), _xlpm.fam,IFERROR(F73,"#N/C"), _xlpm.subfam,IF(TRIM(G73)="-","#N/C",IFERROR(G73,"#N/C")), _xlpm.subfamMatch,IFERROR(_xlfn._xlws.FILTER(ClassificationClasses[Classification Class],(ClassificationClasses[Class]=_xlpm.cls)*(ClassificationClasses[Order]=_xlpm.ord)*(ClassificationClasses[Suborder]=_xlpm.subord)*(ClassificationClasses[Infraorder]=_xlpm.infr)*(ClassificationClasses[Superfamily]=_xlpm.sf)*(ClassificationClasses[Family]=_xlpm.fam)*(ClassificationClasses[Subfamily]=_xlpm.subfam),""),""), _xlpm.uniqueSubfam,IF(_xlpm.subfamMatch="","",_xlfn.UNIQUE(_xlpm.subfamMatch)), _xlpm.numUniqueSubfam,IF(_xlpm.uniqueSubfam="",0,ROWS(_xlpm.uniqueSubfam)), _xlpm.resultSubfam,IF(_xlpm.numUniqueSubfam=1,INDEX(_xlpm.uniqueSubfam,1),IF(_xlpm.numUniqueSubfam>=1,_xlpm.subfam,"")), _xlpm.famMatch,IFERROR(_xlfn._xlws.FILTER(ClassificationClasses[Classification Class],(ClassificationClasses[Class]=_xlpm.cls)*(ClassificationClasses[Order]=_xlpm.ord)*(ClassificationClasses[Suborder]=_xlpm.subord)*(ClassificationClasses[Infraorder]=_xlpm.infr)*(ClassificationClasses[Superfamily]=_xlpm.sf)*(ClassificationClasses[Family]=_xlpm.fam),""),""), _xlpm.uniqueFam,IF(_xlpm.famMatch="","",_xlfn.UNIQUE(_xlpm.famMatch)), _xlpm.numUniqueFam,IF(_xlpm.uniqueFam="",0,ROWS(_xlpm.uniqueFam)), _xlpm.resultFam,IF(_xlpm.numUniqueFam=1,INDEX(_xlpm.uniqueFam,1),IF(_xlpm.numUniqueFam>=1,_xlpm.fam,"")), _xlpm.sfMatch,IFERROR(_xlfn._xlws.FILTER(ClassificationClasses[Classification Class],(ClassificationClasses[Class]=_xlpm.cls)*(ClassificationClasses[Order]=_xlpm.ord)*(ClassificationClasses[Suborder]=_xlpm.subord)*(ClassificationClasses[Infraorder]=_xlpm.infr)*(ClassificationClasses[Superfamily]=_xlpm.sf),""),""), _xlpm.uniqueSf,IF(_xlpm.sfMatch="","",_xlfn.UNIQUE(_xlpm.sfMatch)), _xlpm.numUniqueSf,IF(_xlpm.uniqueSf="",0,ROWS(_xlpm.uniqueSf)), _xlpm.resultSf,IF(_xlpm.numUniqueSf=1,INDEX(_xlpm.uniqueSf,1),IF(_xlpm.numUniqueSf>=1,_xlpm.sf,"")), _xlpm.computedResult,IF(AND(_xlpm.fam="#N/C",_xlpm.subfam="#N/C"),_xlpm.sf,IF(_xlpm.resultSubfam<>"",_xlpm.resultSubfam,IF(_xlpm.resultFam<>"",_xlpm.resultFam,IF(_xlpm.resultSf<>"",_xlpm.resultSf,"")))), _xlpm.fallback,IF(IFERROR(B73,"#N/C")="#N/C",A73,IF(IFERROR(C73,"#N/C")="#N/C",B73,IF(IFERROR(D73,"#N/C")="#N/C",C73,IF(IFERROR(E73,"#N/C")="#N/C",D73,IF(IFERROR(F73,"#N/C")="#N/C",E73,IF(IFERROR(G73,"#N/C")="#N/C",F73,"#N/C")))))), _xlpm.finalResult,IF(OR(_xlpm.computedResult="",_xlpm.computedResult="#N/C"),_xlpm.fallback,_xlpm.computedResult), INDEX(_xlpm.finalResult,1))} -> flesh_fly | K73: =+CONCATENATE(A73,".",B73,".",C73,".",D73,".",E73,".",F73,".",G73,".",H73,".",I73) -> Insecta.Diptera.Brachycera.Muscomorpha.Oestroidea.Tachinidae.Phasiinae.Ectophasia.#N/C | L73: =+COUNTIF(Monitoring!#REF!,K73) -> #REF!
A74: Insecta | B74: Diptera | C74: Brachycera | D74: =+IFERROR(IF(E74="#N/C","#N/C",INDEX('ClassificationClasses'!D:D,MATCH(E74,'ClassificationClasses'!E:E,0))),"ERROR") -> Muscomorpha | E74: Oestroidea | F74: Tachinidae | G74: Phasiinae | H74: Gymnosoma | I74: #N/C | J74: {=_xlfn.LET(_xlpm.cls,A74, _xlpm.ord,IFERROR(B74,"#N/C"), _xlpm.subord,IFERROR(C74,"#N/C"), _xlpm.infr,IFERROR(D74,"#N/C"), _xlpm.sf,IFERROR(E74,"#N/C"), _xlpm.fam,IFERROR(F74,"#N/C"), _xlpm.subfam,IF(TRIM(G74)="-","#N/C",IFERROR(G74,"#N/C")), _xlpm.subfamMatch,IFERROR(_xlfn._xlws.FILTER(ClassificationClasses[Classification Class],(ClassificationClasses[Class]=_xlpm.cls)*(ClassificationClasses[Order]=_xlpm.ord)*(ClassificationClasses[Suborder]=_xlpm.subord)*(ClassificationClasses[Infraorder]=_xlpm.infr)*(ClassificationClasses[Superfamily]=_xlpm.sf)*(ClassificationClasses[Family]=_xlpm.fam)*(ClassificationClasses[Subfamily]=_xlpm.subfam),""),""), _xlpm.uniqueSubfam,IF(_xlpm.subfamMatch="","",_xlfn.UNIQUE(_xlpm.subfamMatch)), _xlpm.numUniqueSubfam,IF(_xlpm.uniqueSubfam="",0,ROWS(_xlpm.uniqueSubfam)), _xlpm.resultSubfam,IF(_xlpm.numUniqueSubfam=1,INDEX(_xlpm.uniqueSubfam,1),IF(_xlpm.numUniqueSubfam>=1,_xlpm.subfam,"")), _xlpm.famMatch,IFERROR(_xlfn._xlws.FILTER(ClassificationClasses[Classification Class],(ClassificationClasses[Class]=_xlpm.cls)*(ClassificationClasses[Order]=_xlpm.ord)*(ClassificationClasses[Suborder]=_xlpm.subord)*(ClassificationClasses[Infraorder]=_xlpm.infr)*(ClassificationClasses[Superfamily]=_xlpm.sf)*(ClassificationClasses[Family]=_xlpm.fam),""),""), _xlpm.uniqueFam,IF(_xlpm.famMatch="","",_xlfn.UNIQUE(_xlpm.famMatch)), _xlpm.numUniqueFam,IF(_xlpm.uniqueFam="",0,ROWS(_xlpm.uniqueFam)), _xlpm.resultFam,IF(_xlpm.numUniqueFam=1,INDEX(_xlpm.uniqueFam,1),IF(_xlpm.numUniqueFam>=1,_xlpm.fam,"")), _xlpm.sfMatch,IFERROR(_xlfn._xlws.FILTER(ClassificationClasses[Classification Class],(ClassificationClasses[Class]=_xlpm.cls)*(ClassificationClasses[Order]=_xlpm.ord)*(ClassificationClasses[Suborder]=_xlpm.subord)*(ClassificationClasses[Infraorder]=_xlpm.infr)*(ClassificationClasses[Superfamily]=_xlpm.sf),""),""), _xlpm.uniqueSf,IF(_xlpm.sfMatch="","",_xlfn.UNIQUE(_xlpm.sfMatch)), _xlpm.numUniqueSf,IF(_xlpm.uniqueSf="",0,ROWS(_xlpm.uniqueSf)), _xlpm.resultSf,IF(_xlpm.numUniqueSf=1,INDEX(_xlpm.uniqueSf,1),IF(_xlpm.numUniqueSf>=1,_xlpm.sf,"")), _xlpm.computedResult,IF(AND(_xlpm.fam="#N/C",_xlpm.subfam="#N/C"),_xlpm.sf,IF(_xlpm.resultSubfam<>"",_xlpm.resultSubfam,IF(_xlpm.resultFam<>"",_xlpm.resultFam,IF(_xlpm.resultSf<>"",_xlpm.resultSf,"")))), _xlpm.fallback,IF(IFERROR(B74,"#N/C")="#N/C",A74,IF(IFERROR(C74,"#N/C")="#N/C",B74,IF(IFERROR(D74,"#N/C")="#N/C",C74,IF(IFERROR(E74,"#N/C")="#N/C",D74,IF(IFERROR(F74,"#N/C")="#N/C",E74,IF(IFERROR(G74,"#N/C")="#N/C",F74,"#N/C")))))), _xlpm.finalResult,IF(OR(_xlpm.computedResult="",_xlpm.computedResult="#N/C"),_xlpm.fallback,_xlpm.computedResult), INDEX(_xlpm.finalResult,1))} -> flesh_fly | K74: =+CONCATENATE(A74,".",B74,".",C74,".",D74,".",E74,".",F74,".",G74,".",H74,".",I74) -> Insecta.Diptera.Brachycera.Muscomorpha.Oestroidea.Tachinidae.Phasiinae.Gymnosoma.#N/C | L74: =+COUNTIF(Monitoring!#REF!,K74) -> #REF!
A75: Insecta | B75: Diptera | C75: Brachycera | D75: =+IFERROR(IF(E75="#N/C","#N/C",INDEX('ClassificationClasses'!D:D,MATCH(E75,'ClassificationClasses'!E:E,0))),"ERROR") -> Muscomorpha | E75: Oestroidea | F75: Tachinidae | G75: Tachininae | H75: Tachina | I75: #N/C | J75: {=_xlfn.LET(_xlpm.cls,A75, _xlpm.ord,IFERROR(B75,"#N/C"), _xlpm.subord,IFERROR(C75,"#N/C"), _xlpm.infr,IFERROR(D75,"#N/C"), _xlpm.sf,IFERROR(E75,"#N/C"), _xlpm.fam,IFERROR(F75,"#N/C"), _xlpm.subfam,IF(TRIM(G75)="-","#N/C",IFERROR(G75,"#N/C")), _xlpm.subfamMatch,IFERROR(_xlfn._xlws.FILTER(ClassificationClasses[Classification Class],(ClassificationClasses[Class]=_xlpm.cls)*(ClassificationClasses[Order]=_xlpm.ord)*(ClassificationClasses[Suborder]=_xlpm.subord)*(ClassificationClasses[Infraorder]=_xlpm.infr)*(ClassificationClasses[Superfamily]=_xlpm.sf)*(ClassificationClasses[Family]=_xlpm.fam)*(ClassificationClasses[Subfamily]=_xlpm.subfam),""),""), _xlpm.uniqueSubfam,IF(_xlpm.subfamMatch="","",_xlfn.UNIQUE(_xlpm.subfamMatch)), _xlpm.numUniqueSubfam,IF(_xlpm.uniqueSubfam="",0,ROWS(_xlpm.uniqueSubfam)), _xlpm.resultSubfam,IF(_xlpm.numUniqueSubfam=1,INDEX(_xlpm.uniqueSubfam,1),IF(_xlpm.numUniqueSubfam>=1,_xlpm.subfam,"")), _xlpm.famMatch,IFERROR(_xlfn._xlws.FILTER(ClassificationClasses[Classification Class],(ClassificationClasses[Class]=_xlpm.cls)*(ClassificationClasses[Order]=_xlpm.ord)*(ClassificationClasses[Suborder]=_xlpm.subord)*(ClassificationClasses[Infraorder]=_xlpm.infr)*(ClassificationClasses[Superfamily]=_xlpm.sf)*(ClassificationClasses[Family]=_xlpm.fam),""),""), _xlpm.uniqueFam,IF(_xlpm.famMatch="","",_xlfn.UNIQUE(_xlpm.famMatch)), _xlpm.numUniqueFam,IF(_xlpm.uniqueFam="",0,ROWS(_xlpm.uniqueFam)), _xlpm.resultFam,IF(_xlpm.numUniqueFam=1,INDEX(_xlpm.uniqueFam,1),IF(_xlpm.numUniqueFam>=1,_xlpm.fam,"")), _xlpm.sfMatch,IFERROR(_xlfn._xlws.FILTER(ClassificationClasses[Classification Class],(ClassificationClasses[Class]=_xlpm.cls)*(ClassificationClasses[Order]=_xlpm.ord)*(ClassificationClasses[Suborder]=_xlpm.subord)*(ClassificationClasses[Infraorder]=_xlpm.infr)*(ClassificationClasses[Superfamily]=_xlpm.sf),""),""), _xlpm.uniqueSf,IF(_xlpm.sfMatch="","",_xlfn.UNIQUE(_xlpm.sfMatch)), _xlpm.numUniqueSf,IF(_xlpm.uniqueSf="",0,ROWS(_xlpm.uniqueSf)), _xlpm.resultSf,IF(_xlpm.numUniqueSf=1,INDEX(_xlpm.uniqueSf,1),IF(_xlpm.numUniqueSf>=1,_xlpm.sf,"")), _xlpm.computedResult,IF(AND(_xlpm.fam="#N/C",_xlpm.subfam="#N/C"),_xlpm.sf,IF(_xlpm.resultSubfam<>"",_xlpm.resultSubfam,IF(_xlpm.resultFam<>"",_xlpm.resultFam,IF(_xlpm.resultSf<>"",_xlpm.resultSf,"")))), _xlpm.fallback,IF(IFERROR(B75,"#N/C")="#N/C",A75,IF(IFERROR(C75,"#N/C")="#N/C",B75,IF(IFERROR(D75,"#N/C")="#N/C",C75,IF(IFERROR(E75,"#N/C")="#N/C",D75,IF(IFERROR(F75,"#N/C")="#N/C",E75,IF(IFERROR(G75,"#N/C")="#N/C",F75,"#N/C")))))), _xlpm.finalResult,IF(OR(_xlpm.computedResult="",_xlpm.computedResult="#N/C"),_xlpm.fallback,_xlpm.computedResult), INDEX(_xlpm.finalResult,1))} -> flesh_fly | K75: =+CONCATENATE(A75,".",B75,".",C75,".",D75,".",E75,".",F75,".",G75,".",H75,".",I75) -> Insecta.Diptera.Brachycera.Muscomorpha.Oestroidea.Tachinidae.Tachininae.Tachina.#N/C | L75: =+COUNTIF(Monitoring!#REF!,K75) -> #REF!
A76: Insecta | B76: Diptera | C76: Brachycera | D76: =+IFERROR(IF(E76="#N/C","#N/C",INDEX('ClassificationClasses'!D:D,MATCH(E76,'ClassificationClasses'!E:E,0))),"ERROR") -> Muscomorpha | E76: Opomyzoidea | F76: Opomyzidae | H76: Geomyza | I76: tripunctata | J76: {=_xlfn.LET(_xlpm.cls,A76, _xlpm.ord,IFERROR(B76,"#N/C"), _xlpm.subord,IFERROR(C76,"#N/C"), _xlpm.infr,IFERROR(D76,"#N/C"), _xlpm.sf,IFERROR(E76,"#N/C"), _xlpm.fam,IFERROR(F76,"#N/C"), _xlpm.subfam,IF(TRIM(G76)="-","#N/C",IFERROR(G76,"#N/C")), _xlpm.subfamMatch,IFERROR(_xlfn._xlws.FILTER(ClassificationClasses[Classification Class],(ClassificationClasses[Class]=_xlpm.cls)*(ClassificationClasses[Order]=_xlpm.ord)*(ClassificationClasses[Suborder]=_xlpm.subord)*(ClassificationClasses[Infraorder]=_xlpm.infr)*(ClassificationClasses[Superfamily]=_xlpm.sf)*(ClassificationClasses[Family]=_xlpm.fam)*(ClassificationClasses[Subfamily]=_xlpm.subfam),""),""), _xlpm.uniqueSubfam,IF(_xlpm.subfamMatch="","",_xlfn.UNIQUE(_xlpm.subfamMatch)), _xlpm.numUniqueSubfam,IF(_xlpm.uniqueSubfam="",0,ROWS(_xlpm.uniqueSubfam)), _xlpm.resultSubfam,IF(_xlpm.numUniqueSubfam=1,INDEX(_xlpm.uniqueSubfam,1),IF(_xlpm.numUniqueSubfam>=1,_xlpm.subfam,"")), _xlpm.famMatch,IFERROR(_xlfn._xlws.FILTER(ClassificationClasses[Classification Class],(ClassificationClasses[Class]=_xlpm.cls)*(ClassificationClasses[Order]=_xlpm.ord)*(ClassificationClasses[Suborder]=_xlpm.subord)*(ClassificationClasses[Infraorder]=_xlpm.infr)*(ClassificationClasses[Superfamily]=_xlpm.sf)*(ClassificationClasses[Family]=_xlpm.fam),""),""), _xlpm.uniqueFam,IF(_xlpm.famMatch="","",_xlfn.UNIQUE(_xlpm.famMatch)), _xlpm.numUniqueFam,IF(_xlpm.uniqueFam="",0,ROWS(_xlpm.uniqueFam)), _xlpm.resultFam,IF(_xlpm.numUniqueFam=1,INDEX(_xlpm.uniqueFam,1),IF(_xlpm.numUniqueFam>=1,_xlpm.fam,"")), _xlpm.sfMatch,IFERROR(_xlfn._xlws.FILTER(ClassificationClasses[Classification Class],(ClassificationClasses[Class]=_xlpm.cls)*(ClassificationClasses[Order]=_xlpm.ord)*(ClassificationClasses[Suborder]=_xlpm.subord)*(ClassificationClasses[Infraorder]=_xlpm.infr)*(ClassificationClasses[Superfamily]=_xlpm.sf),""),""), _xlpm.uniqueSf,IF(_xlpm.sfMatch="","",_xlfn.UNIQUE(_xlpm.sfMatch)), _xlpm.numUniqueSf,IF(_xlpm.uniqueSf="",0,ROWS(_xlpm.uniqueSf)), _xlpm.resultSf,IF(_xlpm.numUniqueSf=1,INDEX(_xlpm.uniqueSf,1),IF(_xlpm.numUniqueSf>=1,_xlpm.sf,"")), _xlpm.computedResult,IF(AND(_xlpm.fam="#N/C",_xlpm.subfam="#N/C"),_xlpm.sf,IF(_xlpm.resultSubfam<>"",_xlpm.resultSubfam,IF(_xlpm.resultFam<>"",_xlpm.resultFam,IF(_xlpm.resultSf<>"",_xlpm.resultSf,"")))), _xlpm.fallback,IF(IFERROR(B76,"#N/C")="#N/C",A76,IF(IFERROR(C76,"#N/C")="#N/C",B76,IF(IFERROR(D76,"#N/C")="#N/C",C76,IF(IFERROR(E76,"#N/C")="#N/C",D76,IF(IFERROR(F76,"#N/C")="#N/C",E76,IF(IFERROR(G76,"#N/C")="#N/C",F76,"#N/C")))))), _xlpm.finalResult,IF(OR(_xlpm.computedResult="",_xlpm.computedResult="#N/C"),_xlpm.fallback,_xlpm.computedResult), INDEX(_xlpm.finalResult,1))} -> fly | K76: =+CONCATENATE(A76,".",B76,".",C76,".",D76,".",E76,".",F76,".",G76,".",H76,".",I76) -> Insecta.Diptera.Brachycera.Muscomorpha.Opomyzoidea.Opomyzidae..Geomyza.tripunctata | L76: =+COUNTIF(Monitoring!#REF!,K76) -> #REF!
A77: Insecta | B77: Diptera | C77: Brachycera | D77: =+IFERROR(IF(E77="#N/C","#N/C",INDEX('ClassificationClasses'!D:D,MATCH(E77,'ClassificationClasses'!E:E,0))),"ERROR") -> Muscomorpha | E77: Opomyzoidea | F77: Opomyzidae | G77: #N/C | H77: #N/C | I77: #N/C | J77: {=_xlfn.LET(_xlpm.cls,A77, _xlpm.ord,IFERROR(B77,"#N/C"), _xlpm.subord,IFERROR(C77,"#N/C"), _xlpm.infr,IFERROR(D77,"#N/C"), _xlpm.sf,IFERROR(E77,"#N/C"), _xlpm.fam,IFERROR(F77,"#N/C"), _xlpm.subfam,IF(TRIM(G77)="-","#N/C",IFERROR(G77,"#N/C")), _xlpm.subfamMatch,IFERROR(_xlfn._xlws.FILTER(ClassificationClasses[Classification Class],(ClassificationClasses[Class]=_xlpm.cls)*(ClassificationClasses[Order]=_xlpm.ord)*(ClassificationClasses[Suborder]=_xlpm.subord)*(ClassificationClasses[Infraorder]=_xlpm.infr)*(ClassificationClasses[Superfamily]=_xlpm.sf)*(ClassificationClasses[Family]=_xlpm.fam)*(ClassificationClasses[Subfamily]=_xlpm.subfam),""),""), _xlpm.uniqueSubfam,IF(_xlpm.subfamMatch="","",_xlfn.UNIQUE(_xlpm.subfamMatch)), _xlpm.numUniqueSubfam,IF(_xlpm.uniqueSubfam="",0,ROWS(_xlpm.uniqueSubfam)), _xlpm.resultSubfam,IF(_xlpm.numUniqueSubfam=1,INDEX(_xlpm.uniqueSubfam,1),IF(_xlpm.numUniqueSubfam>=1,_xlpm.subfam,"")), _xlpm.famMatch,IFERROR(_xlfn._xlws.FILTER(ClassificationClasses[Classification Class],(ClassificationClasses[Class]=_xlpm.cls)*(ClassificationClasses[Order]=_xlpm.ord)*(ClassificationClasses[Suborder]=_xlpm.subord)*(ClassificationClasses[Infraorder]=_xlpm.infr)*(ClassificationClasses[Superfamily]=_xlpm.sf)*(ClassificationClasses[Family]=_xlpm.fam),""),""), _xlpm.uniqueFam,IF(_xlpm.famMatch="","",_xlfn.UNIQUE(_xlpm.famMatch)), _xlpm.numUniqueFam,IF(_xlpm.uniqueFam="",0,ROWS(_xlpm.uniqueFam)), _xlpm.resultFam,IF(_xlpm.numUniqueFam=1,INDEX(_xlpm.uniqueFam,1),IF(_xlpm.numUniqueFam>=1,_xlpm.fam,"")), _xlpm.sfMatch,IFERROR(_xlfn._xlws.FILTER(ClassificationClasses[Classification Class],(ClassificationClasses[Class]=_xlpm.cls)*(ClassificationClasses[Order]=_xlpm.ord)*(ClassificationClasses[Suborder]=_xlpm.subord)*(ClassificationClasses[Infraorder]=_xlpm.infr)*(ClassificationClasses[Superfamily]=_xlpm.sf),""),""), _xlpm.uniqueSf,IF(_xlpm.sfMatch="","",_xlfn.UNIQUE(_xlpm.sfMatch)), _xlpm.numUniqueSf,IF(_xlpm.uniqueSf="",0,ROWS(_xlpm.uniqueSf)), _xlpm.resultSf,IF(_xlpm.numUniqueSf=1,INDEX(_xlpm.uniqueSf,1),IF(_xlpm.numUniqueSf>=1,_xlpm.sf,"")), _xlpm.computedResult,IF(AND(_xlpm.fam="#N/C",_xlpm.subfam="#N/C"),_xlpm.sf,IF(_xlpm.resultSubfam<>"",_xlpm.resultSubfam,IF(_xlpm.resultFam<>"",_xlpm.resultFam,IF(_xlpm.resultSf<>"",_xlpm.resultSf,"")))), _xlpm.fallback,IF(IFERROR(B77,"#N/C")="#N/C",A77,IF(IFERROR(C77,"#N/C")="#N/C",B77,IF(IFERROR(D77,"#N/C")="#N/C",C77,IF(IFERROR(E77,"#N/C")="#N/C",D77,IF(IFERROR(F77,"#N/C")="#N/C",E77,IF(IFERROR(G77,"#N/C")="#N/C",F77,"#N/C")))))), _xlpm.finalResult,IF(OR(_xlpm.computedResult="",_xlpm.computedResult="#N/C"),_xlpm.fallback,_xlpm.computedResult), INDEX(_xlpm.finalResult,1))} -> fly | K77: =+CONCATENATE(A77,".",B77,".",C77,".",D77,".",E77,".",F77,".",G77,".",H77,".",I77) -> Insecta.Diptera.Brachycera.Muscomorpha.Opomyzoidea.Opomyzidae.#N/C.#N/C.#N/C | L77: =+COUNTIF(Monitoring!#REF!,K77) -> #REF!
A78: Insecta | B78: Diptera | C78: Brachycera | D78: =+IFERROR(IF(E78="#N/C","#N/C",INDEX('ClassificationClasses'!D:D,MATCH(E78,'ClassificationClasses'!E:E,0))),"ERROR") -> Muscomorpha | E78: Phoroidea | F78: Lonchopteridae | H78: Lonchoptera | I78: #N/C | J78: {=_xlfn.LET(_xlpm.cls,A78, _xlpm.ord,IFERROR(B78,"#N/C"), _xlpm.subord,IFERROR(C78,"#N/C"), _xlpm.infr,IFERROR(D78,"#N/C"), _xlpm.sf,IFERROR(E78,"#N/C"), _xlpm.fam,IFERROR(F78,"#N/C"), _xlpm.subfam,IF(TRIM(G78)="-","#N/C",IFERROR(G78,"#N/C")), _xlpm.subfamMatch,IFERROR(_xlfn._xlws.FILTER(ClassificationClasses[Classification Class],(ClassificationClasses[Class]=_xlpm.cls)*(ClassificationClasses[Order]=_xlpm.ord)*(ClassificationClasses[Suborder]=_xlpm.subord)*(ClassificationClasses[Infraorder]=_xlpm.infr)*(ClassificationClasses[Superfamily]=_xlpm.sf)*(ClassificationClasses[Family]=_xlpm.fam)*(ClassificationClasses[Subfamily]=_xlpm.subfam),""),""), _xlpm.uniqueSubfam,IF(_xlpm.subfamMatch="","",_xlfn.UNIQUE(_xlpm.subfamMatch)), _xlpm.numUniqueSubfam,IF(_xlpm.uniqueSubfam="",0,ROWS(_xlpm.uniqueSubfam)), _xlpm.resultSubfam,IF(_xlpm.numUniqueSubfam=1,INDEX(_xlpm.uniqueSubfam,1),IF(_xlpm.numUniqueSubfam>=1,_xlpm.subfam,"")), _xlpm.famMatch,IFERROR(_xlfn._xlws.FILTER(ClassificationClasses[Classification Class],(ClassificationClasses[Class]=_xlpm.cls)*(ClassificationClasses[Order]=_xlpm.ord)*(ClassificationClasses[Suborder]=_xlpm.subord)*(ClassificationClasses[Infraorder]=_xlpm.infr)*(ClassificationClasses[Superfamily]=_xlpm.sf)*(ClassificationClasses[Family]=_xlpm.fam),""),""), _xlpm.uniqueFam,IF(_xlpm.famMatch="","",_xlfn.UNIQUE(_xlpm.famMatch)), _xlpm.numUniqueFam,IF(_xlpm.uniqueFam="",0,ROWS(_xlpm.uniqueFam)), _xlpm.resultFam,IF(_xlpm.numUniqueFam=1,INDEX(_xlpm.uniqueFam,1),IF(_xlpm.numUniqueFam>=1,_xlpm.fam,"")), _xlpm.sfMatch,IFERROR(_xlfn._xlws.FILTER(ClassificationClasses[Classification Class],(ClassificationClasses[Class]=_xlpm.cls)*(ClassificationClasses[Order]=_xlpm.ord)*(ClassificationClasses[Suborder]=_xlpm.subord)*(ClassificationClasses[Infraorder]=_xlpm.infr)*(ClassificationClasses[Superfamily]=_xlpm.sf),""),""), _xlpm.uniqueSf,IF(_xlpm.sfMatch="","",_xlfn.UNIQUE(_xlpm.sfMatch)), _xlpm.numUniqueSf,IF(_xlpm.uniqueSf="",0,ROWS(_xlpm.uniqueSf)), _xlpm.resultSf,IF(_xlpm.numUniqueSf=1,INDEX(_xlpm.uniqueSf,1),IF(_xlpm.numUniqueSf>=1,_xlpm.sf,"")), _xlpm.computedResult,IF(AND(_xlpm.fam="#N/C",_xlpm.subfam="#N/C"),_xlpm.sf,IF(_xlpm.resultSubfam<>"",_xlpm.resultSubfam,IF(_xlpm.resultFam<>"",_xlpm.resultFam,IF(_xlpm.resultSf<>"",_xlpm.resultSf,"")))), _xlpm.fallback,IF(IFERROR(B78,"#N/C")="#N/C",A78,IF(IFERROR(C78,"#N/C")="#N/C",B78,IF(IFERROR(D78,"#N/C")="#N/C",C78,IF(IFERROR(E78,"#N/C")="#N/C",D78,IF(IFERROR(F78,"#N/C")="#N/C",E78,IF(IFERROR(G78,"#N/C")="#N/C",F78,"#N/C")))))), _xlpm.finalResult,IF(OR(_xlpm.computedResult="",_xlpm.computedResult="#N/C"),_xlpm.fallback,_xlpm.computedResult), INDEX(_xlpm.finalResult,1))} -> fly | K78: =+CONCATENATE(A78,".",B78,".",C78,".",D78,".",E78,".",F78,".",G78,".",H78,".",I78) -> Insecta.Diptera.Brachycera.Muscomorpha.Phoroidea.Lonchopteridae..Lonchoptera.#N/C | L78: =+COUNTIF(Monitoring!#REF!,K78) -> #REF!
A79: Insecta | B79: Diptera | C79: Brachycera | D79: =+IFERROR(IF(E79="#N/C","#N/C",INDEX('ClassificationClasses'!D:D,MATCH(E79,'ClassificationClasses'!E:E,0))),"ERROR") -> Muscomorpha | E79: Phoroidea | F79: Phoridae | G79: #N/C | H79: #N/C | I79: #N/C | J79: {=_xlfn.LET(_xlpm.cls,A79, _xlpm.ord,IFERROR(B79,"#N/C"), _xlpm.subord,IFERROR(C79,"#N/C"), _xlpm.infr,IFERROR(D79,"#N/C"), _xlpm.sf,IFERROR(E79,"#N/C"), _xlpm.fam,IFERROR(F79,"#N/C"), _xlpm.subfam,IF(TRIM(G79)="-","#N/C",IFERROR(G79,"#N/C")), _xlpm.subfamMatch,IFERROR(_xlfn._xlws.FILTER(ClassificationClasses[Classification Class],(ClassificationClasses[Class]=_xlpm.cls)*(ClassificationClasses[Order]=_xlpm.ord)*(ClassificationClasses[Suborder]=_xlpm.subord)*(ClassificationClasses[Infraorder]=_xlpm.infr)*(ClassificationClasses[Superfamily]=_xlpm.sf)*(ClassificationClasses[Family]=_xlpm.fam)*(ClassificationClasses[Subfamily]=_xlpm.subfam),""),""), _xlpm.uniqueSubfam,IF(_xlpm.subfamMatch="","",_xlfn.UNIQUE(_xlpm.subfamMatch)), _xlpm.numUniqueSubfam,IF(_xlpm.uniqueSubfam="",0,ROWS(_xlpm.uniqueSubfam)), _xlpm.resultSubfam,IF(_xlpm.numUniqueSubfam=1,INDEX(_xlpm.uniqueSubfam,1),IF(_xlpm.numUniqueSubfam>=1,_xlpm.subfam,"")), _xlpm.famMatch,IFERROR(_xlfn._xlws.FILTER(ClassificationClasses[Classification Class],(ClassificationClasses[Class]=_xlpm.cls)*(ClassificationClasses[Order]=_xlpm.ord)*(ClassificationClasses[Suborder]=_xlpm.subord)*(ClassificationClasses[Infraorder]=_xlpm.infr)*(ClassificationClasses[Superfamily]=_xlpm.sf)*(ClassificationClasses[Family]=_xlpm.fam),""),""), _xlpm.uniqueFam,IF(_xlpm.famMatch="","",_xlfn.UNIQUE(_xlpm.famMatch)), _xlpm.numUniqueFam,IF(_xlpm.uniqueFam="",0,ROWS(_xlpm.uniqueFam)), _xlpm.resultFam,IF(_xlpm.numUniqueFam=1,INDEX(_xlpm.uniqueFam,1),IF(_xlpm.numUniqueFam>=1,_xlpm.fam,"")), _xlpm.sfMatch,IFERROR(_xlfn._xlws.FILTER(ClassificationClasses[Classification Class],(ClassificationClasses[Class]=_xlpm.cls)*(ClassificationClasses[Order]=_xlpm.ord)*(ClassificationClasses[Suborder]=_xlpm.subord)*(ClassificationClasses[Infraorder]=_xlpm.infr)*(ClassificationClasses[Superfamily]=_xlpm.sf),""),""), _xlpm.uniqueSf,IF(_xlpm.sfMatch="","",_xlfn.UNIQUE(_xlpm.sfMatch)), _xlpm.numUniqueSf,IF(_xlpm.uniqueSf="",0,ROWS(_xlpm.uniqueSf)), _xlpm.resultSf,IF(_xlpm.numUniqueSf=1,INDEX(_xlpm.uniqueSf,1),IF(_xlpm.numUniqueSf>=1,_xlpm.sf,"")), _xlpm.computedResult,IF(AND(_xlpm.fam="#N/C",_xlpm.subfam="#N/C"),_xlpm.sf,IF(_xlpm.resultSubfam<>"",_xlpm.resultSubfam,IF(_xlpm.resultFam<>"",_xlpm.resultFam,IF(_xlpm.resultSf<>"",_xlpm.resultSf,"")))), _xlpm.fallback,IF(IFERROR(B79,"#N/C")="#N/C",A79,IF(IFERROR(C79,"#N/C")="#N/C",B79,IF(IFERROR(D79,"#N/C")="#N/C",C79,IF(IFERROR(E79,"#N/C")="#N/C",D79,IF(IFERROR(F79,"#N/C")="#N/C",E79,IF(IFERROR(G79,"#N/C")="#N/C",F79,"#N/C")))))), _xlpm.finalResult,IF(OR(_xlpm.computedResult="",_xlpm.computedResult="#N/C"),_xlpm.fallback,_xlpm.computedResult), INDEX(_xlpm.finalResult,1))} -> fly | K79: =+CONCATENATE(A79,".",B79,".",C79,".",D79,".",E79,".",F79,".",G79,".",H79,".",I79) -> Insecta.Diptera.Brachycera.Muscomorpha.Phoroidea.Phoridae.#N/C.#N/C.#N/C | L79: =+COUNTIF(Monitoring!#REF!,K79) -> #REF!
A80: Insecta | B80: Diptera | C80: Brachycera | D80: =+IFERROR(IF(E80="#N/C","#N/C",INDEX('ClassificationClasses'!D:D,MATCH(E80,'ClassificationClasses'!E:E,0))),"ERROR") -> Muscomorpha | E80: Phoroidea | F80: Phoridae | G80: Metopininae | H80: Megaselia | I80: #N/C | J80: {=_xlfn.LET(_xlpm.cls,A80, _xlpm.ord,IFERROR(B80,"#N/C"), _xlpm.subord,IFERROR(C80,"#N/C"), _xlpm.infr,IFERROR(D80,"#N/C"), _xlpm.sf,IFERROR(E80,"#N/C"), _xlpm.fam,IFERROR(F80,"#N/C"), _xlpm.subfam,IF(TRIM(G80)="-","#N/C",IFERROR(G80,"#N/C")), _xlpm.subfamMatch,IFERROR(_xlfn._xlws.FILTER(ClassificationClasses[Classification Class],(ClassificationClasses[Class]=_xlpm.cls)*(ClassificationClasses[Order]=_xlpm.ord)*(ClassificationClasses[Suborder]=_xlpm.subord)*(ClassificationClasses[Infraorder]=_xlpm.infr)*(ClassificationClasses[Superfamily]=_xlpm.sf)*(ClassificationClasses[Family]=_xlpm.fam)*(ClassificationClasses[Subfamily]=_xlpm.subfam),""),""), _xlpm.uniqueSubfam,IF(_xlpm.subfamMatch="","",_xlfn.UNIQUE(_xlpm.subfamMatch)), _xlpm.numUniqueSubfam,IF(_xlpm.uniqueSubfam="",0,ROWS(_xlpm.uniqueSubfam)), _xlpm.resultSubfam,IF(_xlpm.numUniqueSubfam=1,INDEX(_xlpm.uniqueSubfam,1),IF(_xlpm.numUniqueSubfam>=1,_xlpm.subfam,"")), _xlpm.famMatch,IFERROR(_xlfn._xlws.FILTER(ClassificationClasses[Classification Class],(ClassificationClasses[Class]=_xlpm.cls)*(ClassificationClasses[Order]=_xlpm.ord)*(ClassificationClasses[Suborder]=_xlpm.subord)*(ClassificationClasses[Infraorder]=_xlpm.infr)*(ClassificationClasses[Superfamily]=_xlpm.sf)*(ClassificationClasses[Family]=_xlpm.fam),""),""), _xlpm.uniqueFam,IF(_xlpm.famMatch="","",_xlfn.UNIQUE(_xlpm.famMatch)), _xlpm.numUniqueFam,IF(_xlpm.uniqueFam="",0,ROWS(_xlpm.uniqueFam)), _xlpm.resultFam,IF(_xlpm.numUniqueFam=1,INDEX(_xlpm.uniqueFam,1),IF(_xlpm.numUniqueFam>=1,_xlpm.fam,"")), _xlpm.sfMatch,IFERROR(_xlfn._xlws.FILTER(ClassificationClasses[Classification Class],(ClassificationClasses[Class]=_xlpm.cls)*(ClassificationClasses[Order]=_xlpm.ord)*(ClassificationClasses[Suborder]=_xlpm.subord)*(ClassificationClasses[Infraorder]=_xlpm.infr)*(ClassificationClasses[Superfamily]=_xlpm.sf),""),""), _xlpm.uniqueSf,IF(_xlpm.sfMatch="","",_xlfn.UNIQUE(_xlpm.sfMatch)), _xlpm.numUniqueSf,IF(_xlpm.uniqueSf="",0,ROWS(_xlpm.uniqueSf)), _xlpm.resultSf,IF(_xlpm.numUniqueSf=1,INDEX(_xlpm.uniqueSf,1),IF(_xlpm.numUniqueSf>=1,_xlpm.sf,"")), _xlpm.computedResult,IF(AND(_xlpm.fam="#N/C",_xlpm.subfam="#N/C"),_xlpm.sf,IF(_xlpm.resultSubfam<>"",_xlpm.resultSubfam,IF(_xlpm.resultFam<>"",_xlpm.resultFam,IF(_xlpm.resultSf<>"",_xlpm.resultSf,"")))), _xlpm.fallback,IF(IFERROR(B80,"#N/C")="#N/C",A80,IF(IFERROR(C80,"#N/C")="#N/C",B80,IF(IFERROR(D80,"#N/C")="#N/C",C80,IF(IFERROR(E80,"#N/C")="#N/C",D80,IF(IFERROR(F80,"#N/C")="#N/C",E80,IF(IFERROR(G80,"#N/C")="#N/C",F80,"#N/C")))))), _xlpm.finalResult,IF(OR(_xlpm.computedResult="",_xlpm.computedResult="#N/C"),_xlpm.fallback,_xlpm.computedResult), INDEX(_xlpm.finalResult,1))} -> fly | K80: =+CONCATENATE(A80,".",B80,".",C80,".",D80,".",E80,".",F80,".",G80,".",H80,".",I80) -> Insecta.Diptera.Brachycera.Muscomorpha.Phoroidea.Phoridae.Metopininae.Megaselia.#N/C | L80: =+COUNTIF(Monitoring!#REF!,K80) -> #REF!
A81: Insecta | B81: Diptera | C81: Brachycera | D81: =+IFERROR(IF(E81="#N/C","#N/C",INDEX('ClassificationClasses'!D:D,MATCH(E81,'ClassificationClasses'!E:E,0))),"ERROR") -> Tabanomorpha | E81: Rhagionoidea | F81: Rhagionidae | G81: Rhagioninae | H81: Rhagio | I81: tringarius | J81: {=_xlfn.LET(_xlpm.cls,A81, _xlpm.ord,IFERROR(B81,"#N/C"), _xlpm.subord,IFERROR(C81,"#N/C"), _xlpm.infr,IFERROR(D81,"#N/C"), _xlpm.sf,IFERROR(E81,"#N/C"), _xlpm.fam,IFERROR(F81,"#N/C"), _xlpm.subfam,IF(TRIM(G81)="-","#N/C",IFERROR(G81,"#N/C")), _xlpm.subfamMatch,IFERROR(_xlfn._xlws.FILTER(ClassificationClasses[Classification Class],(ClassificationClasses[Class]=_xlpm.cls)*(ClassificationClasses[Order]=_xlpm.ord)*(ClassificationClasses[Suborder]=_xlpm.subord)*(ClassificationClasses[Infraorder]=_xlpm.infr)*(ClassificationClasses[Superfamily]=_xlpm.sf)*(ClassificationClasses[Family]=_xlpm.fam)*(ClassificationClasses[Subfamily]=_xlpm.subfam),""),""), _xlpm.uniqueSubfam,IF(_xlpm.subfamMatch="","",_xlfn.UNIQUE(_xlpm.subfamMatch)), _xlpm.numUniqueSubfam,IF(_xlpm.uniqueSubfam="",0,ROWS(_xlpm.uniqueSubfam)), _xlpm.resultSubfam,IF(_xlpm.numUniqueSubfam=1,INDEX(_xlpm.uniqueSubfam,1),IF(_xlpm.numUniqueSubfam>=1,_xlpm.subfam,"")), _xlpm.famMatch,IFERROR(_xlfn._xlws.FILTER(ClassificationClasses[Classification Class],(ClassificationClasses[Class]=_xlpm.cls)*(ClassificationClasses[Order]=_xlpm.ord)*(ClassificationClasses[Suborder]=_xlpm.subord)*(ClassificationClasses[Infraorder]=_xlpm.infr)*(ClassificationClasses[Superfamily]=_xlpm.sf)*(ClassificationClasses[Family]=_xlpm.fam),""),""), _xlpm.uniqueFam,IF(_xlpm.famMatch="","",_xlfn.UNIQUE(_xlpm.famMatch)), _xlpm.numUniqueFam,IF(_xlpm.uniqueFam="",0,ROWS(_xlpm.uniqueFam)), _xlpm.resultFam,IF(_xlpm.numUniqueFam=1,INDEX(_xlpm.uniqueFam,1),IF(_xlpm.numUniqueFam>=1,_xlpm.fam,"")), _xlpm.sfMatch,IFERROR(_xlfn._xlws.FILTER(ClassificationClasses[Classification Class],(ClassificationClasses[Class]=_xlpm.cls)*(ClassificationClasses[Order]=_xlpm.ord)*(ClassificationClasses[Suborder]=_xlpm.subord)*(ClassificationClasses[Infraorder]=_xlpm.infr)*(ClassificationClasses[Superfamily]=_xlpm.sf),""),""), _xlpm.uniqueSf,IF(_xlpm.sfMatch="","",_xlfn.UNIQUE(_xlpm.sfMatch)), _xlpm.numUniqueSf,IF(_xlpm.uniqueSf="",0,ROWS(_xlpm.uniqueSf)), _xlpm.resultSf,IF(_xlpm.numUniqueSf=1,INDEX(_xlpm.uniqueSf,1),IF(_xlpm.numUniqueSf>=1,_xlpm.sf,"")), _xlpm.computedResult,IF(AND(_xlpm.fam="#N/C",_xlpm.subfam="#N/C"),_xlpm.sf,IF(_xlpm.resultSubfam<>"",_xlpm.resultSubfam,IF(_xlpm.resultFam<>"",_xlpm.resultFam,IF(_xlpm.resultSf<>"",_xlpm.resultSf,"")))), _xlpm.fallback,IF(IFERROR(B81,"#N/C")="#N/C",A81,IF(IFERROR(C81,"#N/C")="#N/C",B81,IF(IFERROR(D81,"#N/C")="#N/C",C81,IF(IFERROR(E81,"#N/C")="#N/C",D81,IF(IFERROR(F81,"#N/C")="#N/C",E81,IF(IFERROR(G81,"#N/C")="#N/C",F81,"#N/C")))))), _xlpm.finalResult,IF(OR(_xlpm.computedResult="",_xlpm.computedResult="#N/C"),_xlpm.fallback,_xlpm.computedResult), INDEX(_xlpm.finalResult,1))} -> snipe_fly | K81: =+CONCATENATE(A81,".",B81,".",C81,".",D81,".",E81,".",F81,".",G81,".",H81,".",I81) -> Insecta.Diptera.Brachycera.Tabanomorpha.Rhagionoidea.Rhagionidae.Rhagioninae.Rhagio.tringarius | L81: =+COUNTIF(Monitoring!#REF!,K81) -> #REF!
A82: Insecta | B82: Diptera | C82: Brachycera | D82: =+IFERROR(IF(E82="#N/C","#N/C",INDEX('ClassificationClasses'!D:D,MATCH(E82,'ClassificationClasses'!E:E,0))),"ERROR") -> Muscomorpha | E82: Sciomyzoidea | F82: Sciomyzidae | G82: Sciomyzinae | H82: Tetanocera | I82: #N/C | J82: {=_xlfn.LET(_xlpm.cls,A82, _xlpm.ord,IFERROR(B82,"#N/C"), _xlpm.subord,IFERROR(C82,"#N/C"), _xlpm.infr,IFERROR(D82,"#N/C"), _xlpm.sf,IFERROR(E82,"#N/C"), _xlpm.fam,IFERROR(F82,"#N/C"), _xlpm.subfam,IF(TRIM(G82)="-","#N/C",IFERROR(G82,"#N/C")), _xlpm.subfamMatch,IFERROR(_xlfn._xlws.FILTER(ClassificationClasses[Classification Class],(ClassificationClasses[Class]=_xlpm.cls)*(ClassificationClasses[Order]=_xlpm.ord)*(ClassificationClasses[Suborder]=_xlpm.subord)*(ClassificationClasses[Infraorder]=_xlpm.infr)*(ClassificationClasses[Superfamily]=_xlpm.sf)*(ClassificationClasses[Family]=_xlpm.fam)*(ClassificationClasses[Subfamily]=_xlpm.subfam),""),""), _xlpm.uniqueSubfam,IF(_xlpm.subfamMatch="","",_xlfn.UNIQUE(_xlpm.subfamMatch)), _xlpm.numUniqueSubfam,IF(_xlpm.uniqueSubfam="",0,ROWS(_xlpm.uniqueSubfam)), _xlpm.resultSubfam,IF(_xlpm.numUniqueSubfam=1,INDEX(_xlpm.uniqueSubfam,1),IF(_xlpm.numUniqueSubfam>=1,_xlpm.subfam,"")), _xlpm.famMatch,IFERROR(_xlfn._xlws.FILTER(ClassificationClasses[Classification Class],(ClassificationClasses[Class]=_xlpm.cls)*(ClassificationClasses[Order]=_xlpm.ord)*(ClassificationClasses[Suborder]=_xlpm.subord)*(ClassificationClasses[Infraorder]=_xlpm.infr)*(ClassificationClasses[Superfamily]=_xlpm.sf)*(ClassificationClasses[Family]=_xlpm.fam),""),""), _xlpm.uniqueFam,IF(_xlpm.famMatch="","",_xlfn.UNIQUE(_xlpm.famMatch)), _xlpm.numUniqueFam,IF(_xlpm.uniqueFam="",0,ROWS(_xlpm.uniqueFam)), _xlpm.resultFam,IF(_xlpm.numUniqueFam=1,INDEX(_xlpm.uniqueFam,1),IF(_xlpm.numUniqueFam>=1,_xlpm.fam,"")), _xlpm.sfMatch,IFERROR(_xlfn._xlws.FILTER(ClassificationClasses[Classification Class],(ClassificationClasses[Class]=_xlpm.cls)*(ClassificationClasses[Order]=_xlpm.ord)*(ClassificationClasses[Suborder]=_xlpm.subord)*(ClassificationClasses[Infraorder]=_xlpm.infr)*(ClassificationClasses[Superfamily]=_xlpm.sf),""),""), _xlpm.uniqueSf,IF(_xlpm.sfMatch="","",_xlfn.UNIQUE(_xlpm.sfMatch)), _xlpm.numUniqueSf,IF(_xlpm.uniqueSf="",0,ROWS(_xlpm.uniqueSf)), _xlpm.resultSf,IF(_xlpm.numUniqueSf=1,INDEX(_xlpm.uniqueSf,1),IF(_xlpm.numUniqueSf>=1,_xlpm.sf,"")), _xlpm.computedResult,IF(AND(_xlpm.fam="#N/C",_xlpm.subfam="#N/C"),_xlpm.sf,IF(_xlpm.resultSubfam<>"",_xlpm.resultSubfam,IF(_xlpm.resultFam<>"",_xlpm.resultFam,IF(_xlpm.resultSf<>"",_xlpm.resultSf,"")))), _xlpm.fallback,IF(IFERROR(B82,"#N/C")="#N/C",A82,IF(IFERROR(C82,"#N/C")="#N/C",B82,IF(IFERROR(D82,"#N/C")="#N/C",C82,IF(IFERROR(E82,"#N/C")="#N/C",D82,IF(IFERROR(F82,"#N/C")="#N/C",E82,IF(IFERROR(G82,"#N/C")="#N/C",F82,"#N/C")))))), _xlpm.finalResult,IF(OR(_xlpm.computedResult="",_xlpm.computedResult="#N/C"),_xlpm.fallback,_xlpm.computedResult), INDEX(_xlpm.finalResult,1))} -> marsh_fly | K82: =+CONCATENATE(A82,".",B82,".",C82,".",D82,".",E82,".",F82,".",G82,".",H82,".",I82) -> Insecta.Diptera.Brachycera.Muscomorpha.Sciomyzoidea.Sciomyzidae.Sciomyzinae.Tetanocera.#N/C | L82: =+COUNTIF(Monitoring!#REF!,K82) -> #REF!
A83: Insecta | B83: Diptera | C83: Brachycera | D83: =+IFERROR(IF(E83="#N/C","#N/C",INDEX('ClassificationClasses'!D:D,MATCH(E83,'ClassificationClasses'!E:E,0))),"ERROR") -> Muscomorpha | E83: Sciomyzoidea | F83: Sepsidae | G83: #N/C | H83: #N/C | I83: #N/C | J83: {=_xlfn.LET(_xlpm.cls,A83, _xlpm.ord,IFERROR(B83,"#N/C"), _xlpm.subord,IFERROR(C83,"#N/C"), _xlpm.infr,IFERROR(D83,"#N/C"), _xlpm.sf,IFERROR(E83,"#N/C"), _xlpm.fam,IFERROR(F83,"#N/C"), _xlpm.subfam,IF(TRIM(G83)="-","#N/C",IFERROR(G83,"#N/C")), _xlpm.subfamMatch,IFERROR(_xlfn._xlws.FILTER(ClassificationClasses[Classification Class],(ClassificationClasses[Class]=_xlpm.cls)*(ClassificationClasses[Order]=_xlpm.ord)*(ClassificationClasses[Suborder]=_xlpm.subord)*(ClassificationClasses[Infraorder]=_xlpm.infr)*(ClassificationClasses[Superfamily]=_xlpm.sf)*(ClassificationClasses[Family]=_xlpm.fam)*(ClassificationClasses[Subfamily]=_xlpm.subfam),""),""), _xlpm.uniqueSubfam,IF(_xlpm.subfamMatch="","",_xlfn.UNIQUE(_xlpm.subfamMatch)), _xlpm.numUniqueSubfam,IF(_xlpm.uniqueSubfam="",0,ROWS(_xlpm.uniqueSubfam)), _xlpm.resultSubfam,IF(_xlpm.numUniqueSubfam=1,INDEX(_xlpm.uniqueSubfam,1),IF(_xlpm.numUniqueSubfam>=1,_xlpm.subfam,"")), _xlpm.famMatch,IFERROR(_xlfn._xlws.FILTER(ClassificationClasses[Classification Class],(ClassificationClasses[Class]=_xlpm.cls)*(ClassificationClasses[Order]=_xlpm.ord)*(ClassificationClasses[Suborder]=_xlpm.subord)*(ClassificationClasses[Infraorder]=_xlpm.infr)*(ClassificationClasses[Superfamily]=_xlpm.sf)*(ClassificationClasses[Family]=_xlpm.fam),""),""), _xlpm.uniqueFam,IF(_xlpm.famMatch="","",_xlfn.UNIQUE(_xlpm.famMatch)), _xlpm.numUniqueFam,IF(_xlpm.uniqueFam="",0,ROWS(_xlpm.uniqueFam)), _xlpm.resultFam,IF(_xlpm.numUniqueFam=1,INDEX(_xlpm.uniqueFam,1),IF(_xlpm.numUniqueFam>=1,_xlpm.fam,"")), _xlpm.sfMatch,IFERROR(_xlfn._xlws.FILTER(ClassificationClasses[Classification Class],(ClassificationClasses[Class]=_xlpm.cls)*(ClassificationClasses[Order]=_xlpm.ord)*(ClassificationClasses[Suborder]=_xlpm.subord)*(ClassificationClasses[Infraorder]=_xlpm.infr)*(ClassificationClasses[Superfamily]=_xlpm.sf),""),""), _xlpm.uniqueSf,IF(_xlpm.sfMatch="","",_xlfn.UNIQUE(_xlpm.sfMatch)), _xlpm.numUniqueSf,IF(_xlpm.uniqueSf="",0,ROWS(_xlpm.uniqueSf)), _xlpm.resultSf,IF(_xlpm.numUniqueSf=1,INDEX(_xlpm.uniqueSf,1),IF(_xlpm.numUniqueSf>=1,_xlpm.sf,"")), _xlpm.computedResult,IF(AND(_xlpm.fam="#N/C",_xlpm.subfam="#N/C"),_xlpm.sf,IF(_xlpm.resultSubfam<>"",_xlpm.resultSubfam,IF(_xlpm.resultFam<>"",_xlpm.resultFam,IF(_xlpm.resultSf<>"",_xlpm.resultSf,"")))), _xlpm.fallback,IF(IFERROR(B83,"#N/C")="#N/C",A83,IF(IFERROR(C83,"#N/C")="#N/C",B83,IF(IFERROR(D83,"#N/C")="#N/C",C83,IF(IFERROR(E83,"#N/C")="#N/C",D83,IF(IFERROR(F83,"#N/C")="#N/C",E83,IF(IFERROR(G83,"#N/C")="#N/C",F83,"#N/C")))))), _xlpm.finalResult,IF(OR(_xlpm.computedResult="",_xlpm.computedResult="#N/C"),_xlpm.fallback,_xlpm.computedResult), INDEX(_xlpm.finalResult,1))} -> scavenger_fly | K83: =+CONCATENATE(A83,".",B83,".",C83,".",D83,".",E83,".",F83,".",G83,".",H83,".",I83) -> Insecta.Diptera.Brachycera.Muscomorpha.Sciomyzoidea.Sepsidae.#N/C.#N/C.#N/C | L83: =+COUNTIF(Monitoring!#REF!,K83) -> #REF!
A84: Insecta | B84: Diptera | C84: Brachycera | D84: =+IFERROR(IF(E84="#N/C","#N/C",INDEX('ClassificationClasses'!D:D,MATCH(E84,'ClassificationClasses'!E:E,0))),"ERROR") -> Muscomorpha | E84: Sciomyzoidea | F84: Sepsidae | G84: Sepsinae | H84: Parapalaeosepsis | I84: #N/C | J84: {=_xlfn.LET(_xlpm.cls,A84, _xlpm.ord,IFERROR(B84,"#N/C"), _xlpm.subord,IFERROR(C84,"#N/C"), _xlpm.infr,IFERROR(D84,"#N/C"), _xlpm.sf,IFERROR(E84,"#N/C"), _xlpm.fam,IFERROR(F84,"#N/C"), _xlpm.subfam,IF(TRIM(G84)="-","#N/C",IFERROR(G84,"#N/C")), _xlpm.subfamMatch,IFERROR(_xlfn._xlws.FILTER(ClassificationClasses[Classification Class],(ClassificationClasses[Class]=_xlpm.cls)*(ClassificationClasses[Order]=_xlpm.ord)*(ClassificationClasses[Suborder]=_xlpm.subord)*(ClassificationClasses[Infraorder]=_xlpm.infr)*(ClassificationClasses[Superfamily]=_xlpm.sf)*(ClassificationClasses[Family]=_xlpm.fam)*(ClassificationClasses[Subfamily]=_xlpm.subfam),""),""), _xlpm.uniqueSubfam,IF(_xlpm.subfamMatch="","",_xlfn.UNIQUE(_xlpm.subfamMatch)), _xlpm.numUniqueSubfam,IF(_xlpm.uniqueSubfam="",0,ROWS(_xlpm.uniqueSubfam)), _xlpm.resultSubfam,IF(_xlpm.numUniqueSubfam=1,INDEX(_xlpm.uniqueSubfam,1),IF(_xlpm.numUniqueSubfam>=1,_xlpm.subfam,"")), _xlpm.famMatch,IFERROR(_xlfn._xlws.FILTER(ClassificationClasses[Classification Class],(ClassificationClasses[Class]=_xlpm.cls)*(ClassificationClasses[Order]=_xlpm.ord)*(ClassificationClasses[Suborder]=_xlpm.subord)*(ClassificationClasses[Infraorder]=_xlpm.infr)*(ClassificationClasses[Superfamily]=_xlpm.sf)*(ClassificationClasses[Family]=_xlpm.fam),""),""), _xlpm.uniqueFam,IF(_xlpm.famMatch="","",_xlfn.UNIQUE(_xlpm.famMatch)), _xlpm.numUniqueFam,IF(_xlpm.uniqueFam="",0,ROWS(_xlpm.uniqueFam)), _xlpm.resultFam,IF(_xlpm.numUniqueFam=1,INDEX(_xlpm.uniqueFam,1),IF(_xlpm.numUniqueFam>=1,_xlpm.fam,"")), _xlpm.sfMatch,IFERROR(_xlfn._xlws.FILTER(ClassificationClasses[Classification Class],(ClassificationClasses[Class]=_xlpm.cls)*(ClassificationClasses[Order]=_xlpm.ord)*(ClassificationClasses[Suborder]=_xlpm.subord)*(ClassificationClasses[Infraorder]=_xlpm.infr)*(ClassificationClasses[Superfamily]=_xlpm.sf),""),""), _xlpm.uniqueSf,IF(_xlpm.sfMatch="","",_xlfn.UNIQUE(_xlpm.sfMatch)), _xlpm.numUniqueSf,IF(_xlpm.uniqueSf="",0,ROWS(_xlpm.uniqueSf)), _xlpm.resultSf,IF(_xlpm.numUniqueSf=1,INDEX(_xlpm.uniqueSf,1),IF(_xlpm.numUniqueSf>=1,_xlpm.sf,"")), _xlpm.computedResult,IF(AND(_xlpm.fam="#N/C",_xlpm.subfam="#N/C"),_xlpm.sf,IF(_xlpm.resultSubfam<>"",_xlpm.resultSubfam,IF(_xlpm.resultFam<>"",_xlpm.resultFam,IF(_xlpm.resultSf<>"",_xlpm.resultSf,"")))), _xlpm.fallback,IF(IFERROR(B84,"#N/C")="#N/C",A84,IF(IFERROR(C84,"#N/C")="#N/C",B84,IF(IFERROR(D84,"#N/C")="#N/C",C84,IF(IFERROR(E84,"#N/C")="#N/C",D84,IF(IFERROR(F84,"#N/C")="#N/C",E84,IF(IFERROR(G84,"#N/C")="#N/C",F84,"#N/C")))))), _xlpm.finalResult,IF(OR(_xlpm.computedResult="",_xlpm.computedResult="#N/C"),_xlpm.fallback,_xlpm.computedResult), INDEX(_xlpm.finalResult,1))} -> scavenger_fly | K84: =+CONCATENATE(A84,".",B84,".",C84,".",D84,".",E84,".",F84,".",G84,".",H84,".",I84) -> Insecta.Diptera.Brachycera.Muscomorpha.Sciomyzoidea.Sepsidae.Sepsinae.Parapalaeosepsis.#N/C | L84: =+COUNTIF(Monitoring!#REF!,K84) -> #REF!
A85: Insecta | B85: Diptera | C85: Brachycera | D85: =+IFERROR(IF(E85="#N/C","#N/C",INDEX('ClassificationClasses'!D:D,MATCH(E85,'ClassificationClasses'!E:E,0))),"ERROR") -> Muscomorpha | E85: Sciomyzoidea | F85: Sepsidae | G85: Sepsinae | H85: Sepsis | I85: #N/C | J85: {=_xlfn.LET(_xlpm.cls,A85, _xlpm.ord,IFERROR(B85,"#N/C"), _xlpm.subord,IFERROR(C85,"#N/C"), _xlpm.infr,IFERROR(D85,"#N/C"), _xlpm.sf,IFERROR(E85,"#N/C"), _xlpm.fam,IFERROR(F85,"#N/C"), _xlpm.subfam,IF(TRIM(G85)="-","#N/C",IFERROR(G85,"#N/C")), _xlpm.subfamMatch,IFERROR(_xlfn._xlws.FILTER(ClassificationClasses[Classification Class],(ClassificationClasses[Class]=_xlpm.cls)*(ClassificationClasses[Order]=_xlpm.ord)*(ClassificationClasses[Suborder]=_xlpm.subord)*(ClassificationClasses[Infraorder]=_xlpm.infr)*(ClassificationClasses[Superfamily]=_xlpm.sf)*(ClassificationClasses[Family]=_xlpm.fam)*(ClassificationClasses[Subfamily]=_xlpm.subfam),""),""), _xlpm.uniqueSubfam,IF(_xlpm.subfamMatch="","",_xlfn.UNIQUE(_xlpm.subfamMatch)), _xlpm.numUniqueSubfam,IF(_xlpm.uniqueSubfam="",0,ROWS(_xlpm.uniqueSubfam)), _xlpm.resultSubfam,IF(_xlpm.numUniqueSubfam=1,INDEX(_xlpm.uniqueSubfam,1),IF(_xlpm.numUniqueSubfam>=1,_xlpm.subfam,"")), _xlpm.famMatch,IFERROR(_xlfn._xlws.FILTER(ClassificationClasses[Classification Class],(ClassificationClasses[Class]=_xlpm.cls)*(ClassificationClasses[Order]=_xlpm.ord)*(ClassificationClasses[Suborder]=_xlpm.subord)*(ClassificationClasses[Infraorder]=_xlpm.infr)*(ClassificationClasses[Superfamily]=_xlpm.sf)*(ClassificationClasses[Family]=_xlpm.fam),""),""), _xlpm.uniqueFam,IF(_xlpm.famMatch="","",_xlfn.UNIQUE(_xlpm.famMatch)), _xlpm.numUniqueFam,IF(_xlpm.uniqueFam="",0,ROWS(_xlpm.uniqueFam)), _xlpm.resultFam,IF(_xlpm.numUniqueFam=1,INDEX(_xlpm.uniqueFam,1),IF(_xlpm.numUniqueFam>=1,_xlpm.fam,"")), _xlpm.sfMatch,IFERROR(_xlfn._xlws.FILTER(ClassificationClasses[Classification Class],(ClassificationClasses[Class]=_xlpm.cls)*(ClassificationClasses[Order]=_xlpm.ord)*(ClassificationClasses[Suborder]=_xlpm.subord)*(ClassificationClasses[Infraorder]=_xlpm.infr)*(ClassificationClasses[Superfamily]=_xlpm.sf),""),""), _xlpm.uniqueSf,IF(_xlpm.sfMatch="","",_xlfn.UNIQUE(_xlpm.sfMatch)), _xlpm.numUniqueSf,IF(_xlpm.uniqueSf="",0,ROWS(_xlpm.uniqueSf)), _xlpm.resultSf,IF(_xlpm.numUniqueSf=1,INDEX(_xlpm.uniqueSf,1),IF(_xlpm.numUniqueSf>=1,_xlpm.sf,"")), _xlpm.computedResult,IF(AND(_xlpm.fam="#N/C",_xlpm.subfam="#N/C"),_xlpm.sf,IF(_xlpm.resultSubfam<>"",_xlpm.resultSubfam,IF(_xlpm.resultFam<>"",_xlpm.resultFam,IF(_xlpm.resultSf<>"",_xlpm.resultSf,"")))), _xlpm.fallback,IF(IFERROR(B85,"#N/C")="#N/C",A85,IF(IFERROR(C85,"#N/C")="#N/C",B85,IF(IFERROR(D85,"#N/C")="#N/C",C85,IF(IFERROR(E85,"#N/C")="#N/C",D85,IF(IFERROR(F85,"#N/C")="#N/C",E85,IF(IFERROR(G85,"#N/C")="#N/C",F85,"#N/C")))))), _xlpm.finalResult,IF(OR(_xlpm.computedResult="",_xlpm.computedResult="#N/C"),_xlpm.fallback,_xlpm.computedResult), INDEX(_xlpm.finalResult,1))} -> scavenger_fly | K85: =+CONCATENATE(A85,".",B85,".",C85,".",D85,".",E85,".",F85,".",G85,".",H85,".",I85) -> Insecta.Diptera.Brachycera.Muscomorpha.Sciomyzoidea.Sepsidae.Sepsinae.Sepsis.#N/C | L85: =+COUNTIF(Monitoring!#REF!,K85) -> #REF!
A86: Insecta | B86: Diptera | C86: Brachycera | D86: =+IFERROR(IF(E86="#N/C","#N/C",INDEX('ClassificationClasses'!D:D,MATCH(E86,'ClassificationClasses'!E:E,0))),"ERROR") -> Muscomorpha | E86: Sphaeroceroidea | F86: Heleomyzidae | G86: #N/C | H86: #N/C | I86: #N/C | J86: {=_xlfn.LET(_xlpm.cls,A86, _xlpm.ord,IFERROR(B86,"#N/C"), _xlpm.subord,IFERROR(C86,"#N/C"), _xlpm.infr,IFERROR(D86,"#N/C"), _xlpm.sf,IFERROR(E86,"#N/C"), _xlpm.fam,IFERROR(F86,"#N/C"), _xlpm.subfam,IF(TRIM(G86)="-","#N/C",IFERROR(G86,"#N/C")), _xlpm.subfamMatch,IFERROR(_xlfn._xlws.FILTER(ClassificationClasses[Classification Class],(ClassificationClasses[Class]=_xlpm.cls)*(ClassificationClasses[Order]=_xlpm.ord)*(ClassificationClasses[Suborder]=_xlpm.subord)*(ClassificationClasses[Infraorder]=_xlpm.infr)*(ClassificationClasses[Superfamily]=_xlpm.sf)*(ClassificationClasses[Family]=_xlpm.fam)*(ClassificationClasses[Subfamily]=_xlpm.subfam),""),""), _xlpm.uniqueSubfam,IF(_xlpm.subfamMatch="","",_xlfn.UNIQUE(_xlpm.subfamMatch)), _xlpm.numUniqueSubfam,IF(_xlpm.uniqueSubfam="",0,ROWS(_xlpm.uniqueSubfam)), _xlpm.resultSubfam,IF(_xlpm.numUniqueSubfam=1,INDEX(_xlpm.uniqueSubfam,1),IF(_xlpm.numUniqueSubfam>=1,_xlpm.subfam,"")), _xlpm.famMatch,IFERROR(_xlfn._xlws.FILTER(ClassificationClasses[Classification Class],(ClassificationClasses[Class]=_xlpm.cls)*(ClassificationClasses[Order]=_xlpm.ord)*(ClassificationClasses[Suborder]=_xlpm.subord)*(ClassificationClasses[Infraorder]=_xlpm.infr)*(ClassificationClasses[Superfamily]=_xlpm.sf)*(ClassificationClasses[Family]=_xlpm.fam),""),""), _xlpm.uniqueFam,IF(_xlpm.famMatch="","",_xlfn.UNIQUE(_xlpm.famMatch)), _xlpm.numUniqueFam,IF(_xlpm.uniqueFam="",0,ROWS(_xlpm.uniqueFam)), _xlpm.resultFam,IF(_xlpm.numUniqueFam=1,INDEX(_xlpm.uniqueFam,1),IF(_xlpm.numUniqueFam>=1,_xlpm.fam,"")), _xlpm.sfMatch,IFERROR(_xlfn._xlws.FILTER(ClassificationClasses[Classification Class],(ClassificationClasses[Class]=_xlpm.cls)*(ClassificationClasses[Order]=_xlpm.ord)*(ClassificationClasses[Suborder]=_xlpm.subord)*(ClassificationClasses[Infraorder]=_xlpm.infr)*(ClassificationClasses[Superfamily]=_xlpm.sf),""),""), _xlpm.uniqueSf,IF(_xlpm.sfMatch="","",_xlfn.UNIQUE(_xlpm.sfMatch)), _xlpm.numUniqueSf,IF(_xlpm.uniqueSf="",0,ROWS(_xlpm.uniqueSf)), _xlpm.resultSf,IF(_xlpm.numUniqueSf=1,INDEX(_xlpm.uniqueSf,1),IF(_xlpm.numUniqueSf>=1,_xlpm.sf,"")), _xlpm.computedResult,IF(AND(_xlpm.fam="#N/C",_xlpm.subfam="#N/C"),_xlpm.sf,IF(_xlpm.resultSubfam<>"",_xlpm.resultSubfam,IF(_xlpm.resultFam<>"",_xlpm.resultFam,IF(_xlpm.resultSf<>"",_xlpm.resultSf,"")))), _xlpm.fallback,IF(IFERROR(B86,"#N/C")="#N/C",A86,IF(IFERROR(C86,"#N/C")="#N/C",B86,IF(IFERROR(D86,"#N/C")="#N/C",C86,IF(IFERROR(E86,"#N/C")="#N/C",D86,IF(IFERROR(F86,"#N/C")="#N/C",E86,IF(IFERROR(G86,"#N/C")="#N/C",F86,"#N/C")))))), _xlpm.finalResult,IF(OR(_xlpm.computedResult="",_xlpm.computedResult="#N/C"),_xlpm.fallback,_xlpm.computedResult), INDEX(_xlpm.finalResult,1))} -> fly | K86: =+CONCATENATE(A86,".",B86,".",C86,".",D86,".",E86,".",F86,".",G86,".",H86,".",I86) -> Insecta.Diptera.Brachycera.Muscomorpha.Sphaeroceroidea.Heleomyzidae.#N/C.#N/C.#N/C | L86: =+COUNTIF(Monitoring!#REF!,K86) -> #REF!
A87: Insecta | B87: Diptera | C87: Brachycera | D87: =+IFERROR(IF(E87="#N/C","#N/C",INDEX('ClassificationClasses'!D:D,MATCH(E87,'ClassificationClasses'!E:E,0))),"ERROR") -> Muscomorpha | E87: Sphaeroceroidea | F87: Sphaeroceridae | G87: #N/C | H87: #N/C | I87: #N/C | J87: {=_xlfn.LET(_xlpm.cls,A87, _xlpm.ord,IFERROR(B87,"#N/C"), _xlpm.subord,IFERROR(C87,"#N/C"), _xlpm.infr,IFERROR(D87,"#N/C"), _xlpm.sf,IFERROR(E87,"#N/C"), _xlpm.fam,IFERROR(F87,"#N/C"), _xlpm.subfam,IF(TRIM(G87)="-","#N/C",IFERROR(G87,"#N/C")), _xlpm.subfamMatch,IFERROR(_xlfn._xlws.FILTER(ClassificationClasses[Classification Class],(ClassificationClasses[Class]=_xlpm.cls)*(ClassificationClasses[Order]=_xlpm.ord)*(ClassificationClasses[Suborder]=_xlpm.subord)*(ClassificationClasses[Infraorder]=_xlpm.infr)*(ClassificationClasses[Superfamily]=_xlpm.sf)*(ClassificationClasses[Family]=_xlpm.fam)*(ClassificationClasses[Subfamily]=_xlpm.subfam),""),""), _xlpm.uniqueSubfam,IF(_xlpm.subfamMatch="","",_xlfn.UNIQUE(_xlpm.subfamMatch)), _xlpm.numUniqueSubfam,IF(_xlpm.uniqueSubfam="",0,ROWS(_xlpm.uniqueSubfam)), _xlpm.resultSubfam,IF(_xlpm.numUniqueSubfam=1,INDEX(_xlpm.uniqueSubfam,1),IF(_xlpm.numUniqueSubfam>=1,_xlpm.subfam,"")), _xlpm.famMatch,IFERROR(_xlfn._xlws.FILTER(ClassificationClasses[Classification Class],(ClassificationClasses[Class]=_xlpm.cls)*(ClassificationClasses[Order]=_xlpm.ord)*(ClassificationClasses[Suborder]=_xlpm.subord)*(ClassificationClasses[Infraorder]=_xlpm.infr)*(ClassificationClasses[Superfamily]=_xlpm.sf)*(ClassificationClasses[Family]=_xlpm.fam),""),""), _xlpm.uniqueFam,IF(_xlpm.famMatch="","",_xlfn.UNIQUE(_xlpm.famMatch)), _xlpm.numUniqueFam,IF(_xlpm.uniqueFam="",0,ROWS(_xlpm.uniqueFam)), _xlpm.resultFam,IF(_xlpm.numUniqueFam=1,INDEX(_xlpm.uniqueFam,1),IF(_xlpm.numUniqueFam>=1,_xlpm.fam,"")), _xlpm.sfMatch,IFERROR(_xlfn._xlws.FILTER(ClassificationClasses[Classification Class],(ClassificationClasses[Class]=_xlpm.cls)*(ClassificationClasses[Order]=_xlpm.ord)*(ClassificationClasses[Suborder]=_xlpm.subord)*(ClassificationClasses[Infraorder]=_xlpm.infr)*(ClassificationClasses[Superfamily]=_xlpm.sf),""),""), _xlpm.uniqueSf,IF(_xlpm.sfMatch="","",_xlfn.UNIQUE(_xlpm.sfMatch)), _xlpm.numUniqueSf,IF(_xlpm.uniqueSf="",0,ROWS(_xlpm.uniqueSf)), _xlpm.resultSf,IF(_xlpm.numUniqueSf=1,INDEX(_xlpm.uniqueSf,1),IF(_xlpm.numUniqueSf>=1,_xlpm.sf,"")), _xlpm.computedResult,IF(AND(_xlpm.fam="#N/C",_xlpm.subfam="#N/C"),_xlpm.sf,IF(_xlpm.resultSubfam<>"",_xlpm.resultSubfam,IF(_xlpm.resultFam<>"",_xlpm.resultFam,IF(_xlpm.resultSf<>"",_xlpm.resultSf,"")))), _xlpm.fallback,IF(IFERROR(B87,"#N/C")="#N/C",A87,IF(IFERROR(C87,"#N/C")="#N/C",B87,IF(IFERROR(D87,"#N/C")="#N/C",C87,IF(IFERROR(E87,"#N/C")="#N/C",D87,IF(IFERROR(F87,"#N/C")="#N/C",E87,IF(IFERROR(G87,"#N/C")="#N/C",F87,"#N/C")))))), _xlpm.finalResult,IF(OR(_xlpm.computedResult="",_xlpm.computedResult="#N/C"),_xlpm.fallback,_xlpm.computedResult), INDEX(_xlpm.finalResult,1))} -> fly | K87: =+CONCATENATE(A87,".",B87,".",C87,".",D87,".",E87,".",F87,".",G87,".",H87,".",I87) -> Insecta.Diptera.Brachycera.Muscomorpha.Sphaeroceroidea.Sphaeroceridae.#N/C.#N/C.#N/C | L87: =+COUNTIF(Monitoring!#REF!,K87) -> #REF!
A88: Insecta | B88: Diptera | C88: Brachycera | D88: =+IFERROR(IF(E88="#N/C","#N/C",INDEX('ClassificationClasses'!D:D,MATCH(E88,'ClassificationClasses'!E:E,0))),"ERROR") -> Stratiomyomorpha | E88: Stratiomyoidea | F88: Xylomyidae | H88: Solva | I88: #N/C | J88: {=_xlfn.LET(_xlpm.cls,A88, _xlpm.ord,IFERROR(B88,"#N/C"), _xlpm.subord,IFERROR(C88,"#N/C"), _xlpm.infr,IFERROR(D88,"#N/C"), _xlpm.sf,IFERROR(E88,"#N/C"), _xlpm.fam,IFERROR(F88,"#N/C"), _xlpm.subfam,IF(TRIM(G88)="-","#N/C",IFERROR(G88,"#N/C")), _xlpm.subfamMatch,IFERROR(_xlfn._xlws.FILTER(ClassificationClasses[Classification Class],(ClassificationClasses[Class]=_xlpm.cls)*(ClassificationClasses[Order]=_xlpm.ord)*(ClassificationClasses[Suborder]=_xlpm.subord)*(ClassificationClasses[Infraorder]=_xlpm.infr)*(ClassificationClasses[Superfamily]=_xlpm.sf)*(ClassificationClasses[Family]=_xlpm.fam)*(ClassificationClasses[Subfamily]=_xlpm.subfam),""),""), _xlpm.uniqueSubfam,IF(_xlpm.subfamMatch="","",_xlfn.UNIQUE(_xlpm.subfamMatch)), _xlpm.numUniqueSubfam,IF(_xlpm.uniqueSubfam="",0,ROWS(_xlpm.uniqueSubfam)), _xlpm.resultSubfam,IF(_xlpm.numUniqueSubfam=1,INDEX(_xlpm.uniqueSubfam,1),IF(_xlpm.numUniqueSubfam>=1,_xlpm.subfam,"")), _xlpm.famMatch,IFERROR(_xlfn._xlws.FILTER(ClassificationClasses[Classification Class],(ClassificationClasses[Class]=_xlpm.cls)*(ClassificationClasses[Order]=_xlpm.ord)*(ClassificationClasses[Suborder]=_xlpm.subord)*(ClassificationClasses[Infraorder]=_xlpm.infr)*(ClassificationClasses[Superfamily]=_xlpm.sf)*(ClassificationClasses[Family]=_xlpm.fam),""),""), _xlpm.uniqueFam,IF(_xlpm.famMatch="","",_xlfn.UNIQUE(_xlpm.famMatch)), _xlpm.numUniqueFam,IF(_xlpm.uniqueFam="",0,ROWS(_xlpm.uniqueFam)), _xlpm.resultFam,IF(_xlpm.numUniqueFam=1,INDEX(_xlpm.uniqueFam,1),IF(_xlpm.numUniqueFam>=1,_xlpm.fam,"")), _xlpm.sfMatch,IFERROR(_xlfn._xlws.FILTER(ClassificationClasses[Classification Class],(ClassificationClasses[Class]=_xlpm.cls)*(ClassificationClasses[Order]=_xlpm.ord)*(ClassificationClasses[Suborder]=_xlpm.subord)*(ClassificationClasses[Infraorder]=_xlpm.infr)*(ClassificationClasses[Superfamily]=_xlpm.sf),""),""), _xlpm.uniqueSf,IF(_xlpm.sfMatch="","",_xlfn.UNIQUE(_xlpm.sfMatch)), _xlpm.numUniqueSf,IF(_xlpm.uniqueSf="",0,ROWS(_xlpm.uniqueSf)), _xlpm.resultSf,IF(_xlpm.numUniqueSf=1,INDEX(_xlpm.uniqueSf,1),IF(_xlpm.numUniqueSf>=1,_xlpm.sf,"")), _xlpm.computedResult,IF(AND(_xlpm.fam="#N/C",_xlpm.subfam="#N/C"),_xlpm.sf,IF(_xlpm.resultSubfam<>"",_xlpm.resultSubfam,IF(_xlpm.resultFam<>"",_xlpm.resultFam,IF(_xlpm.resultSf<>"",_xlpm.resultSf,"")))), _xlpm.fallback,IF(IFERROR(B88,"#N/C")="#N/C",A88,IF(IFERROR(C88,"#N/C")="#N/C",B88,IF(IFERROR(D88,"#N/C")="#N/C",C88,IF(IFERROR(E88,"#N/C")="#N/C",D88,IF(IFERROR(F88,"#N/C")="#N/C",E88,IF(IFERROR(G88,"#N/C")="#N/C",F88,"#N/C")))))), _xlpm.finalResult,IF(OR(_xlpm.computedResult="",_xlpm.computedResult="#N/C"),_xlpm.fallback,_xlpm.computedResult), INDEX(_xlpm.finalResult,1))} -> soldier_fly | K88: =+CONCATENATE(A88,".",B88,".",C88,".",D88,".",E88,".",F88,".",G88,".",H88,".",I88) -> Insecta.Diptera.Brachycera.Stratiomyomorpha.Stratiomyoidea.Xylomyidae..Solva.#N/C | L88: =+COUNTIF(Monitoring!#REF!,K88) -> #REF!
A89: Insecta | B89: Diptera | C89: Brachycera | D89: =+IFERROR(IF(E89="#N/C","#N/C",INDEX('ClassificationClasses'!D:D,MATCH(E89,'ClassificationClasses'!E:E,0))),"ERROR") -> Muscomorpha | E89: Syrphoidea | F89: Pipunculidae | G89: #N/C | H89: #N/C | I89: #N/C | J89: {=_xlfn.LET(_xlpm.cls,A89, _xlpm.ord,IFERROR(B89,"#N/C"), _xlpm.subord,IFERROR(C89,"#N/C"), _xlpm.infr,IFERROR(D89,"#N/C"), _xlpm.sf,IFERROR(E89,"#N/C"), _xlpm.fam,IFERROR(F89,"#N/C"), _xlpm.subfam,IF(TRIM(G89)="-","#N/C",IFERROR(G89,"#N/C")), _xlpm.subfamMatch,IFERROR(_xlfn._xlws.FILTER(ClassificationClasses[Classification Class],(ClassificationClasses[Class]=_xlpm.cls)*(ClassificationClasses[Order]=_xlpm.ord)*(ClassificationClasses[Suborder]=_xlpm.subord)*(ClassificationClasses[Infraorder]=_xlpm.infr)*(ClassificationClasses[Superfamily]=_xlpm.sf)*(ClassificationClasses[Family]=_xlpm.fam)*(ClassificationClasses[Subfamily]=_xlpm.subfam),""),""), _xlpm.uniqueSubfam,IF(_xlpm.subfamMatch="","",_xlfn.UNIQUE(_xlpm.subfamMatch)), _xlpm.numUniqueSubfam,IF(_xlpm.uniqueSubfam="",0,ROWS(_xlpm.uniqueSubfam)), _xlpm.resultSubfam,IF(_xlpm.numUniqueSubfam=1,INDEX(_xlpm.uniqueSubfam,1),IF(_xlpm.numUniqueSubfam>=1,_xlpm.subfam,"")), _xlpm.famMatch,IFERROR(_xlfn._xlws.FILTER(ClassificationClasses[Classification Class],(ClassificationClasses[Class]=_xlpm.cls)*(ClassificationClasses[Order]=_xlpm.ord)*(ClassificationClasses[Suborder]=_xlpm.subord)*(ClassificationClasses[Infraorder]=_xlpm.infr)*(ClassificationClasses[Superfamily]=_xlpm.sf)*(ClassificationClasses[Family]=_xlpm.fam),""),""), _xlpm.uniqueFam,IF(_xlpm.famMatch="","",_xlfn.UNIQUE(_xlpm.famMatch)), _xlpm.numUniqueFam,IF(_xlpm.uniqueFam="",0,ROWS(_xlpm.uniqueFam)), _xlpm.resultFam,IF(_xlpm.numUniqueFam=1,INDEX(_xlpm.uniqueFam,1),IF(_xlpm.numUniqueFam>=1,_xlpm.fam,"")), _xlpm.sfMatch,IFERROR(_xlfn._xlws.FILTER(ClassificationClasses[Classification Class],(ClassificationClasses[Class]=_xlpm.cls)*(ClassificationClasses[Order]=_xlpm.ord)*(ClassificationClasses[Suborder]=_xlpm.subord)*(ClassificationClasses[Infraorder]=_xlpm.infr)*(ClassificationClasses[Superfamily]=_xlpm.sf),""),""), _xlpm.uniqueSf,IF(_xlpm.sfMatch="","",_xlfn.UNIQUE(_xlpm.sfMatch)), _xlpm.numUniqueSf,IF(_xlpm.uniqueSf="",0,ROWS(_xlpm.uniqueSf)), _xlpm.resultSf,IF(_xlpm.numUniqueSf=1,INDEX(_xlpm.uniqueSf,1),IF(_xlpm.numUniqueSf>=1,_xlpm.sf,"")), _xlpm.computedResult,IF(AND(_xlpm.fam="#N/C",_xlpm.subfam="#N/C"),_xlpm.sf,IF(_xlpm.resultSubfam<>"",_xlpm.resultSubfam,IF(_xlpm.resultFam<>"",_xlpm.resultFam,IF(_xlpm.resultSf<>"",_xlpm.resultSf,"")))), _xlpm.fallback,IF(IFERROR(B89,"#N/C")="#N/C",A89,IF(IFERROR(C89,"#N/C")="#N/C",B89,IF(IFERROR(D89,"#N/C")="#N/C",C89,IF(IFERROR(E89,"#N/C")="#N/C",D89,IF(IFERROR(F89,"#N/C")="#N/C",E89,IF(IFERROR(G89,"#N/C")="#N/C",F89,"#N/C")))))), _xlpm.finalResult,IF(OR(_xlpm.computedResult="",_xlpm.computedResult="#N/C"),_xlpm.fallback,_xlpm.computedResult), INDEX(_xlpm.finalResult,1))} -> hoverfly | K89: =+CONCATENATE(A89,".",B89,".",C89,".",D89,".",E89,".",F89,".",G89,".",H89,".",I89) -> Insecta.Diptera.Brachycera.Muscomorpha.Syrphoidea.Pipunculidae.#N/C.#N/C.#N/C | L89: =+COUNTIF(Monitoring!#REF!,K89) -> #REF!
A90: Insecta | B90: Diptera | C90: Brachycera | D90: =+IFERROR(IF(E90="#N/C","#N/C",INDEX('ClassificationClasses'!D:D,MATCH(E90,'ClassificationClasses'!E:E,0))),"ERROR") -> Muscomorpha | E90: Syrphoidea | F90: Syrphidae | G90: Eristalinae | H90: Eristalis | I90: #N/C | J90: {=_xlfn.LET(_xlpm.cls,A90, _xlpm.ord,IFERROR(B90,"#N/C"), _xlpm.subord,IFERROR(C90,"#N/C"), _xlpm.infr,IFERROR(D90,"#N/C"), _xlpm.sf,IFERROR(E90,"#N/C"), _xlpm.fam,IFERROR(F90,"#N/C"), _xlpm.subfam,IF(TRIM(G90)="-","#N/C",IFERROR(G90,"#N/C")), _xlpm.subfamMatch,IFERROR(_xlfn._xlws.FILTER(ClassificationClasses[Classification Class],(ClassificationClasses[Class]=_xlpm.cls)*(ClassificationClasses[Order]=_xlpm.ord)*(ClassificationClasses[Suborder]=_xlpm.subord)*(ClassificationClasses[Infraorder]=_xlpm.infr)*(ClassificationClasses[Superfamily]=_xlpm.sf)*(ClassificationClasses[Family]=_xlpm.fam)*(ClassificationClasses[Subfamily]=_xlpm.subfam),""),""), _xlpm.uniqueSubfam,IF(_xlpm.subfamMatch="","",_xlfn.UNIQUE(_xlpm.subfamMatch)), _xlpm.numUniqueSubfam,IF(_xlpm.uniqueSubfam="",0,ROWS(_xlpm.uniqueSubfam)), _xlpm.resultSubfam,IF(_xlpm.numUniqueSubfam=1,INDEX(_xlpm.uniqueSubfam,1),IF(_xlpm.numUniqueSubfam>=1,_xlpm.subfam,"")), _xlpm.famMatch,IFERROR(_xlfn._xlws.FILTER(ClassificationClasses[Classification Class],(ClassificationClasses[Class]=_xlpm.cls)*(ClassificationClasses[Order]=_xlpm.ord)*(ClassificationClasses[Suborder]=_xlpm.subord)*(ClassificationClasses[Infraorder]=_xlpm.infr)*(ClassificationClasses[Superfamily]=_xlpm.sf)*(ClassificationClasses[Family]=_xlpm.fam),""),""), _xlpm.uniqueFam,IF(_xlpm.famMatch="","",_xlfn.UNIQUE(_xlpm.famMatch)), _xlpm.numUniqueFam,IF(_xlpm.uniqueFam="",0,ROWS(_xlpm.uniqueFam)), _xlpm.resultFam,IF(_xlpm.numUniqueFam=1,INDEX(_xlpm.uniqueFam,1),IF(_xlpm.numUniqueFam>=1,_xlpm.fam,"")), _xlpm.sfMatch,IFERROR(_xlfn._xlws.FILTER(ClassificationClasses[Classification Class],(ClassificationClasses[Class]=_xlpm.cls)*(ClassificationClasses[Order]=_xlpm.ord)*(ClassificationClasses[Suborder]=_xlpm.subord)*(ClassificationClasses[Infraorder]=_xlpm.infr)*(ClassificationClasses[Superfamily]=_xlpm.sf),""),""), _xlpm.uniqueSf,IF(_xlpm.sfMatch="","",_xlfn.UNIQUE(_xlpm.sfMatch)), _xlpm.numUniqueSf,IF(_xlpm.uniqueSf="",0,ROWS(_xlpm.uniqueSf)), _xlpm.resultSf,IF(_xlpm.numUniqueSf=1,INDEX(_xlpm.uniqueSf,1),IF(_xlpm.numUniqueSf>=1,_xlpm.sf,"")), _xlpm.computedResult,IF(AND(_xlpm.fam="#N/C",_xlpm.subfam="#N/C"),_xlpm.sf,IF(_xlpm.resultSubfam<>"",_xlpm.resultSubfam,IF(_xlpm.resultFam<>"",_xlpm.resultFam,IF(_xlpm.resultSf<>"",_xlpm.resultSf,"")))), _xlpm.fallback,IF(IFERROR(B90,"#N/C")="#N/C",A90,IF(IFERROR(C90,"#N/C")="#N/C",B90,IF(IFERROR(D90,"#N/C")="#N/C",C90,IF(IFERROR(E90,"#N/C")="#N/C",D90,IF(IFERROR(F90,"#N/C")="#N/C",E90,IF(IFERROR(G90,"#N/C")="#N/C",F90,"#N/C")))))), _xlpm.finalResult,IF(OR(_xlpm.computedResult="",_xlpm.computedResult="#N/C"),_xlpm.fallback,_xlpm.computedResult), INDEX(_xlpm.finalResult,1))} -> hoverfly | K90: =+CONCATENATE(A90,".",B90,".",C90,".",D90,".",E90,".",F90,".",G90,".",H90,".",I90) -> Insecta.Diptera.Brachycera.Muscomorpha.Syrphoidea.Syrphidae.Eristalinae.Eristalis.#N/C | L90: =+COUNTIF(Monitoring!#REF!,K90) -> #REF!
