Workbook

Sheet Monitoring
A1: ID | B1: Date | C1: Video Name check in | D1: Video Name check out | E1: Check:in | F1: Check:out | G1: Duration | H1: Flight event | I1: Way out | J1: No. Videos | K1: iNat Sharing | L1: Class | M1: Order | N1: Suborder | O1: Infraorder | P1: Superfamily | Q1: Family | R1: Subfamily | S1: Genus | T1: Species
A2: 1 | B2: 44389 | C2: 2021-07-12_14-01-54 | D2: 2021-07-12_14-03-48 | E2: 44389.585 | F2: 44389.586 | G2: =F2-E2 -> 0.0013657407 | H2: yes | I2: exit | J2: =IF(ISBLANK(C2),"",IF(C2=D2, "1 video",CONCATENATE((+COUNTIFS(Video_List!$C:$C,"<=" &Monitoring!F2)-COUNTIFS(Video_List!$C:$C,"<=" &Monitoring!E2))+1," videos"))) -> 3 videos | K2: yes | L2: =+IFERROR(IF(M2="#N/C","#N/C",IF(N2=0,INDEX(Taxonomy_UniqueValues!A:A,MATCH(N2,Taxonomy_UniqueValues!C:C,0)),INDEX(Taxonomy_UniqueValues!A:A,MATCH(M2,Taxonomy_UniqueValues!B:B,0)))),"#N/C") -> Insecta | M2: =+IFERROR(IF(N2="#N/C","#N/C",IF(O2=0,INDEX(Taxonomy_UniqueValues!B:B,MATCH(O2,Taxonomy_UniqueValues!D:D,0)),INDEX(Taxonomy_UniqueValues!B:B,MATCH(N2,Taxonomy_UniqueValues!C:C,0)))),"#N/C") -> Diptera | N2: =+IFERROR(IF(O2="#N/C","#N/C",IF(P2=0,INDEX(Taxonomy_UniqueValues!C:C,MATCH(P2,Taxonomy_UniqueValues!E:E,0)),INDEX(Taxonomy_UniqueValues!C:C,MATCH(O2,Taxonomy_UniqueValues!D:D,0)))),"#N/C") -> Brachycera | O2: =+IFERROR(IF(P2="#N/C","#N/C",IF(Q2=0,INDEX(Taxonomy_UniqueValues!D:D,MATCH(Q2,Taxonomy_UniqueValues!F:F,0)),INDEX(Taxonomy_UniqueValues!D:D,MATCH(P2,Taxonomy_UniqueValues!E:E,0)))),"#N/C") -> Asilomorpha | P2: =+IFERROR(IF(Q2="#N/C","#N/C",IF(R2=0,INDEX(Taxonomy_UniqueValues!E:E,MATCH(R2,Taxonomy_UniqueValues!G:G,0)),INDEX(Taxonomy_UniqueValues!E:E,MATCH(Q2,Taxonomy_UniqueValues!F:F,0)))),"#N/C") -> Asiloidea | Q2: =+IFERROR(IF(R2="#N/C","#N/C",IF(S2=0,INDEX(Taxonomy_UniqueValues!F:F,MATCH(S2,Taxonomy_UniqueValues!H:H,0)),INDEX(Taxonomy_UniqueValues!F:F,MATCH(R2,Taxonomy_UniqueValues!G:G,0)))),"#N/C") -> Asilidae | R2: =+IFERROR(IF(S2="#N/C","#N/C",IF(T2=0,INDEX(Taxonomy_UniqueValues!G:G,MATCH(T2,Taxonomy_UniqueValues!I:I,0)),INDEX(Taxonomy_UniqueValues!G:G,MATCH(S2,Taxonomy_UniqueValues!H:H,0)))),"#N/C") -> Asilinae | S2: Tolmerus | T2: #N/C
A3: 2 | B3: 44389 | C3: 2021-07-12_14-59-17 | D3: 2021-07-12_14-59-17 | E3: 44389.625 | F3: 44389.625 | G3: =F3-E3 -> 4.62963e-05 | H3: yes | I3: exit | J3: =IF(ISBLANK(C3),"",IF(C3=D3, "1 video",CONCATENATE((+COUNTIFS(Video_List!$C:$C,"<=" &Monitoring!F3)-COUNTIFS(Video_List!$C:$C,"<=" &Monitoring!E3))+1," videos"))) -> 1 video | K3: yes | L3: Insecta | M3: Diptera | N3: Brachycera | O3: =+IFERROR(IF(P3="#N/C","#N/C",IF(Q3=0,INDEX(Taxonomy_UniqueValues!D:D,MATCH(Q3,Taxonomy_UniqueValues!F:F,0)),INDEX(Taxonomy_UniqueValues!D:D,MATCH(P3,Taxonomy_UniqueValues!E:E,0)))),"#N/C") -> #N/C | P3: #N/C | Q3: #N/C | R3: #N/C | S3: #N/C | T3: #N/C
A4: 3 | B4: 44389 | C4: 2021-07-12_15-05-25 | D4: 2021-07-12_15-05-25 | E4: 44389.629 | F4: 44389.629 | G4: =F4-E4 -> 0.00023148148 | H4: yes | I4: exit | J4: =IF(ISBLANK(C4),"",IF(C4=D4, "1 video",CONCATENATE((+COUNTIFS(Video_List!$C:$C,"<=" &Monitoring!F4)-COUNTIFS(Video_List!$C:$C,"<=" &Monitoring!E4))+1," videos"))) -> 1 video | K4: yes | L4: Insecta | M4: Hymenoptera | N4: Apocrita | O4: =+IFERROR(IF(P4="#N/C","#N/C",IF(Q4=0,INDEX(Taxonomy_UniqueValues!D:D,MATCH(Q4,Taxonomy_UniqueValues!F:F,0)),INDEX(Taxonomy_UniqueValues!D:D,MATCH(P4,Taxonomy_UniqueValues!E:E,0)))),"#N/C") -> #N/C | P4: #N/C | Q4: #N/C | R4: #N/C | S4: #N/C | T4: #N/C
A5: 4 | B5: 44389 | C5: 2021-07-12_15-19-53 | D5: 2021-07-12_15-19-53 | E5: 44389.639 | F5: 44389.639 | G5: =F5-E5 -> 4.62963e-05 | H5: yes | I5: exit | J5: =IF(ISBLANK(C5),"",IF(C5=D5, "1 video",CONCATENATE((+COUNTIFS(Video_List!$C:$C,"<=" &Monitoring!F5)-COUNTIFS(Video_List!$C:$C,"<=" &Monitoring!E5))+1," videos"))) -> 1 video | K5: no | L5: Insecta | M5: Diptera | N5: Brachycera | O5: =+IFERROR(IF(P5="#N/C","#N/C",IF(Q5=0,INDEX(Taxonomy_UniqueValues!D:D,MATCH(Q5,Taxonomy_UniqueValues!F:F,0)),INDEX(Taxonomy_UniqueValues!D:D,MATCH(P5,Taxonomy_UniqueValues!E:E,0)))),"#N/C") -> #N/C | P5: #N/C | Q5: #N/C | R5: #N/C | S5: #N/C | T5: #N/C
A6: 5 | B6: 44389 | C6: 2021-07-12_15-36-07 | D6: 2021-07-12_15-36-07 | E6: 44389.65 | F6: 44389.65 | G6: =F6-E6 -> 0.00033564815 | H6: yes | I6: exit | J6: =IF(ISBLANK(C6),"",IF(C6=D6, "1 video",CONCATENATE((+COUNTIFS(Video_List!$C:$C,"<=" &Monitoring!F6)-COUNTIFS(Video_List!$C:$C,"<=" &Monitoring!E6))+1," videos"))) -> 1 video | K6: no | L6: Insecta | M6: Diptera | N6: Brachycera | O6: =+IFERROR(IF(P6="#N/C","#N/C",IF(Q6=0,INDEX(Taxonomy_UniqueValues!D:D,MATCH(Q6,Taxonomy_UniqueValues!F:F,0)),INDEX(Taxonomy_UniqueValues!D:D,MATCH(P6,Taxonomy_UniqueValues!E:E,0)))),"#N/C") -> Muscomorpha | P6: Syrphoidea | Q6: Syrphidae | R6: Syrphinae | S6: Sphaerophoria | T6: #N/C
A7: 6 | B7: 44389 | C7: 2021-07-12_15-43-07 | D7: 2021-07-12_15-43-07 | E7: 44389.655 | F7: 44389.655 | G7: =F7-E7 -> 6.9444446e-05 | H7: yes | I7: exit | J7: =IF(ISBLANK(C7),"",IF(C7=D7, "1 video",CONCATENATE((+COUNTIFS(Video_List!$C:$C,"<=" &Monitoring!F7)-COUNTIFS(Video_List!$C:$C,"<=" &Monitoring!E7))+1," videos"))) -> 1 video | K7: no | L7: Insecta | M7: Diptera | N7: Brachycera | O7: =+IFERROR(IF(P7="#N/C","#N/C",IF(Q7=0,INDEX(Taxonomy_UniqueValues!D:D,MATCH(Q7,Taxonomy_UniqueValues!F:F,0)),INDEX(Taxonomy_UniqueValues!D:D,MATCH(P7,Taxonomy_UniqueValues!E:E,0)))),"#N/C") -> #N/C | P7: #N/C | Q7: #N/C | R7: #N/C | S7: #N/C | T7: #N/C
A8: 7 | B8: 44389 | C8: 2021-07-12_15-44-27 | D8: 2021-07-12_15-44-27 | E8: 44389.656 | F8: 44389.656 | G8: =F8-E8 -> 5.7870369e-05 | H8: yes | I8: exit | J8: =IF(ISBLANK(C8),"",IF(C8=D8, "1 video",CONCATENATE((+COUNTIFS(Video_List!$C:$C,"<=" &Monitoring!F8)-COUNTIFS(Video_List!$C:$C,"<=" &Monitoring!E8))+1," videos"))) -> 1 video | K8: no | L8: Insecta | M8: Diptera | N8: Brachycera | O8: =+IFERROR(IF(P8="#N/C","#N/C",IF(Q8=0,INDEX(Taxonomy_UniqueValues!D:D,MATCH(Q8,Taxonomy_UniqueValues!F:F,0)),INDEX(Taxonomy_UniqueValues!D:D,MATCH(P8,Taxonomy_UniqueValues!E:E,0)))),"#N/C") -> #N/C | P8: #N/C | Q8: #N/C | R8: #N/C | S8: #N/C | T8: #N/C
A9: 8 | B9: 44389 | C9: 2021-07-12_16-02-04 | D9: 2021-07-12_16-02-46 | E9: 44389.668 | F9: 44389.672 | G9: =F9-E9 -> 0.003587963 | H9: yes | I9: exit | J9: =IF(ISBLANK(C9),"",IF(C9=D9, "1 video",CONCATENATE((+COUNTIFS(Video_List!$C:$C,"<=" &Monitoring!F9)-COUNTIFS(Video_List!$C:$C,"<=" &Monitoring!E9))+1," videos"))) -> 2 videos | K9: no | L9: Insecta | M9: Diptera | N9: Brachycera | O9: =+IFERROR(IF(P9="#N/C","#N/C",IF(Q9=0,INDEX(Taxonomy_UniqueValues!D:D,MATCH(Q9,Taxonomy_UniqueValues!F:F,0)),INDEX(Taxonomy_UniqueValues!D:D,MATCH(P9,Taxonomy_UniqueValues!E:E,0)))),"#N/C") -> Muscomorpha | P9: Syrphoidea | Q9: Syrphidae | R9: Syrphinae | S9: #N/C | T9: #N/C
A10: 9 | B10: 44389 | C10: 2021-07-12_16-55-42 | D10: 2021-07-12_16-55-42 | E10: 44389.705 | F10: 44389.705 | G10: =F10-E10 -> 3.4722216e-05 | H10: yes | I10: exit | J10: =IF(ISBLANK(C10),"",IF(C10=D10, "1 video",CONCATENATE((+COUNTIFS(Video_List!$C:$C,"<=" &Monitoring!F10)-COUNTIFS(Video_List!$C:$C,"<=" &Monitoring!E10))+1," videos"))) -> 1 video | K10: no | L10: Insecta | M10: Diptera | N10: Brachycera | O10: =+IFERROR(IF(P10="#N/C","#N/C",IF(Q10=0,INDEX(Taxonomy_UniqueValues!D:D,MATCH(Q10,Taxonomy_UniqueValues!F:F,0)),INDEX(Taxonomy_UniqueValues!D:D,MATCH(P10,Taxonomy_UniqueValues!E:E,0)))),"#N/C") -> #N/C | P10: #N/C | Q10: #N/C | R10: #N/C | S10: #N/C | T10: #N/C
A11: 10 | B11: 44389 | C11: 2021-07-12_16-55-42 | D11: 2021-07-12_16-55-42 | E11: 44389.706 | F11: 44389.706 | G11: =F11-E11 -> 1.1574077e-05 | H11: ? | I11: ? | J11: =IF(ISBLANK(C11),"",IF(C11=D11, "1 video",CONCATENATE((+COUNTIFS(Video_List!$C:$C,"<=" &Monitoring!F11)-COUNTIFS(Video_List!$C:$C,"<=" &Monitoring!E11))+1," videos"))) -> 1 video | K11: yes | L11: Insecta | M11: Lepidoptera | N11: Glossata | O11: =+IFERROR(IF(P11="#N/C","#N/C",IF(Q11=0,INDEX(Taxonomy_UniqueValues!D:D,MATCH(Q11,Taxonomy_UniqueValues!F:F,0)),INDEX(Taxonomy_UniqueValues!D:D,MATCH(P11,Taxonomy_UniqueValues!E:E,0)))),"#N/C") -> Rhopalocera | P11: Papilionoidea | Q11: Hesperiidae | R11: Hesperiinae | S11: Thymelicus | T11: #N/C
A12: 11 | B12: 44389 | C12: 2021-07-12_17-03-54 | D12: 2021-07-12_17-03-54 | E12: 44389.711 | F12: 44389.711 | G12: =F12-E12 -> 8.1018516e-05 | H12: yes | I12: exit | J12: =IF(ISBLANK(C12),"",IF(C12=D12, "1 video",CONCATENATE((+COUNTIFS(Video_List!$C:$C,"<=" &Monitoring!F12)-COUNTIFS(Video_List!$C:$C,"<=" &Monitoring!E12))+1," videos"))) -> 1 video | K12: no | L12: Insecta | M12: Diptera | N12: Brachycera | O12: =+IFERROR(IF(P12="#N/C","#N/C",IF(Q12=0,INDEX(Taxonomy_UniqueValues!D:D,MATCH(Q12,Taxonomy_UniqueValues!F:F,0)),INDEX(Taxonomy_UniqueValues!D:D,MATCH(P12,Taxonomy_UniqueValues!E:E,0)))),"#N/C") -> Muscomorpha | P12: Ephydroidea | Q12: Drosophilidae | R12: Drosophilinae | S12: Scaptomyza | T12: #N/C
A13: 12 | B13: 44389 | C13: 2021-07-12_17-14-40 | D13: 2021-07-12_17-14-40 | E13: 44389.719 | F13: 44389.719 | G13: =F13-E13 -> 0.00011574075 | H13: yes | I13: exit | J13: =IF(ISBLANK(C13),"",IF(C13=D13, "1 video",CONCATENATE((+COUNTIFS(Video_List!$C:$C,"<=" &Monitoring!F13)-COUNTIFS(Video_List!$C:$C,"<=" &Monitoring!E13))+1," videos"))) -> 1 video | K13: no | L13: Insecta | M13: Diptera | N13: Brachycera | O13: =+IFERROR(IF(P13="#N/C","#N/C",IF(Q13=0,INDEX(Taxonomy_UniqueValues!D:D,MATCH(Q13,Taxonomy_UniqueValues!F:F,0)),INDEX(Taxonomy_UniqueValues!D:D,MATCH(P13,Taxonomy_UniqueValues!E:E,0)))),"#N/C") -> #N/C | P13: #N/C | Q13: #N/C | R13: #N/C | S13: #N/C | T13: #N/C
A14: 13 | B14: 44389 | C14: 2021-07-12_17-18-47 | D14: 2021-07-12_17-18-47 | E14: 44389.721 | F14: 44389.721 | G14: =F14-E14 -> 5.7870369e-05 | H14: yes | I14: exit | J14: =IF(ISBLANK(C14),"",IF(C14=D14, "1 video",CONCATENATE((+COUNTIFS(Video_List!$C:$C,"<=" &Monitoring!F14)-COUNTIFS(Video_List!$C:$C,"<=" &Monitoring!E14))+1," videos"))) -> 1 video | K14: no | L14: Insecta | M14: Diptera | N14: Brachycera | O14: =+IFERROR(IF(P14="#N/C","#N/C",IF(Q14=0,INDEX(Taxonomy_UniqueValues!D:D,MATCH(Q14,Taxonomy_UniqueValues!F:F,0)),INDEX(Taxonomy_UniqueValues!D:D,MATCH(P14,Taxonomy_UniqueValues!E:E,0)))),"#N/C") -> #N/C | P14: #N/C | Q14: #N/C | R14: #N/C | S14: #N/C | T14: #N/C
... A42: 41 | B42: 44390 | C42: 2021-07-13_09-44-49 | D42: 2021-07-13_09-44-49 | E42: 44390.406 | F42: 44390.406 | G42: =F42-E42 -> 5.7870369e-05 | H42: yes | I42: exit | J42: =IF(ISBLANK(C42),"",IF(C42=D42, "1 video",CONCATENATE((+COUNTIFS(Video_List!$C:$C,"<=" &Monitoring!F42)-COUNTIFS(Video_List!$C:$C,"<=" &Monitoring!E42))+1," videos"))) -> 1 video | K42: no | L42: Insecta | M42: Diptera | N42: Brachycera | O42: =+IFERROR(IF(P42="#N/C","#N/C",IF(Q42=0,INDEX(Taxonomy_UniqueValues!D:D,MATCH(Q42,Taxonomy_UniqueValues!F:F,0)),INDEX(Taxonomy_UniqueValues!D:D,MATCH(P42,Taxonomy_UniqueValues!E:E,0)))),"#N/C") -> #N/C | P42: #N/C | Q42: #N/C | R42: #N/C | S42: #N/C | T42: #N/C
A43: 42 | B43: 44390 | C43: 2021-07-13_09-52-48 | D43: 2021-07-13_09-52-48 | E43: 44390.412 | F43: 44390.412 | G43: =F43-E43 -> 9.2592592e-05 | H43: no | I43: exit | J43: =IF(ISBLANK(C43),"",IF(C43=D43, "1 video",CONCATENATE((+COUNTIFS(Video_List!$C:$C,"<=" &Monitoring!F43)-COUNTIFS(Video_List!$C:$C,"<=" &Monitoring!E43))+1," videos"))) -> 1 video | K43: yes | L43: Insecta | M43: Mecoptera | N43: 0 | O43: =+IFERROR(IF(P43="#N/C","#N/C",IF(Q43=0,INDEX(Taxonomy_UniqueValues!D:D,MATCH(Q43,Taxonomy_UniqueValues!F:F,0)),INDEX(Taxonomy_UniqueValues!D:D,MATCH(P43,Taxonomy_UniqueValues!E:E,0)))),"#N/C") -> 0 | P43: Panorpoidea | Q43: Panorpidae | R43: 0 | S43: Panorpa | T43: #N/C
A44: 43 | B44: 44390 | C44: 2021-07-13_09-59-46 | D44: 2021-07-13_09-59-46 | E44: 44390.417 | F44: 44390.417 | G44: =F44-E44 -> 0.00010416666 | H44: ? | I44: ? | J44: =IF(ISBLANK(C44),"",IF(C44=D44, "1 video",CONCATENATE((+COUNTIFS(Video_List!$C:$C,"<=" &Monitoring!F44)-COUNTIFS(Video_List!$C:$C,"<=" &Monitoring!E44))+1," videos"))) -> 1 video | K44: no | L44: Insecta | M44: Diptera | N44: Brachycera | O44: =+IFERROR(IF(P44="#N/C","#N/C",IF(Q44=0,INDEX(Taxonomy_UniqueValues!D:D,MATCH(Q44,Taxonomy_UniqueValues!F:F,0)),INDEX(Taxonomy_UniqueValues!D:D,MATCH(P44,Taxonomy_UniqueValues!E:E,0)))),"#N/C") -> Muscomorpha | P44: Syrphoidea | Q44: Syrphidae | R44: Syrphinae | S44: #N/C | T44: #N/C
A45: 44 | B45: 44390 | C45: 2021-07-13_10-25-07 | D45: 2021-07-13_10-25-07 | E45: 44390.434 | F45: 44390.434 | G45: =F45-E45 -> 0.00012731482 | H45: yes | I45: exit | J45: =IF(ISBLANK(C45),"",IF(C45=D45, "1 video",CONCATENATE((+COUNTIFS(Video_List!$C:$C,"<=" &Monitoring!F45)-COUNTIFS(Video_List!$C:$C,"<=" &Monitoring!E45))+1," videos"))) -> 1 video | K45: no | L45: Insecta | M45: Diptera | N45: Brachycera | O45: =+IFERROR(IF(P45="#N/C","#N/C",IF(Q45=0,INDEX(Taxonomy_UniqueValues!D:D,MATCH(Q45,Taxonomy_UniqueValues!F:F,0)),INDEX(Taxonomy_UniqueValues!D:D,MATCH(P45,Taxonomy_UniqueValues!E:E,0)))),"#N/C") -> #N/C | P45: #N/C | Q45: #N/C | R45: #N/C | S45: #N/C | T45: #N/C
A46: 45 | B46: 44390 | C46: 2021-07-13_11-03-36 | D46: 2021-07-13_11-50-47 | E46: 44390.461 | F46: 44390.504 | G46: =F46-E46 -> 0.042858796 | H46: no | I46: entrance | J46: =IF(ISBLANK(C46),"",IF(C46=D46, "1 video",CONCATENATE((+COUNTIFS(Video_List!$C:$C,"<=" &Monitoring!F46)-COUNTIFS(Video_List!$C:$C,"<=" &Monitoring!E46))+1," videos"))) -> 4 videos | K46: no | L46: Insecta | M46: Hymenoptera | N46: Apocrita | O46: =+IFERROR(IF(P46="#N/C","#N/C",IF(Q46=0,INDEX(Taxonomy_UniqueValues!D:D,MATCH(Q46,Taxonomy_UniqueValues!F:F,0)),INDEX(Taxonomy_UniqueValues!D:D,MATCH(P46,Taxonomy_UniqueValues!E:E,0)))),"#N/C") -> Aculeata | P46: =+IFERROR(IF(Q46="#N/C","#N/C",INDEX(Taxonomy_UniqueValues!E:E,MATCH(Q46,Taxonomy_UniqueValues!F:F,0))),"#N/C") -> Formicoidea | Q46: =+IFERROR(IF(R46="#N/C","#N/C",INDEX(Taxonomy_UniqueValues!F:F,MATCH(R46,Taxonomy_UniqueValues!G:G,0))),"#N/C") -> Formicidae | R46: Formicinae | S46: #N/C | T46: #N/C
A47: 46 | B47: 44390 | C47: 2021-07-13_11-03-36 | D47: 2021-07-13_11-11-57 | E47: 44390.466 | F47: 44390.467 | G47: =F47-E47 -> 0.00047453704 | H47: no | I47: exit | J47: =IF(ISBLANK(C47),"",IF(C47=D47, "1 video",CONCATENATE((+COUNTIFS(Video_List!$C:$C,"<=" &Monitoring!F47)-COUNTIFS(Video_List!$C:$C,"<=" &Monitoring!E47))+1," videos"))) -> 2 videos | K47: no | L47: Insecta | M47: Orthoptera | N47: Caelifera | O47: =+IFERROR(IF(P47="#N/C","#N/C",IF(Q47=0,INDEX(Taxonomy_UniqueValues!D:D,MATCH(Q47,Taxonomy_UniqueValues!F:F,0)),INDEX(Taxonomy_UniqueValues!D:D,MATCH(P47,Taxonomy_UniqueValues!E:E,0)))),"#N/C") -> Acrididea | P47: Acridoidea | Q47: Acrididae | R47: #N/C | S47: #N/C | T47: #N/C
A48: 47 | B48: 44390 | C48: 2021-07-13_11-11-57 | D48: 2021-07-13_11-50-47 | E48: 44390.491 | F48: 44390.497 | G48: =F48-E48 -> 0.0058449074 | H48: no | I48: exit | J48: =IF(ISBLANK(C48),"",IF(C48=D48, "1 video",CONCATENATE((+COUNTIFS(Video_List!$C:$C,"<=" &Monitoring!F48)-COUNTIFS(Video_List!$C:$C,"<=" &Monitoring!E48))+1," videos"))) -> 3 videos | K48: yes | L48: Insecta | M48: Coleoptera | N48: Polyphaga | O48: =+IFERROR(IF(P48="#N/C","#N/C",IF(Q48=0,INDEX(Taxonomy_UniqueValues!D:D,MATCH(Q48,Taxonomy_UniqueValues!F:F,0)),INDEX(Taxonomy_UniqueValues!D:D,MATCH(P48,Taxonomy_UniqueValues!E:E,0)))),"#N/C") -> Cucujiformia | P48: Coccinelloidea | Q48: Coccinellidae | R48: Coccinellinae | S48: Psyllobora | T48: vigintiduopunctata
A49: 48 | B49: 44390 | C49: 2021-07-13_12-22-04 | D49: 2021-07-13_12-22-04 | E49: 44390.515 | F49: 44390.515 | G49: =F49-E49 -> 8.1018516e-05 | H49: yes | I49: exit | J49: =IF(ISBLANK(C49),"",IF(C49=D49, "1 video",CONCATENATE((+COUNTIFS(Video_List!$C:$C,"<=" &Monitoring!F49)-COUNTIFS(Video_List!$C:$C,"<=" &Monitoring!E49))+1," videos"))) -> 1 video | K49: no | L49: Insecta | M49: Diptera | N49: Brachycera | O49: =+IFERROR(IF(P49="#N/C","#N/C",IF(Q49=0,INDEX(Taxonomy_UniqueValues!D:D,MATCH(Q49,Taxonomy_UniqueValues!F:F,0)),INDEX(Taxonomy_UniqueValues!D:D,MATCH(P49,Taxonomy_UniqueValues!E:E,0)))),"#N/C") -> #N/C | P49: #N/C | Q49: #N/C | R49: #N/C | S49: #N/C | T49: #N/C
A50: 49 | B50: 44390 | C50: 2021-07-13_12-26-42 | D50: 2021-07-13_12-26-42 | E50: 44390.519 | F50: 44390.519 | G50: =F50-E50 -> 4.62963e-05 | H50: yes | I50: exit | J50: =IF(ISBLANK(C50),"",IF(C50=D50, "1 video",CONCATENATE((+COUNTIFS(Video_List!$C:$C,"<=" &Monitoring!F50)-COUNTIFS(Video_List!$C:$C,"<=" &Monitoring!E50))+1," videos"))) -> 1 video | K50: yes | L50: Insecta | M50: Hymenoptera | N50: Apocrita | O50: =+IFERROR(IF(P50="#N/C","#N/C",IF(Q50=0,INDEX(Taxonomy_UniqueValues!D:D,MATCH(Q50,Taxonomy_UniqueValues!F:F,0)),INDEX(Taxonomy_UniqueValues!D:D,MATCH(P50,Taxonomy_UniqueValues!E:E,0)))),"#N/C") -> Aculeata | P50: Apoidea | Q50: Apidae | R50: Apinae | S50: Bombus | T50: #N/C
A51: 50 | B51: 44390 | C51: 2021-07-13_12-39-07 | D51: 2021-07-13_12-39-07 | E51: 44390.527 | F51: 44390.527 | G51: =F51-E51 -> 5.7870369e-05 | H51: no | I51: exit | J51: =IF(ISBLANK(C51),"",IF(C51=D51, "1 video",CONCATENATE((+COUNTIFS(Video_List!$C:$C,"<=" &Monitoring!F51)-COUNTIFS(Video_List!$C:$C,"<=" &Monitoring!E51))+1," videos"))) -> 1 video | K51: yes | L51: Insecta | M51: Hymenoptera | N51: Apocrita | O51: =+IFERROR(IF(P51="#N/C","#N/C",IF(Q51=0,INDEX(Taxonomy_UniqueValues!D:D,MATCH(Q51,Taxonomy_UniqueValues!F:F,0)),INDEX(Taxonomy_UniqueValues!D:D,MATCH(P51,Taxonomy_UniqueValues!E:E,0)))),"#N/C") -> Parasitica | P51: Ichneumonoidea | Q51: Ichneumonidae | R51: Pimplinae | S51: Pimpla | T51: rufipes
A52: 51 | B52: 44390 | C52: 2021-07-13_13-07-11 | D52: 2021-07-13_13-07-11 | E52: 44390.547 | F52: 44390.547 | G52: =F52-E52 -> 4.62963e-05 | H52: ? | I52: ? | J52: =IF(ISBLANK(C52),"",IF(C52=D52, "1 video",CONCATENATE((+COUNTIFS(Video_List!$C:$C,"<=" &Monitoring!F52)-COUNTIFS(Video_List!$C:$C,"<=" &Monitoring!E52))+1," videos"))) -> 1 video | K52: no | L52: Insecta | M52: Diptera | N52: Brachycera | O52: =+IFERROR(IF(P52="#N/C","#N/C",IF(Q52=0,INDEX(Taxonomy_UniqueValues!D:D,MATCH(Q52,Taxonomy_UniqueValues!F:F,0)),INDEX(Taxonomy_UniqueValues!D:D,MATCH(P52,Taxonomy_UniqueValues!E:E,0)))),"#N/C") -> #N/C | P52: #N/C | Q52: #N/C | R52: #N/C | S52: #N/C | T52: #N/C
A53: 52 | B53: 44390 | C53: 2021-07-13_13-20-39 | D53: 2021-07-13_13-20-39 | E53: 44390.556 | F53: 44390.556 | G53: =F53-E53 -> 0.00011574074 | H53: yes | I53: exit | J53: =IF(ISBLANK(C53),"",IF(C53=D53, "1 video",CONCATENATE((+COUNTIFS(Video_List!$C:$C,"<=" &Monitoring!F53)-COUNTIFS(Video_List!$C:$C,"<=" &Monitoring!E53))+1," videos"))) -> 1 video | K53: no | L53: Insecta | M53: Diptera | N53: Brachycera | O53: =+IFERROR(IF(P53="#N/C","#N/C",IF(Q53=0,INDEX(Taxonomy_UniqueValues!D:D,MATCH(Q53,Taxonomy_UniqueValues!F:F,0)),INDEX(Taxonomy_UniqueValues!D:D,MATCH(P53,Taxonomy_UniqueValues!E:E,0)))),"#N/C") -> #N/C | P53: #N/C | Q53: #N/C | R53: #N/C | S53: #N/C | T53: #N/C
A54: 53 | B54: 44390 | C54: 2021-07-13_13-27-31 | D54: 2021-07-13_14-25-46 | E54: 44390.561 | F54: 44390.601 | G54: =F54-E54 -> 0.040706019 | H54: ? | I54: ? | J54: =IF(ISBLANK(C54),"",IF(C54=D54, "1 video",CONCATENATE((+COUNTIFS(Video_List!$C:$C,"<=" &Monitoring!F54)-COUNTIFS(Video_List!$C:$C,"<=" &Monitoring!E54))+1," videos"))) -> 5 videos | K54: yes | L54: Insecta | M54: Coleoptera | N54: Polyphaga | O54: =+IFERROR(IF(P54="#N/C","#N/C",IF(Q54=0,INDEX(Taxonomy_UniqueValues!D:D,MATCH(Q54,Taxonomy_UniqueValues!F:F,0)),INDEX(Taxonomy_UniqueValues!D:D,MATCH(P54,Taxonomy_UniqueValues!E:E,0)))),"#N/C") -> Cucujiformia | P54: Tenebrionoidea | Q54: Oedemeridae | R54: Nacerdinae | S54: Chrysanthia | T54: viridissima
A55: 54 | B55: 44390 | C55: 2021-07-13_14-17-56 | D55: 2021-07-13_14-17-56 | E55: 44390.596 | F55: 44390.596 | G55: =F55-E55 -> 1.1574077e-05 | H55: yes | I55: exit | J55: =IF(ISBLANK(C55),"",IF(C55=D55, "1 video",CONCATENATE((+COUNTIFS(Video_List!$C:$C,"<=" &Monitoring!F55)-COUNTIFS(Video_List!$C:$C,"<=" &Monitoring!E55))+1," videos"))) -> 1 video | K55: no | L55: Insecta | M55: Diptera | N55: Brachycera | O55: =+IFERROR(IF(P55="#N/C","#N/C",IF(Q55=0,INDEX(Taxonomy_UniqueValues!D:D,MATCH(Q55,Taxonomy_UniqueValues!F:F,0)),INDEX(Taxonomy_UniqueValues!D:D,MATCH(P55,Taxonomy_UniqueValues!E:E,0)))),"#N/C") -> Asilomorpha | P55: Asiloidea | Q55: Asilidae | R55: Asilinae | S55: Tolmerus | T55: #N/C
A56: 55 | B56: 44390 | C56: 2021-07-13_14-24-21 | D56: 2021-07-13_14-25-46 | E56: 44390.6 | F56: 44390.601 | G56: =F56-E56 -> 0.0012268519 | H56: yes | I56: exit | J56: =IF(ISBLANK(C56),"",IF(C56=D56, "1 video",CONCATENATE((+COUNTIFS(Video_List!$C:$C,"<=" &Monitoring!F56)-COUNTIFS(Video_List!$C:$C,"<=" &Monitoring!E56))+1," videos"))) -> 2 videos | K56: no | L56: Insecta | M56: Diptera | N56: Brachycera | O56: =+IFERROR(IF(P56="#N/C","#N/C",IF(Q56=0,INDEX(Taxonomy_UniqueValues!D:D,MATCH(Q56,Taxonomy_UniqueValues!F:F,0)),INDEX(Taxonomy_UniqueValues!D:D,MATCH(P56,Taxonomy_UniqueValues!E:E,0)))),"#N/C") -> Asilomorpha | P56: Asiloidea | Q56: Asilidae | R56: Asilinae | S56: #N/C | T56: #N/C
A57: 56 | B57: 44390 | C57: 2021-07-13_14-30-25 | D57: 2021-07-13_14-30-25 | E57: 44390.604 | F57: 44390.605 | G57: =F57-E57 -> 0.00016203704 | H57: ? | I57: exit | J57: =IF(ISBLANK(C57),"",IF(C57=D57, "1 video",CONCATENATE((+COUNTIFS(Video_List!$C:$C,"<=" &Monitoring!F57)-COUNTIFS(Video_List!$C:$C,"<=" &Monitoring!E57))+1," videos"))) -> 1 video | K57: no | L57: Insecta | M57: Diptera | N57: Brachycera | O57: =+IFERROR(IF(P57="#N/C","#N/C",IF(Q57=0,INDEX(Taxonomy_UniqueValues!D:D,MATCH(Q57,Taxonomy_UniqueValues!F:F,0)),INDEX(Taxonomy_UniqueValues!D:D,MATCH(P57,Taxonomy_UniqueValues!E:E,0)))),"#N/C") -> Asilomorpha | P57: Asiloidea | Q57: Asilidae | R57: Asilinae | S57: #N/C | T57: #N/C
A58: 57 | B58: 44390 | C58: 2021-07-13_14-38-42 | D58: 2021-07-13_14-46-17 | E58: 44390.61 | F58: 44390.616 | G58: =F58-E58 -> 0.0053587963 | H58: yes | I58: exit | J58: =IF(ISBLANK(C58),"",IF(C58=D58, "1 video",CONCATENATE((+COUNTIFS(Video_List!$C:$C,"<=" &Monitoring!F58)-COUNTIFS(Video_List!$C:$C,"<=" &Monitoring!E58))+1," videos"))) -> 5 videos | K58: no | L58: Insecta | M58: Diptera | N58: Brachycera | O58: =+IFERROR(IF(P58="#N/C","#N/C",IF(Q58=0,INDEX(Taxonomy_UniqueValues!D:D,MATCH(Q58,Taxonomy_UniqueValues!F:F,0)),INDEX(Taxonomy_UniqueValues!D:D,MATCH(P58,Taxonomy_UniqueValues!E:E,0)))),"#N/C") -> #N/C | P58: #N/C | Q58: #N/C | R58: #N/C | S58: #N/C | T58: #N/C
... A73: 72 | B73: 44390 | C73: 2021-07-13_16-57-08 | D73: 2021-07-13_16-57-08 | E73: 44390.707 | F73: 44390.707 | G73: =F73-E73 -> 0.00017361111 | H73: ? | I73: ? | J73: =IF(ISBLANK(C73),"",IF(C73=D73, "1 video",CONCATENATE((+COUNTIFS(Video_List!$C:$C,"<=" &Monitoring!F73)-COUNTIFS(Video_List!$C:$C,"<=" &Monitoring!E73))+1," videos"))) -> 1 video | K73: no | L73: Insecta | M73: Orthoptera | N73: Caelifera | O73: =+IFERROR(IF(P73="#N/C","#N/C",IF(Q73=0,INDEX(Taxonomy_UniqueValues!D:D,MATCH(Q73,Taxonomy_UniqueValues!F:F,0)),INDEX(Taxonomy_UniqueValues!D:D,MATCH(P73,Taxonomy_UniqueValues!E:E,0)))),"#N/C") -> Acrididea | P73: Acridoidea | Q73: Acrididae | R73: Gomphocerinae | S73: Chorthippus | T73: #N/C
A74: 73 | B74: 44390 | C74: 2021-07-13_16-57-08 | D74: 2021-07-13_16-57-08 | E74: 44390.707 | F74: 44390.707 | G74: =F74-E74 -> 1.1574077e-05 | H74: yes | I74: exit | J74: =IF(ISBLANK(C74),"",IF(C74=D74, "1 video",CONCATENATE((+COUNTIFS(Video_List!$C:$C,"<=" &Monitoring!F74)-COUNTIFS(Video_List!$C:$C,"<=" &Monitoring!E74))+1," videos"))) -> 1 video | K74: yes | L74: Insecta | M74: Diptera | N74: Brachycera | O74: =+IFERROR(IF(P74="#N/C","#N/C",IF(Q74=0,INDEX(Taxonomy_UniqueValues!D:D,MATCH(Q74,Taxonomy_UniqueValues!F:F,0)),INDEX(Taxonomy_UniqueValues!D:D,MATCH(P74,Taxonomy_UniqueValues!E:E,0)))),"#N/C") -> Muscomorpha | P74: Muscoidea | Q74: Fanniidae | R74: 0 | S74: Fannia | T74: #N/C
A75: 74 | B75: 44390 | C75: 2021-07-13_17-10-39 | D75: 2021-07-13_17-10-39 | E75: 44390.716 | F75: 44390.716 | G75: =F75-E75 -> 5.7870369e-05 | H75: ? | I75: ? | J75: =IF(ISBLANK(C75),"",IF(C75=D75, "1 video",CONCATENATE((+COUNTIFS(Video_List!$C:$C,"<=" &Monitoring!F75)-COUNTIFS(Video_List!$C:$C,"<=" &Monitoring!E75))+1," videos"))) -> 1 video | K75: yes | L75: =+IFERROR(IF(M75="#N/C","#N/C",INDEX(Taxonomy_UniqueValues!A:A,MATCH(M75,Taxonomy_UniqueValues!B:B,0))),"#N/C") -> Insecta | M75: =+IFERROR(IF(N75="#N/C","#N/C",INDEX(Taxonomy_UniqueValues!B:B,MATCH(N75,Taxonomy_UniqueValues!C:C,0))),"#N/C") -> Hymenoptera | N75: =+IFERROR(IF(O75="#N/C","#N/C",INDEX(Taxonomy_UniqueValues!C:C,MATCH(O75,Taxonomy_UniqueValues!D:D,0))),"#N/C") -> Apocrita | O75: =+IFERROR(IF(P75="#N/C","#N/C",INDEX(Taxonomy_UniqueValues!D:D,MATCH(P75,Taxonomy_UniqueValues!E:E,0))),"#N/C") -> Aculeata | P75: =+IFERROR(IF(Q75="#N/C","#N/C",INDEX(Taxonomy_UniqueValues!E:E,MATCH(Q75,Taxonomy_UniqueValues!F:F,0))),"#N/C") -> Formicoidea | Q75: =+IFERROR(IF(R75="#N/C","#N/C",INDEX(Taxonomy_UniqueValues!F:F,MATCH(R75,Taxonomy_UniqueValues!G:G,0))),"#N/C") -> Formicidae | R75: =+IFERROR(IF(S75="#N/C","#N/C",INDEX(Taxonomy_UniqueValues!G:G,MATCH(S75,Taxonomy_UniqueValues!H:H,0))),"#N/C") -> Formicinae | S75: Lasius | T75: fuliginosus
A76: 75 | B76: 44390 | C76: 2021-07-13_17-13-55 | D76: 2021-07-13_17-13-55 | E76: 44390.718 | F76: 44390.718 | G76: =F76-E76 -> 4.62963e-05 | H76: ? | I76: ? | J76: =IF(ISBLANK(C76),"",IF(C76=D76, "1 video",CONCATENATE((+COUNTIFS(Video_List!$C:$C,"<=" &Monitoring!F76)-COUNTIFS(Video_List!$C:$C,"<=" &Monitoring!E76))+1," videos"))) -> 1 video | K76: no | L76: Insecta | M76: Diptera | N76: Brachycera | O76: =+IFERROR(IF(P76="#N/C","#N/C",IF(Q76=0,INDEX(Taxonomy_UniqueValues!D:D,MATCH(Q76,Taxonomy_UniqueValues!F:F,0)),INDEX(Taxonomy_UniqueValues!D:D,MATCH(P76,Taxonomy_UniqueValues!E:E,0)))),"#N/C") -> Muscomorpha | P76: Syrphoidea | Q76: Syrphidae | R76: Syrphinae | S76: Melanostoma | T76: #N/C
A77: 76 | B77: 44390 | C77: 2021-07-13_17-32-05 | D77: 2021-07-13_17-32-05 | E77: 44390.731 | F77: 44390.731 | G77: =F77-E77 -> 9.2592592e-05 | H77: yes | I77: exit | J77: =IF(ISBLANK(C77),"",IF(C77=D77, "1 video",CONCATENATE((+COUNTIFS(Video_List!$C:$C,"<=" &Monitoring!F77)-COUNTIFS(Video_List!$C:$C,"<=" &Monitoring!E77))+1," videos"))) -> 1 video | K77: no | L77: Insecta | M77: Diptera | N77: Brachycera | O77: =+IFERROR(IF(P77="#N/C","#N/C",IF(Q77=0,INDEX(Taxonomy_UniqueValues!D:D,MATCH(Q77,Taxonomy_UniqueValues!F:F,0)),INDEX(Taxonomy_UniqueValues!D:D,MATCH(P77,Taxonomy_UniqueValues!E:E,0)))),"#N/C") -> #N/C | P77: #N/C | Q77: #N/C | R77: #N/C | S77: #N/C | T77: #N/C
A78: 77 | B78: 44390 | C78: 2021-07-13_17-45-32 | D78: 2021-07-13_17-45-32 | E78: 44390.74 | F78: 44390.74 | G78: =F78-E78 -> 4.6296293e-05 | H78: yes | I78: exit | J78: =IF(ISBLANK(C78),"",IF(C78=D78, "1 video",CONCATENATE((+COUNTIFS(Video_List!$C:$C,"<=" &Monitoring!F78)-COUNTIFS(Video_List!$C:$C,"<=" &Monitoring!E78))+1," videos"))) -> 1 video | K78: no | L78: Insecta | M78: Diptera | N78: Nematocera | O78: =+IFERROR(IF(P78="#N/C","#N/C",IF(Q78=0,INDEX(Taxonomy_UniqueValues!D:D,MATCH(Q78,Taxonomy_UniqueValues!F:F,0)),INDEX(Taxonomy_UniqueValues!D:D,MATCH(P78,Taxonomy_UniqueValues!E:E,0)))),"#N/C") -> Bibionomorpha | P78: Sciaroidea | Q78: Keroplatidae | R78: Macrocerinae | S78: Macrocera | T78: #N/C
A79: 78 | B79: 44390 | C79: 2021-07-13_17-56-52 | D79: 2021-07-13_17-56-52 | E79: 44390.748 | F79: 44390.748 | G79: =F79-E79 -> 9.2592592e-05 | H79: yes | I79: exit | J79: =IF(ISBLANK(C79),"",IF(C79=D79, "1 video",CONCATENATE((+COUNTIFS(Video_List!$C:$C,"<=" &Monitoring!F79)-COUNTIFS(Video_List!$C:$C,"<=" &Monitoring!E79))+1," videos"))) -> 1 video | K79: no | L79: Insecta | M79: Diptera | N79: Brachycera | O79: =+IFERROR(IF(P79="#N/C","#N/C",IF(Q79=0,INDEX(Taxonomy_UniqueValues!D:D,MATCH(Q79,Taxonomy_UniqueValues!F:F,0)),INDEX(Taxonomy_UniqueValues!D:D,MATCH(P79,Taxonomy_UniqueValues!E:E,0)))),"#N/C") -> #N/C | P79: #N/C | Q79: #N/C | R79: #N/C | S79: #N/C | T79: #N/C
A80: 79 | B80: 44390 | C80: 2021-07-13_17-59-20 | D80: 2021-07-13_17-59-20 | E80: 44390.75 | F80: 44390.75 | G80: =F80-E80 -> 6.9444446e-05 | H80: yes | I80: exit | J80: =IF(ISBLANK(C80),"",IF(C80=D80, "1 video",CONCATENATE((+COUNTIFS(Video_List!$C:$C,"<=" &Monitoring!F80)-COUNTIFS(Video_List!$C:$C,"<=" &Monitoring!E80))+1," videos"))) -> 1 video | K80: no | L80: Insecta | M80: Diptera | N80: Brachycera | O80: =+IFERROR(IF(P80="#N/C","#N/C",IF(Q80=0,INDEX(Taxonomy_UniqueValues!D:D,MATCH(Q80,Taxonomy_UniqueValues!F:F,0)),INDEX(Taxonomy_UniqueValues!D:D,MATCH(P80,Taxonomy_UniqueValues!E:E,0)))),"#N/C") -> #N/C | P80: #N/C | Q80: #N/C | R80: #N/C | S80: #N/C | T80: #N/C
A81: 80 | B81: 44390 | C81: 2021-07-13_18-03-08 | D81: 2021-07-13_18-03-08 | E81: 44390.752 | F81: 44390.752 | G81: =F81-E81 -> 0.00010416667 | H81: yes | I81: exit | J81: =IF(ISBLANK(C81),"",IF(C81=D81, "1 video",CONCATENATE((+COUNTIFS(Video_List!$C:$C,"<=" &Monitoring!F81)-COUNTIFS(Video_List!$C:$C,"<=" &Monitoring!E81))+1," videos"))) -> 1 video | K81: no | L81: Insecta | M81: Diptera | N81: Brachycera | O81: =+IFERROR(IF(P81="#N/C","#N/C",IF(Q81=0,INDEX(Taxonomy_UniqueValues!D:D,MATCH(Q81,Taxonomy_UniqueValues!F:F,0)),INDEX(Taxonomy_UniqueValues!D:D,MATCH(P81,Taxonomy_UniqueValues!E:E,0)))),"#N/C") -> #N/C | P81: #N/C | Q81: #N/C | R81: #N/C | S81: #N/C | T81: #N/C
A82: 81 | B82: 44390 | C82: 2021-07-13_18-42-56 | D82: 2021-07-13_18-42-56 | E82: 44390.78 | F82: 44390.78 | G82: =F82-E82 -> 8.1018523e-05 | H82: yes | I82: exit | J82: =IF(ISBLANK(C82),"",IF(C82=D82, "1 video",CONCATENATE((+COUNTIFS(Video_List!$C:$C,"<=" &Monitoring!F82)-COUNTIFS(Video_List!$C:$C,"<=" &Monitoring!E82))+1," videos"))) -> 1 video | K82: no | L82: Insecta | M82: Diptera | N82: Brachycera | O82: =+IFERROR(IF(P82="#N/C","#N/C",IF(Q82=0,INDEX(Taxonomy_UniqueValues!D:D,MATCH(Q82,Taxonomy_UniqueValues!F:F,0)),INDEX(Taxonomy_UniqueValues!D:D,MATCH(P82,Taxonomy_UniqueValues!E:E,0)))),"#N/C") -> #N/C | P82: #N/C | Q82: #N/C | R82: #N/C | S82: #N/C | T82: #N/C
A83: 82 | B83: 44390 | C83: 2021-07-13_18-46-29 | D83: 2021-07-13_18-46-29 | E83: 44390.782 | F83: 44390.782 | G83: =F83-E83 -> 4.6296293e-05 | H83: yes | I83: exit | J83: =IF(ISBLANK(C83),"",IF(C83=D83, "1 video",CONCATENATE((+COUNTIFS(Video_List!$C:$C,"<=" &Monitoring!F83)-COUNTIFS(Video_List!$C:$C,"<=" &Monitoring!E83))+1," videos"))) -> 1 video | K83: no | L83: Insecta | M83: Diptera | N83: Brachycera | O83: =+IFERROR(IF(P83="#N/C","#N/C",IF(Q83=0,INDEX(Taxonomy_UniqueValues!D:D,MATCH(Q83,Taxonomy_UniqueValues!F:F,0)),INDEX(Taxonomy_UniqueValues!D:D,MATCH(P83,Taxonomy_UniqueValues!E:E,0)))),"#N/C") -> #N/C | P83: #N/C | Q83: #N/C | R83: #N/C | S83: #N/C | T83: #N/C
A84: 83 | B84: 44390 | C84: 2021-07-13_18-47-51 | D84: 2021-07-13_18-47-51 | E84: 44390.783 | F84: 44390.783 | G84: =F84-E84 -> 6.9444446e-05 | H84: yes | I84: exit | J84: =IF(ISBLANK(C84),"",IF(C84=D84, "1 video",CONCATENATE((+COUNTIFS(Video_List!$C:$C,"<=" &Monitoring!F84)-COUNTIFS(Video_List!$C:$C,"<=" &Monitoring!E84))+1," videos"))) -> 1 video | K84: no | L84: Insecta | M84: Diptera | N84: Brachycera | O84: =+IFERROR(IF(P84="#N/C","#N/C",IF(Q84=0,INDEX(Taxonomy_UniqueValues!D:D,MATCH(Q84,Taxonomy_UniqueValues!F:F,0)),INDEX(Taxonomy_UniqueValues!D:D,MATCH(P84,Taxonomy_UniqueValues!E:E,0)))),"#N/C") -> #N/C | P84: #N/C | Q84: #N/C | R84: #N/C | S84: #N/C | T84: #N/C
A85: 84 | B85: 44390 | C85: 2021-07-13_19-04-35 | D85: 2021-07-13_19-04-35 | E85: 44390.795 | F85: 44390.795 | G85: =F85-E85 -> 8.1018516e-05 | H85: yes | I85: exit | J85: =IF(ISBLANK(C85),"",IF(C85=D85, "1 video",CONCATENATE((+COUNTIFS(Video_List!$C:$C,"<=" &Monitoring!F85)-COUNTIFS(Video_List!$C:$C,"<=" &Monitoring!E85))+1," videos"))) -> 1 video | K85: no | L85: Insecta | M85: Diptera | N85: Brachycera | O85: =+IFERROR(IF(P85="#N/C","#N/C",IF(Q85=0,INDEX(Taxonomy_UniqueValues!D:D,MATCH(Q85,Taxonomy_UniqueValues!F:F,0)),INDEX(Taxonomy_UniqueValues!D:D,MATCH(P85,Taxonomy_UniqueValues!E:E,0)))),"#N/C") -> #N/C | P85: #N/C | Q85: #N/C | R85: #N/C | S85: #N/C | T85: #N/C
A86: 85 | B86: 44390 | C86: 2021-07-13_19-07-17 | D86: 2021-07-13_19-07-17 | E86: 44390.797 | F86: 44390.797 | G86: =F86-E86 -> 4.6296293e-05 | H86: yes | I86: exit | J86: =IF(ISBLANK(C86),"",IF(C86=D86, "1 video",CONCATENATE((+COUNTIFS(Video_List!$C:$C,"<=" &Monitoring!F86)-COUNTIFS(Video_List!$C:$C,"<=" &Monitoring!E86))+1," videos"))) -> 1 video | K86: no | L86: Insecta | M86: Diptera | N86: Brachycera | O86: =+IFERROR(IF(P86="#N/C","#N/C",IF(Q86=0,INDEX(Taxonomy_UniqueValues!D:D,MATCH(Q86,Taxonomy_UniqueValues!F:F,0)),INDEX(Taxonomy_UniqueValues!D:D,MATCH(P86,Taxonomy_UniqueValues!E:E,0)))),"#N/C") -> #N/C | P86: #N/C | Q86: #N/C | R86: #N/C | S86: #N/C | T86: #N/C
A87: 86 | B87: 44390 | C87: 2021-07-13_19-18-51 | D87: 2021-07-13_19-18-51 | E87: 44390.805 | F87: 44390.805 | G87: =F87-E87 -> 4.6296293e-05 | H87: yes | I87: exit | J87: =IF(ISBLANK(C87),"",IF(C87=D87, "1 video",CONCATENATE((+COUNTIFS(Video_List!$C:$C,"<=" &Monitoring!F87)-COUNTIFS(Video_List!$C:$C,"<=" &Monitoring!E87))+1," videos"))) -> 1 video | K87: no | L87: Insecta | M87: Diptera | N87: Brachycera | O87: =+IFERROR(IF(P87="#N/C","#N/C",IF(Q87=0,INDEX(Taxonomy_UniqueValues!D:D,MATCH(Q87,Taxonomy_UniqueValues!F:F,0)),INDEX(Taxonomy_UniqueValues!D:D,MATCH(P87,Taxonomy_UniqueValues!E:E,0)))),"#N/C") -> #N/C | P87: #N/C | Q87: #N/C | R87: #N/C | S87: #N/C | T87: #N/C
... A112: 111 | B112: 44392 | C112: 2021-07-15_21-29-02 | D112: 2021-07-15_21-29-02 | E112: 44392.895 | F112: 44392.895 | G112: =F112-E112 -> 3.4722223e-05 | H112: yes | I112: exit | J112: =IF(ISBLANK(C112),"",IF(C112=D112, "1 video",CONCATENATE((+COUNTIFS(Video_List!$C:$C,"<=" &Monitoring!F112)-COUNTIFS(Video_List!$C:$C,"<=" &Monitoring!E112))+1," videos"))) -> 1 video | K112: no | L112: Insecta | M112: Diptera | N112: Nematocera | O112: =+IFERROR(IF(P112="#N/C","#N/C",IF(Q112=0,INDEX(Taxonomy_UniqueValues!D:D,MATCH(Q112,Taxonomy_UniqueValues!F:F,0)),INDEX(Taxonomy_UniqueValues!D:D,MATCH(P112,Taxonomy_UniqueValues!E:E,0)))),"#N/C") -> Tipulomorpha | P112: Tipuloidea | Q112: Tipulidae | R112: Tipulinae | S112: Nephrotoma | T112: #N/C
A113: 112 | B113: 44392 | C113: 2021-07-15_21-29-45 | D113: 2021-07-15_21-29-45 | E113: 44392.896 | F113: 44392.896 | G113: =F113-E113 -> 8.1018523e-05 | H113: yes | I113: exit | J113: =IF(ISBLANK(C113),"",IF(C113=D113, "1 video",CONCATENATE((+COUNTIFS(Video_List!$C:$C,"<=" &Monitoring!F113)-COUNTIFS(Video_List!$C:$C,"<=" &Monitoring!E113))+1," videos"))) -> 1 video | K113: yes | L113: Insecta | M113: Diptera | N113: Brachycera | O113: =+IFERROR(IF(P113="#N/C","#N/C",IF(Q113=0,INDEX(Taxonomy_UniqueValues!D:D,MATCH(Q113,Taxonomy_UniqueValues!F:F,0)),INDEX(Taxonomy_UniqueValues!D:D,MATCH(P113,Taxonomy_UniqueValues!E:E,0)))),"#N/C") -> Muscomorpha | P113: Muscoidea | Q113: Fanniidae | R113: 0 | S113: Fannia | T113: #N/C
A114: 113 | B114: 44392 | C114: 2021-07-15_22-12-01 | D114: 2021-07-15_22-12-01 | E114: 44392.898 | F114: 44392.898 | G114: =F114-E114 -> 5.7870369e-05 | H114: yes | I114: exit | J114: =IF(ISBLANK(C114),"",IF(C114=D114, "1 video",CONCATENATE((+COUNTIFS(Video_List!$C:$C,"<=" &Monitoring!F114)-COUNTIFS(Video_List!$C:$C,"<=" &Monitoring!E114))+1," videos"))) -> 1 video | K114: yes | L114: Insecta | M114: Diptera | N114: #N/C | O114: =+IFERROR(IF(P114="#N/C","#N/C",IF(Q114=0,INDEX(Taxonomy_UniqueValues!D:D,MATCH(Q114,Taxonomy_UniqueValues!F:F,0)),INDEX(Taxonomy_UniqueValues!D:D,MATCH(P114,Taxonomy_UniqueValues!E:E,0)))),"#N/C") -> #N/C | P114: #N/C | Q114: #N/C | R114: #N/C | S114: #N/C | T114: #N/C
A115: 114 | B115: 44392 | C115: 2021-07-15_21-36-47 | D115: 2021-07-15_21-36-47 | E115: 44392.901 | F115: 44392.901 | G115: =F115-E115 -> 0.00026620371 | H115: no | I115: entrance | J115: =IF(ISBLANK(C115),"",IF(C115=D115, "1 video",CONCATENATE((+COUNTIFS(Video_List!$C:$C,"<=" &Monitoring!F115)-COUNTIFS(Video_List!$C:$C,"<=" &Monitoring!E115))+1," videos"))) -> 1 video | K115: yes | L115: Insecta | M115: Lepidoptera | N115: Glossata | O115: =+IFERROR(IF(P115="#N/C","#N/C",IF(Q115=0,INDEX(Taxonomy_UniqueValues!D:D,MATCH(Q115,Taxonomy_UniqueValues!F:F,0)),INDEX(Taxonomy_UniqueValues!D:D,MATCH(P115,Taxonomy_UniqueValues!E:E,0)))),"#N/C") -> Heterocera | P115: Pyraloidea | Q115: Pyralidae | R115: Phycitinae | S115: Ephestia | T115: #N/C
A116: 115 | B116: 44392 | C116: 2021-07-15_21-42-51 | D116: 2021-07-15_21-42-51 | E116: 44392.905 | F116: 44392.905 | G116: =F116-E116 -> 0.00023148148 | H116: yes | I116: exit | J116: =IF(ISBLANK(C116),"",IF(C116=D116, "1 video",CONCATENATE((+COUNTIFS(Video_List!$C:$C,"<=" &Monitoring!F116)-COUNTIFS(Video_List!$C:$C,"<=" &Monitoring!E116))+1," videos"))) -> 1 video | K116: no | L116: Insecta | M116: Diptera | N116: Brachycera | O116: =+IFERROR(IF(P116="#N/C","#N/C",IF(Q116=0,INDEX(Taxonomy_UniqueValues!D:D,MATCH(Q116,Taxonomy_UniqueValues!F:F,0)),INDEX(Taxonomy_UniqueValues!D:D,MATCH(P116,Taxonomy_UniqueValues!E:E,0)))),"#N/C") -> #N/C | P116: #N/C | Q116: #N/C | R116: #N/C | S116: #N/C | T116: #N/C
A117: 116 | B117: 44392 | C117: 2021-07-15_21-46-28 | D117: 2021-07-15_21-46-28 | E117: 44392.907 | F117: 44392.907 | G117: =F117-E117 -> 0.00010416667 | H117: yes | I117: exit | J117: =IF(ISBLANK(C117),"",IF(C117=D117, "1 video",CONCATENATE((+COUNTIFS(Video_List!$C:$C,"<=" &Monitoring!F117)-COUNTIFS(Video_List!$C:$C,"<=" &Monitoring!E117))+1," videos"))) -> 1 video | K117: no | L117: Insecta | M117: Diptera | N117: Brachycera | O117: =+IFERROR(IF(P117="#N/C","#N/C",IF(Q117=0,INDEX(Taxonomy_UniqueValues!D:D,MATCH(Q117,Taxonomy_UniqueValues!F:F,0)),INDEX(Taxonomy_UniqueValues!D:D,MATCH(P117,Taxonomy_UniqueValues!E:E,0)))),"#N/C") -> #N/C | P117: #N/C | Q117: #N/C | R117: #N/C | S117: #N/C | T117: #N/C
A118: 117 | B118: 44392 | C118: 2021-07-15_21-49-19 | D118: 2021-07-15_21-49-19 | E118: 44392.909 | F118: 44392.91 | G118: =F118-E118 -> 0.00074074074 | H118: no | I118: exit | J118: =IF(ISBLANK(C118),"",IF(C118=D118, "1 video",CONCATENATE((+COUNTIFS(Video_List!$C:$C,"<=" &Monitoring!F118)-COUNTIFS(Video_List!$C:$C,"<=" &Monitoring!E118))+1," videos"))) -> 1 video | K118: no | L118: Insecta | M118: Coleoptera | N118: Polyphaga | O118: =+IFERROR(IF(P118="#N/C","#N/C",IF(Q118=0,INDEX(Taxonomy_UniqueValues!D:D,MATCH(Q118,Taxonomy_UniqueValues!F:F,0)),INDEX(Taxonomy_UniqueValues!D:D,MATCH(P118,Taxonomy_UniqueValues!E:E,0)))),"#N/C") -> Cucujiformia | P118: Tenebrionoidea | Q118: Anthicidae | R118: Anthicinae | S118: Notoxus | T118: monoceros
A119: 118 | B119: 44392 | C119: 2021-07-15_21-54-09 | D119: 2021-07-15_21-54-09 | E119: 44392.913 | F119: 44392.913 | G119: =F119-E119 -> 0.00028935185 | H119: no | I119: entrance | J119: =IF(ISBLANK(C119),"",IF(C119=D119, "1 video",CONCATENATE((+COUNTIFS(Video_List!$C:$C,"<=" &Monitoring!F119)-COUNTIFS(Video_List!$C:$C,"<=" &Monitoring!E119))+1," videos"))) -> 1 video | K119: no | L119: Insecta | M119: Lepidoptera | N119: Glossata | O119: =+IFERROR(IF(P119="#N/C","#N/C",IF(Q119=0,INDEX(Taxonomy_UniqueValues!D:D,MATCH(Q119,Taxonomy_UniqueValues!F:F,0)),INDEX(Taxonomy_UniqueValues!D:D,MATCH(P119,Taxonomy_UniqueValues!E:E,0)))),"#N/C") -> Heterocera | P119: Pyraloidea | Q119: Pyralidae | R119: Phycitinae | S119: Ephestia | T119: #N/C
A120: 119 | B120: 44392 | C120: 2021-07-15_21-57-07 | D120: 2021-07-15_21-57-07 | E120: 44392.915 | F120: 44392.915 | G120: =F120-E120 -> 0.00061342592 | H120: yes | I120: exit | J120: =IF(ISBLANK(C120),"",IF(C120=D120, "1 video",CONCATENATE((+COUNTIFS(Video_List!$C:$C,"<=" &Monitoring!F120)-COUNTIFS(Video_List!$C:$C,"<=" &Monitoring!E120))+1," videos"))) -> 1 video | K120: yes | L120: Insecta | M120: #N/C | N120: #N/C | O120: =+IFERROR(IF(P120="#N/C","#N/C",IF(Q120=0,INDEX(Taxonomy_UniqueValues!D:D,MATCH(Q120,Taxonomy_UniqueValues!F:F,0)),INDEX(Taxonomy_UniqueValues!D:D,MATCH(P120,Taxonomy_UniqueValues!E:E,0)))),"#N/C") -> #N/C | P120: #N/C | Q120: #N/C | R120: #N/C | S120: #N/C | T120: #N/C
A121: 120 | B121: 44392 | C121: 2021-07-15_21-59-26 | D121: 2021-07-15_21-59-26 | E121: 44392.916 | F121: 44392.917 | G121: =F121-E121 -> 0.00063657408 | H121: yes | I121: exit | J121: =IF(ISBLANK(C121),"",IF(C121=D121, "1 video",CONCATENATE((+COUNTIFS(Video_List!$C:$C,"<=" &Monitoring!F121)-COUNTIFS(Video_List!$C:$C,"<=" &Monitoring!E121))+1," videos"))) -> 1 video | K121: no | L121: Insecta | M121: #N/C | N121: #N/C | O121: =+IFERROR(IF(P121="#N/C","#N/C",IF(Q121=0,INDEX(Taxonomy_UniqueValues!D:D,MATCH(Q121,Taxonomy_UniqueValues!F:F,0)),INDEX(Taxonomy_UniqueValues!D:D,MATCH(P121,Taxonomy_UniqueValues!E:E,0)))),"#N/C") -> #N/C | P121: #N/C | Q121: #N/C | R121: #N/C | S121: #N/C | T121: #N/C
A122: 121 | B122: 44392 | C122: 2021-07-15_21-59-26 | D122: 2021-07-15_21-59-26 | E122: 44392.916 | F122: 44392.917 | G122: =F122-E122 -> 0.00052083334 | H122: yes | I122: ? | J122: =IF(ISBLANK(C122),"",IF(C122=D122, "1 video",CONCATENATE((+COUNTIFS(Video_List!$C:$C,"<=" &Monitoring!F122)-COUNTIFS(Video_List!$C:$C,"<=" &Monitoring!E122))+1," videos"))) -> 1 video | K122: no | L122: Insecta | M122: Lepidoptera | N122: Glossata | O122: =+IFERROR(IF(P122="#N/C","#N/C",IF(Q122=0,INDEX(Taxonomy_UniqueValues!D:D,MATCH(Q122,Taxonomy_UniqueValues!F:F,0)),INDEX(Taxonomy_UniqueValues!D:D,MATCH(P122,Taxonomy_UniqueValues!E:E,0)))),"#N/C") -> Heterocera | P122: Gelechioidea | Q122: #N/C | R122: #N/C | S122: #N/C | T122: #N/C
A123: 122 | B123: 44392 | C123: 2021-07-15_22-01-03 | D123: 2021-07-15_22-01-03 | E123: 44392.917 | F123: 44392.919 | G123: =F123-E123 -> 0.0020023148 | H123: no | I123: entrance | J123: =IF(ISBLANK(C123),"",IF(C123=D123, "1 video",CONCATENATE((+COUNTIFS(Video_List!$C:$C,"<=" &Monitoring!F123)-COUNTIFS(Video_List!$C:$C,"<=" &Monitoring!E123))+1," videos"))) -> 1 video | K123: no | L123: Insecta | M123: Lepidoptera | N123: Glossata | O123: =+IFERROR(IF(P123="#N/C","#N/C",IF(Q123=0,INDEX(Taxonomy_UniqueValues!D:D,MATCH(Q123,Taxonomy_UniqueValues!F:F,0)),INDEX(Taxonomy_UniqueValues!D:D,MATCH(P123,Taxonomy_UniqueValues!E:E,0)))),"#N/C") -> Heterocera | P123: Pyraloidea | Q123: Pyralidae | R123: Phycitinae | S123: Ephestia | T123: #N/C
A124: 123 | B124: 44392 | C124: 2021-07-15_22-06-24 | D124: 2021-07-15_22-06-24 | E124: 44392.921 | F124: 44392.923 | G124: =F124-E124 -> 0.0014930556 | H124: no | I124: entrance | J124: =IF(ISBLANK(C124),"",IF(C124=D124, "1 video",CONCATENATE((+COUNTIFS(Video_List!$C:$C,"<=" &Monitoring!F124)-COUNTIFS(Video_List!$C:$C,"<=" &Monitoring!E124))+1," videos"))) -> 1 video | K124: no | L124: Insecta | M124: Lepidoptera | N124: Glossata | O124: =+IFERROR(IF(P124="#N/C","#N/C",IF(Q124=0,INDEX(Taxonomy_UniqueValues!D:D,MATCH(Q124,Taxonomy_UniqueValues!F:F,0)),INDEX(Taxonomy_UniqueValues!D:D,MATCH(P124,Taxonomy_UniqueValues!E:E,0)))),"#N/C") -> Heterocera | P124: Pyraloidea | Q124: Pyralidae | R124: Phycitinae | S124: Ephestia | T124: #N/C
A125: 124 | B125: 44392 | C125: 2021-07-15_22-06-24 | D125: 2021-07-15_22-06-24 | E125: 44392.921 | F125: 44392.923 | G125: =F125-E125 -> 0.0014930556 | H125: no | I125: entrance | J125: =IF(ISBLANK(C125),"",IF(C125=D125, "1 video",CONCATENATE((+COUNTIFS(Video_List!$C:$C,"<=" &Monitoring!F125)-COUNTIFS(Video_List!$C:$C,"<=" &Monitoring!E125))+1," videos"))) -> 1 video | K125: no | L125: Insecta | M125: Lepidoptera | N125: Glossata | O125: =+IFERROR(IF(P125="#N/C","#N/C",IF(Q125=0,INDEX(Taxonomy_UniqueValues!D:D,MATCH(Q125,Taxonomy_UniqueValues!F:F,0)),INDEX(Taxonomy_UniqueValues!D:D,MATCH(P125,Taxonomy_UniqueValues!E:E,0)))),"#N/C") -> Heterocera | P125: Pyraloidea | Q125: Pyralidae | R125: Phycitinae | S125: Ephestia | T125: #N/C
... A141: 140 | B141: 44393 | C141: 2021-07-16_00-17-38 | D141: 2021-07-16_00-17-38 | E141: 44393.012 | F141: 44393.012 | G141: =F141-E141 -> 9.2592592e-05 | H141: yes | I141: exit | J141: =IF(ISBLANK(C141),"",IF(C141=D141, "1 video",CONCATENATE((+COUNTIFS(Video_List!$C:$C,"<=" &Monitoring!F141)-COUNTIFS(Video_List!$C:$C,"<=" &Monitoring!E141))+1," videos"))) -> 1 video | K141: yes | L141: Insecta | M141: Diptera | N141: Brachycera | O141: =+IFERROR(IF(P141="#N/C","#N/C",IF(Q141=0,INDEX(Taxonomy_UniqueValues!D:D,MATCH(Q141,Taxonomy_UniqueValues!F:F,0)),INDEX(Taxonomy_UniqueValues!D:D,MATCH(P141,Taxonomy_UniqueValues!E:E,0)))),"#N/C") -> Muscomorpha | P141: Sciomyzoidea | Q141: Sepsidae | R141: Sepsinae | S141: Sepsis | T141: #N/C
A142: 141 | B142: 44393 | C142: 2021-07-16_01-57-09 | D142: 2021-07-16_02-03-41 | E142: 44393.081 | F142: 44393.086 | G142: =F142-E142 -> 0.0050231482 | H142: no | I142: entrance | J142: =IF(ISBLANK(C142),"",IF(C142=D142, "1 video",CONCATENATE((+COUNTIFS(Video_List!$C:$C,"<=" &Monitoring!F142)-COUNTIFS(Video_List!$C:$C,"<=" &Monitoring!E142))+1," videos"))) -> 3 videos | K142: yes | L142: =+IFERROR(IF(M142="#N/C","#N/C",INDEX(Taxonomy_UniqueValues!A:A,MATCH(M142,Taxonomy_UniqueValues!B:B,0))),"#N/C") -> Insecta | M142: =+IFERROR(IF(N142="#N/C","#N/C",INDEX(Taxonomy_UniqueValues!B:B,MATCH(N142,Taxonomy_UniqueValues!C:C,0))),"#N/C") -> Hymenoptera | N142: =+IFERROR(IF(O142="#N/C","#N/C",INDEX(Taxonomy_UniqueValues!C:C,MATCH(O142,Taxonomy_UniqueValues!D:D,0))),"#N/C") -> Apocrita | O142: =+IFERROR(IF(P142="#N/C","#N/C",INDEX(Taxonomy_UniqueValues!D:D,MATCH(P142,Taxonomy_UniqueValues!E:E,0))),"#N/C") -> Aculeata | P142: =+IFERROR(IF(Q142="#N/C","#N/C",INDEX(Taxonomy_UniqueValues!E:E,MATCH(Q142,Taxonomy_UniqueValues!F:F,0))),"#N/C") -> Formicoidea | Q142: =+IFERROR(IF(R142="#N/C","#N/C",INDEX(Taxonomy_UniqueValues!F:F,MATCH(R142,Taxonomy_UniqueValues!G:G,0))),"#N/C") -> Formicidae | R142: =+IFERROR(IF(S142="#N/C","#N/C",INDEX(Taxonomy_UniqueValues!G:G,MATCH(S142,Taxonomy_UniqueValues!H:H,0))),"#N/C") -> Formicinae | S142: Lasius | T142: #N/C
A143: 142 | B143: 44393 | C143: 2021-07-16_01-57-09 | D143: 2021-07-16_02-03-41 | E143: 44393.082 | F143: 44393.086 | G143: =F143-E143 -> 0.0040162037 | H143: yes | I143: exit | J143: =IF(ISBLANK(C143),"",IF(C143=D143, "1 video",CONCATENATE((+COUNTIFS(Video_List!$C:$C,"<=" &Monitoring!F143)-COUNTIFS(Video_List!$C:$C,"<=" &Monitoring!E143))+1," videos"))) -> 3 videos | K143: yes | L143: Insecta | M143: Lepidoptera | N143: #N/C | O143: =+IFERROR(IF(P143="#N/C","#N/C",IF(Q143=0,INDEX(Taxonomy_UniqueValues!D:D,MATCH(Q143,Taxonomy_UniqueValues!F:F,0)),INDEX(Taxonomy_UniqueValues!D:D,MATCH(P143,Taxonomy_UniqueValues!E:E,0)))),"#N/C") -> #N/C | P143: #N/C | Q143: #N/C | R143: #N/C | S143: #N/C | T143: #N/C
A144: 143 | B144: 44393 | C144: 2021-07-16_02-37-24 | D144: 2021-07-16_02-37-24 | E144: 44393.109 | F144: 44393.109 | G144: =F144-E144 -> 6.9444446e-05 | H144: yes | I144: exit | J144: =IF(ISBLANK(C144),"",IF(C144=D144, "1 video",CONCATENATE((+COUNTIFS(Video_List!$C:$C,"<=" &Monitoring!F144)-COUNTIFS(Video_List!$C:$C,"<=" &Monitoring!E144))+1," videos"))) -> 1 video | K144: yes | L144: Insecta | M144: Lepidoptera | N144: #N/C | O144: =+IFERROR(IF(P144="#N/C","#N/C",IF(Q144=0,INDEX(Taxonomy_UniqueValues!D:D,MATCH(Q144,Taxonomy_UniqueValues!F:F,0)),INDEX(Taxonomy_UniqueValues!D:D,MATCH(P144,Taxonomy_UniqueValues!E:E,0)))),"#N/C") -> #N/C | P144: #N/C | Q144: #N/C | R144: #N/C | S144: #N/C | T144: #N/C
A145: 144 | B145: 44393 | C145: 2021-07-16_02-37-24 | D145: 2021-07-16_02-37-24 | E145: 44393.11 | F145: 44393.11 | G145: =F145-E145 -> 2.3148146e-05 | H145: yes | I145: exit | J145: =IF(ISBLANK(C145),"",IF(C145=D145, "1 video",CONCATENATE((+COUNTIFS(Video_List!$C:$C,"<=" &Monitoring!F145)-COUNTIFS(Video_List!$C:$C,"<=" &Monitoring!E145))+1," videos"))) -> 1 video | K145: no | L145: Insecta | M145: Diptera | N145: Brachycera | O145: =+IFERROR(IF(P145="#N/C","#N/C",IF(Q145=0,INDEX(Taxonomy_UniqueValues!D:D,MATCH(Q145,Taxonomy_UniqueValues!F:F,0)),INDEX(Taxonomy_UniqueValues!D:D,MATCH(P145,Taxonomy_UniqueValues!E:E,0)))),"#N/C") -> #N/C | P145: #N/C | Q145: #N/C | R145: #N/C | S145: #N/C | T145: #N/C
A146: 145 | B146: 44393 | C146: 2021-07-16_02-58-22 | D146: 2021-07-16_02-59-49 | E146: 44393.124 | F146: 44393.125 | G146: =F146-E146 -> 0.0014236111 | H146: yes | I146: exit | J146: =IF(ISBLANK(C146),"",IF(C146=D146, "1 video",CONCATENATE((+COUNTIFS(Video_List!$C:$C,"<=" &Monitoring!F146)-COUNTIFS(Video_List!$C:$C,"<=" &Monitoring!E146))+1," videos"))) -> 2 videos | K146: no | L146: Insecta | M146: Lepidoptera | N146: Glossata | O146: =+IFERROR(IF(P146="#N/C","#N/C",IF(Q146=0,INDEX(Taxonomy_UniqueValues!D:D,MATCH(Q146,Taxonomy_UniqueValues!F:F,0)),INDEX(Taxonomy_UniqueValues!D:D,MATCH(P146,Taxonomy_UniqueValues!E:E,0)))),"#N/C") -> Heterocera | P146: Gelechioidea | Q146: Gelechiidae | R146: #N/C | S146: #N/C | T146: #N/C
A147: 146 | B147: 44393 | C147: 2021-07-16_02-59-49 | D147: 2021-07-16_02-59-49 | E147: 44393.125 | F147: 44393.125 | G147: =F147-E147 -> 4.62963e-05 | H147: yes | I147: exit | J147: =IF(ISBLANK(C147),"",IF(C147=D147, "1 video",CONCATENATE((+COUNTIFS(Video_List!$C:$C,"<=" &Monitoring!F147)-COUNTIFS(Video_List!$C:$C,"<=" &Monitoring!E147))+1," videos"))) -> 1 video | K147: no | L147: Insecta | M147: Lepidoptera | N147: Glossata | O147: =+IFERROR(IF(P147="#N/C","#N/C",IF(Q147=0,INDEX(Taxonomy_UniqueValues!D:D,MATCH(Q147,Taxonomy_UniqueValues!F:F,0)),INDEX(Taxonomy_UniqueValues!D:D,MATCH(P147,Taxonomy_UniqueValues!E:E,0)))),"#N/C") -> Heterocera | P147: Gelechioidea | Q147: #N/C | R147: #N/C | S147: #N/C | T147: #N/C
A148: 147 | B148: 44393 | C148: 2021-07-16_03-03-35 | D148: 2021-07-16_03-03-35 | E148: 44393.127 | F148: 44393.128 | G148: =F148-E148 -> 9.2592592e-05 | H148: yes | I148: exit | J148: =IF(ISBLANK(C148),"",IF(C148=D148, "1 video",CONCATENATE((+COUNTIFS(Video_List!$C:$C,"<=" &Monitoring!F148)-COUNTIFS(Video_List!$C:$C,"<=" &Monitoring!E148))+1," videos"))) -> 1 video | K148: yes | L148: Insecta | M148: Lepidoptera | N148: Glossata | O148: =+IFERROR(IF(P148="#N/C","#N/C",IF(Q148=0,INDEX(Taxonomy_UniqueValues!D:D,MATCH(Q148,Taxonomy_UniqueValues!F:F,0)),INDEX(Taxonomy_UniqueValues!D:D,MATCH(P148,Taxonomy_UniqueValues!E:E,0)))),"#N/C") -> Heterocera | P148: Gelechioidea | Q148: Gelechiidae | R148: #N/C | S148: #N/C | T148: #N/C
A149: 148 | B149: 44393 | C149: 2021-07-16_03-11-38 | D149: 2021-07-16_03-11-38 | E149: 44393.133 | F149: 44393.133 | G149: =F149-E149 -> 4.62963e-05 | H149: yes | I149: exit | J149: =IF(ISBLANK(C149),"",IF(C149=D149, "1 video",CONCATENATE((+COUNTIFS(Video_List!$C:$C,"<=" &Monitoring!F149)-COUNTIFS(Video_List!$C:$C,"<=" &Monitoring!E149))+1," videos"))) -> 1 video | K149: no | L149: Insecta | M149: Lepidoptera | N149: Glossata | O149: =+IFERROR(IF(P149="#N/C","#N/C",IF(Q149=0,INDEX(Taxonomy_UniqueValues!D:D,MATCH(Q149,Taxonomy_UniqueValues!F:F,0)),INDEX(Taxonomy_UniqueValues!D:D,MATCH(P149,Taxonomy_UniqueValues!E:E,0)))),"#N/C") -> Heterocera | P149: Gelechioidea | Q149: #N/C | R149: #N/C | S149: #N/C | T149: #N/C
A150: 149 | B150: 44393 | C150: 2021-07-16_03-16-55 | D150: 2021-07-16_03-16-55 | E150: 44393.137 | F150: 44393.137 | G150: =F150-E150 -> 5.7870369e-05 | H150: yes | I150: exit | J150: =IF(ISBLANK(C150),"",IF(C150=D150, "1 video",CONCATENATE((+COUNTIFS(Video_List!$C:$C,"<=" &Monitoring!F150)-COUNTIFS(Video_List!$C:$C,"<=" &Monitoring!E150))+1," videos"))) -> 1 video | K150: no | L150: Insecta | M150: Lepidoptera | N150: Glossata | O150: =+IFERROR(IF(P150="#N/C","#N/C",IF(Q150=0,INDEX(Taxonomy_UniqueValues!D:D,MATCH(Q150,Taxonomy_UniqueValues!F:F,0)),INDEX(Taxonomy_UniqueValues!D:D,MATCH(P150,Taxonomy_UniqueValues!E:E,0)))),"#N/C") -> Heterocera | P150: Gelechioidea | Q150: #N/C | R150: #N/C | S150: #N/C | T150: #N/C
A151: 150 | B151: 44393 | C151: 2021-07-16_03-17-45 | D151: 2021-07-16_03-17-45 | E151: 44393.137 | F151: 44393.137 | G151: =F151-E151 -> 5.7870369e-05 | H151: yes | I151: exit | J151: =IF(ISBLANK(C151),"",IF(C151=D151, "1 video",CONCATENATE((+COUNTIFS(Video_List!$C:$C,"<=" &Monitoring!F151)-COUNTIFS(Video_List!$C:$C,"<=" &Monitoring!E151))+1," videos"))) -> 1 video | K151: no | L151: Insecta | M151: Lepidoptera | N151: Glossata | O151: =+IFERROR(IF(P151="#N/C","#N/C",IF(Q151=0,INDEX(Taxonomy_UniqueValues!D:D,MATCH(Q151,Taxonomy_UniqueValues!F:F,0)),INDEX(Taxonomy_UniqueValues!D:D,MATCH(P151,Taxonomy_UniqueValues!E:E,0)))),"#N/C") -> Heterocera | P151: Gelechioidea | Q151: Gelechiidae | R151: #N/C | S151: #N/C | T151: #N/C
A152: 151 | B152: 44393 | C152: 2021-07-16_03-18-34 | D152: 2021-07-16_03-18-34 | E152: 44393.138 | F152: 44393.138 | G152: =F152-E152 -> 5.7870369e-05 | H152: yes | I152: exit | J152: =IF(ISBLANK(C152),"",IF(C152=D152, "1 video",CONCATENATE((+COUNTIFS(Video_List!$C:$C,"<=" &Monitoring!F152)-COUNTIFS(Video_List!$C:$C,"<=" &Monitoring!E152))+1," videos"))) -> 1 video | K152: no | L152: Insecta | M152: Lepidoptera | N152: Glossata | O152: =+IFERROR(IF(P152="#N/C","#N/C",IF(Q152=0,INDEX(Taxonomy_UniqueValues!D:D,MATCH(Q152,Taxonomy_UniqueValues!F:F,0)),INDEX(Taxonomy_UniqueValues!D:D,MATCH(P152,Taxonomy_UniqueValues!E:E,0)))),"#N/C") -> Heterocera | P152: Gelechioidea | Q152: Gelechiidae | R152: #N/C | S152: #N/C | T152: #N/C
A153: 152 | B153: 44393 | C153: 2021-07-16_03-18-34 | D153: 2021-07-16_03-18-34 | E153: 44393.138 | F153: 44393.138 | G153: =F153-E153 -> 6.9444439e-05 | H153: yes | I153: exit | J153: =IF(ISBLANK(C153),"",IF(C153=D153, "1 video",CONCATENATE((+COUNTIFS(Video_List!$C:$C,"<=" &Monitoring!F153)-COUNTIFS(Video_List!$C:$C,"<=" &Monitoring!E153))+1," videos"))) -> 1 video | K153: no | L153: Insecta | M153: Lepidoptera | N153: Glossata | O153: =+IFERROR(IF(P153="#N/C","#N/C",IF(Q153=0,INDEX(Taxonomy_UniqueValues!D:D,MATCH(Q153,Taxonomy_UniqueValues!F:F,0)),INDEX(Taxonomy_UniqueValues!D:D,MATCH(P153,Taxonomy_UniqueValues!E:E,0)))),"#N/C") -> Heterocera | P153: Gelechioidea | Q153: Gelechiidae | R153: #N/C | S153: #N/C | T153: #N/C
A154: 153 | B154: 44393 | C154: 2021-07-16_03-18-34 | D154: 2021-07-16_03-18-34 | E154: 44393.138 | F154: 44393.138 | G154: =F154-E154 -> 5.7870369e-05 | H154: yes | I154: exit | J154: =IF(ISBLANK(C154),"",IF(C154=D154, "1 video",CONCATENATE((+COUNTIFS(Video_List!$C:$C,"<=" &Monitoring!F154)-COUNTIFS(Video_List!$C:$C,"<=" &Monitoring!E154))+1," videos"))) -> 1 video | K154: no | L154: Insecta | M154: Lepidoptera | N154: Glossata | O154: =+IFERROR(IF(P154="#N/C","#N/C",IF(Q154=0,INDEX(Taxonomy_UniqueValues!D:D,MATCH(Q154,Taxonomy_UniqueValues!F:F,0)),INDEX(Taxonomy_UniqueValues!D:D,MATCH(P154,Taxonomy_UniqueValues!E:E,0)))),"#N/C") -> Heterocera | P154: Gelechioidea | Q154: Gelechiidae | R154: #N/C | S154: #N/C | T154: #N/C
... A166: 165 | B166: 44393 | C166: 2021-07-16_12-07-21 | D166: 2021-07-16_12-07-21 | E166: 44393.505 | F166: 44393.506 | G166: =F166-E166 -> 0.00069444445 | H166: yes | I166: exit | J166: =IF(ISBLANK(C166),"",IF(C166=D166, "1 video",CONCATENATE((+COUNTIFS(Video_List!$C:$C,"<=" &Monitoring!F166)-COUNTIFS(Video_List!$C:$C,"<=" &Monitoring!E166))+1," videos"))) -> 1 video | K166: no | L166: Insecta | M166: Diptera | N166: Brachycera | O166: =+IFERROR(IF(P166="#N/C","#N/C",IF(Q166=0,INDEX(Taxonomy_UniqueValues!D:D,MATCH(Q166,Taxonomy_UniqueValues!F:F,0)),INDEX(Taxonomy_UniqueValues!D:D,MATCH(P166,Taxonomy_UniqueValues!E:E,0)))),"#N/C") -> Muscomorpha | P166: Syrphoidea | Q166: Syrphidae | R166: Syrphinae | S166: Sphaerophoria | T166: #N/C
A167: 166 | B167: 44393 | C167: 2021-07-16_12-50-53 | D167: 2021-07-16_13-31-12 | E167: 44393.535 | F167: 44393.567 | G167: =F167-E167 -> 0.03130787 | H167: no | I167: exit | J167: =IF(ISBLANK(C167),"",IF(C167=D167, "1 video",CONCATENATE((+COUNTIFS(Video_List!$C:$C,"<=" &Monitoring!F167)-COUNTIFS(Video_List!$C:$C,"<=" &Monitoring!E167))+1," videos"))) -> 2 videos | K167: yes | L167: =+IFERROR(IF(M167="#N/C","#N/C",INDEX(Taxonomy_UniqueValues!A:A,MATCH(M167,Taxonomy_UniqueValues!B:B,0))),"#N/C") -> Insecta | M167: =+IFERROR(IF(N167="#N/C","#N/C",INDEX(Taxonomy_UniqueValues!B:B,MATCH(N167,Taxonomy_UniqueValues!C:C,0))),"#N/C") -> Hymenoptera | N167: =+IFERROR(IF(O167="#N/C","#N/C",INDEX(Taxonomy_UniqueValues!C:C,MATCH(O167,Taxonomy_UniqueValues!D:D,0))),"#N/C") -> Apocrita | O167: =+IFERROR(IF(P167="#N/C","#N/C",INDEX(Taxonomy_UniqueValues!D:D,MATCH(P167,Taxonomy_UniqueValues!E:E,0))),"#N/C") -> Aculeata | P167: =+IFERROR(IF(Q167="#N/C","#N/C",INDEX(Taxonomy_UniqueValues!E:E,MATCH(Q167,Taxonomy_UniqueValues!F:F,0))),"#N/C") -> Formicoidea | Q167: =+IFERROR(IF(R167="#N/C","#N/C",INDEX(Taxonomy_UniqueValues!F:F,MATCH(R167,Taxonomy_UniqueValues!G:G,0))),"#N/C") -> Formicidae | R167: =+IFERROR(IF(S167="#N/C","#N/C",INDEX(Taxonomy_UniqueValues!G:G,MATCH(S167,Taxonomy_UniqueValues!H:H,0))),"#N/C") -> Formicinae | S167: Formica | T167: #N/C
A168: 167 | B168: 44393 | C168: 2021-07-16_15-36-48 | D168: 2021-07-16_15-36-48 | E168: 44393.651 | F168: 44393.651 | G168: =F168-E168 -> 0.00016203704 | H168: yes | I168: exit | J168: =IF(ISBLANK(C168),"",IF(C168=D168, "1 video",CONCATENATE((+COUNTIFS(Video_List!$C:$C,"<=" &Monitoring!F168)-COUNTIFS(Video_List!$C:$C,"<=" &Monitoring!E168))+1," videos"))) -> 1 video | K168: yes | L168: Insecta | M168: Diptera | N168: Brachycera | O168: =+IFERROR(IF(P168="#N/C","#N/C",IF(Q168=0,INDEX(Taxonomy_UniqueValues!D:D,MATCH(Q168,Taxonomy_UniqueValues!F:F,0)),INDEX(Taxonomy_UniqueValues!D:D,MATCH(P168,Taxonomy_UniqueValues!E:E,0)))),"#N/C") -> #N/C | P168: #N/C | Q168: #N/C | R168: #N/C | S168: #N/C | T168: #N/C
A169: 168 | B169: 44393 | C169: 2021-07-16_15-56-02 | D169: 2021-07-16_15-56-02 | E169: 44393.664 | F169: 44393.664 | G169: =F169-E169 -> 5.7870369e-05 | H169: yes | I169: exit | J169: =IF(ISBLANK(C169),"",IF(C169=D169, "1 video",CONCATENATE((+COUNTIFS(Video_List!$C:$C,"<=" &Monitoring!F169)-COUNTIFS(Video_List!$C:$C,"<=" &Monitoring!E169))+1," videos"))) -> 1 video | K169: no | L169: Insecta | M169: Diptera | N169: Brachycera | O169: =+IFERROR(IF(P169="#N/C","#N/C",IF(Q169=0,INDEX(Taxonomy_UniqueValues!D:D,MATCH(Q169,Taxonomy_UniqueValues!F:F,0)),INDEX(Taxonomy_UniqueValues!D:D,MATCH(P169,Taxonomy_UniqueValues!E:E,0)))),"#N/C") -> #N/C | P169: #N/C | Q169: #N/C | R169: #N/C | S169: #N/C | T169: #N/C
A170: 169 | B170: 44393 | C170: 2021-07-16_17-18-01 | D170: 2021-07-16_17-18-01 | E170: 44393.721 | F170: 44393.721 | G170: =F170-E170 -> 0.00012731482 | H170: ? | I170: ? | J170: =IF(ISBLANK(C170),"",IF(C170=D170, "1 video",CONCATENATE((+COUNTIFS(Video_List!$C:$C,"<=" &Monitoring!F170)-COUNTIFS(Video_List!$C:$C,"<=" &Monitoring!E170))+1," videos"))) -> 1 video | K170: yes | L170: Insecta | M170: Hymenoptera | N170: Apocrita | O170: =+IFERROR(IF(P170="#N/C","#N/C",IF(Q170=0,INDEX(Taxonomy_UniqueValues!D:D,MATCH(Q170,Taxonomy_UniqueValues!F:F,0)),INDEX(Taxonomy_UniqueValues!D:D,MATCH(P170,Taxonomy_UniqueValues!E:E,0)))),"#N/C") -> Parasitica | P170: Ichneumonoidea | Q170: Ichneumonidae | R170: Phygadeuontinae | S170: Gelis | T170: #N/C
A171: 170 | B171: 44396 | C171: 2021-07-19_20-46-08 | D171: 2021-07-19_20-46-08 | E171: 44396.865 | F171: 44396.865 | G171: =F171-E171 -> 6.9444446e-05 | H171: yes | I171: exit | J171: =IF(ISBLANK(C171),"",IF(C171=D171, "1 video",CONCATENATE((+COUNTIFS(Video_List!$C:$C,"<=" &Monitoring!F171)-COUNTIFS(Video_List!$C:$C,"<=" &Monitoring!E171))+1," videos"))) -> 1 video | K171: no | L171: Insecta | M171: Diptera | N171: Brachycera | O171: =+IFERROR(IF(P171="#N/C","#N/C",IF(Q171=0,INDEX(Taxonomy_UniqueValues!D:D,MATCH(Q171,Taxonomy_UniqueValues!F:F,0)),INDEX(Taxonomy_UniqueValues!D:D,MATCH(P171,Taxonomy_UniqueValues!E:E,0)))),"#N/C") -> #N/C | P171: #N/C | Q171: #N/C | R171: #N/C | S171: #N/C | T171: #N/C
A172: 171 | B172: 44396 | C172: 2021-07-19_21-00-23 | D172: 2021-07-19_21-05-52 | E172: 44396.875 | F172: 44396.879 | G172: =F172-E172 -> 0.0041666667 | H172: yes | I172: exit | J172: =IF(ISBLANK(C172),"",IF(C172=D172, "1 video",CONCATENATE((+COUNTIFS(Video_List!$C:$C,"<=" &Monitoring!F172)-COUNTIFS(Video_List!$C:$C,"<=" &Monitoring!E172))+1," videos"))) -> 3 videos | K172: no | L172: Insecta | M172: Diptera | N172: Brachycera | O172: =+IFERROR(IF(P172="#N/C","#N/C",IF(Q172=0,INDEX(Taxonomy_UniqueValues!D:D,MATCH(Q172,Taxonomy_UniqueValues!F:F,0)),INDEX(Taxonomy_UniqueValues!D:D,MATCH(P172,Taxonomy_UniqueValues!E:E,0)))),"#N/C") -> Muscomorpha | P172: Lauxanioidea | Q172: Lauxaniidae | R172: Lauxaniinae | S172: Sapromyza | T172: #N/C
A173: 172 | B173: 44396 | C173: 2021-07-19_21-09-05 | D173: 2021-07-19_21-09-05 | E173: 44396.881 | F173: 44396.881 | G173: =F173-E173 -> 5.7870369e-05 | H173: yes | I173: exit | J173: =IF(ISBLANK(C173),"",IF(C173=D173, "1 video",CONCATENATE((+COUNTIFS(Video_List!$C:$C,"<=" &Monitoring!F173)-COUNTIFS(Video_List!$C:$C,"<=" &Monitoring!E173))+1," videos"))) -> 1 video | K173: no | L173: Insecta | M173: Diptera | N173: Brachycera | O173: =+IFERROR(IF(P173="#N/C","#N/C",IF(Q173=0,INDEX(Taxonomy_UniqueValues!D:D,MATCH(Q173,Taxonomy_UniqueValues!F:F,0)),INDEX(Taxonomy_UniqueValues!D:D,MATCH(P173,Taxonomy_UniqueValues!E:E,0)))),"#N/C") -> Muscomorpha | P173: Oestroidea | Q173: #N/C | R173: #N/C | S173: #N/C | T173: #N/C
A174: 173 | B174: 44396 | C174: 2021-07-19_21-31-47 | D174: 2021-07-19_21-31-47 | E174: 44396.897 | F174: 44396.897 | G174: =F174-E174 -> 0.00033564815 | H174: yes | I174: exit | J174: =IF(ISBLANK(C174),"",IF(C174=D174, "1 video",CONCATENATE((+COUNTIFS(Video_List!$C:$C,"<=" &Monitoring!F174)-COUNTIFS(Video_List!$C:$C,"<=" &Monitoring!E174))+1," videos"))) -> 1 video | K174: no | L174: Insecta | M174: Lepidoptera | N174: Glossata | O174: =+IFERROR(IF(P174="#N/C","#N/C",IF(Q174=0,INDEX(Taxonomy_UniqueValues!D:D,MATCH(Q174,Taxonomy_UniqueValues!F:F,0)),INDEX(Taxonomy_UniqueValues!D:D,MATCH(P174,Taxonomy_UniqueValues!E:E,0)))),"#N/C") -> Heterocera | P174: Gelechioidea | Q174: #N/C | R174: #N/C | S174: #N/C | T174: #N/C
A175: 174 | B175: 44396 | C175: 2021-07-19_21-54-30 | D175: 2021-07-19_21-54-30 | E175: 44396.913 | F175: 44396.913 | G175: =F175-E175 -> 6.9444446e-05 | H175: yes | I175: exit | J175: =IF(ISBLANK(C175),"",IF(C175=D175, "1 video",CONCATENATE((+COUNTIFS(Video_List!$C:$C,"<=" &Monitoring!F175)-COUNTIFS(Video_List!$C:$C,"<=" &Monitoring!E175))+1," videos"))) -> 1 video | K175: no | L175: Insecta | M175: Lepidoptera | N175: Glossata | O175: =+IFERROR(IF(P175="#N/C","#N/C",IF(Q175=0,INDEX(Taxonomy_UniqueValues!D:D,MATCH(Q175,Taxonomy_UniqueValues!F:F,0)),INDEX(Taxonomy_UniqueValues!D:D,MATCH(P175,Taxonomy_UniqueValues!E:E,0)))),"#N/C") -> Heterocera | P175: Gelechioidea | Q175: #N/C | R175: #N/C | S175: #N/C | T175: #N/C
A176: 175 | B176: 44396 | C176: 2021-07-19_22-12-09 | D176: 2021-07-19_22-41-51 | E176: 44396.925 | F176: 44396.937 | G176: =F176-E176 -> 0.011689815 | H176: no | I176: exit | J176: =IF(ISBLANK(C176),"",IF(C176=D176, "1 video",CONCATENATE((+COUNTIFS(Video_List!$C:$C,"<=" &Monitoring!F176)-COUNTIFS(Video_List!$C:$C,"<=" &Monitoring!E176))+1," videos"))) -> 4 videos | K176: yes | L176: Insecta | M176: Coleoptera | N176: Polyphaga | O176: =+IFERROR(IF(P176="#N/C","#N/C",IF(Q176=0,INDEX(Taxonomy_UniqueValues!D:D,MATCH(Q176,Taxonomy_UniqueValues!F:F,0)),INDEX(Taxonomy_UniqueValues!D:D,MATCH(P176,Taxonomy_UniqueValues!E:E,0)))),"#N/C") -> Cucujiformia | P176: Tenebrionoidea | Q176: Anthicidae | R176: Notoxinae | S176: Notoxus | T176: monoceros
A177: 132 | B177: 44392 | C177: 2021-07-15_22-25-11 | D177: 2021-07-15_22-25-11 | E177: 44392.935 | F177: 44392.936 | G177: =F177-E177 -> 0.00086805555 | H177: yes | I177: exit | J177: =IF(ISBLANK(C177),"",IF(C177=D177, "1 video",CONCATENATE((+COUNTIFS(Video_List!$C:$C,"<=" &Monitoring!F177)-COUNTIFS(Video_List!$C:$C,"<=" &Monitoring!E177))+1," videos"))) -> 1 video | K177: no | L177: Insecta | M177: Hemiptera | N177: Auchenorrhyncha | O177: =+IFERROR(IF(P177="#N/C","#N/C",IF(Q177=0,INDEX(Taxonomy_UniqueValues!D:D,MATCH(Q177,Taxonomy_UniqueValues!F:F,0)),INDEX(Taxonomy_UniqueValues!D:D,MATCH(P177,Taxonomy_UniqueValues!E:E,0)))),"#N/C") -> #N/C | P177: #N/C | Q177: #N/C | R177: #N/C | S177: #N/C | T177: #N/C
A178: 177 | B178: 44396 | C178: 2021-07-19_22-28-59 | D178: 2021-07-19_22-28-59 | E178: 44396.937 | F178: 44396.937 | G178: =F178-E178 -> 2.3148146e-05 | H178: yes | I178: exit | J178: =IF(ISBLANK(C178),"",IF(C178=D178, "1 video",CONCATENATE((+COUNTIFS(Video_List!$C:$C,"<=" &Monitoring!F178)-COUNTIFS(Video_List!$C:$C,"<=" &Monitoring!E178))+1," videos"))) -> 1 video | K178: no | L178: Insecta | M178: Lepidoptera | N178: Glossata | O178: =+IFERROR(IF(P178="#N/C","#N/C",IF(Q178=0,INDEX(Taxonomy_UniqueValues!D:D,MATCH(Q178,Taxonomy_UniqueValues!F:F,0)),INDEX(Taxonomy_UniqueValues!D:D,MATCH(P178,Taxonomy_UniqueValues!E:E,0)))),"#N/C") -> Heterocera | P178: Gelechioidea | Q178: Gelechiidae | R178: #N/C | S178: #N/C | T178: #N/C
A179: 178 | B179: 44397 | C179: 2021-07-20_04-06-10 | D179: 2021-07-20_04-06-10 | E179: 44397.171 | F179: 44397.171 | G179: =F179-E179 -> 4.6296293e-05 | H179: yes | I179: exit | J179: =IF(ISBLANK(C179),"",IF(C179=D179, "1 video",CONCATENATE((+COUNTIFS(Video_List!$C:$C,"<=" &Monitoring!F179)-COUNTIFS(Video_List!$C:$C,"<=" &Monitoring!E179))+1," videos"))) -> 1 video | K179: yes | L179: Insecta | M179: Lepidoptera | N179: Glossata | O179: =+IFERROR(IF(P179="#N/C","#N/C",IF(Q179=0,INDEX(Taxonomy_UniqueValues!D:D,MATCH(Q179,Taxonomy_UniqueValues!F:F,0)),INDEX(Taxonomy_UniqueValues!D:D,MATCH(P179,Taxonomy_UniqueValues!E:E,0)))),"#N/C") -> Heterocera | P179: Gelechioidea | Q179: #N/C | R179: #N/C | S179: #N/C | T179: #N/C
... A187: 186 | B187: 44398 | C187: 2021-07-21_19-27-03 | D187: 2021-07-21_19-27-03 | E187: 44398.81 | F187: 44398.811 | G187: =F187-E187 -> 5.7870369e-05 | H187: yes | I187: exit | J187: =IF(ISBLANK(C187),"",IF(C187=D187, "1 video",CONCATENATE((+COUNTIFS(Video_List!$C:$C,"<=" &Monitoring!F187)-COUNTIFS(Video_List!$C:$C,"<=" &Monitoring!E187))+1," videos"))) -> 1 video | K187: no | L187: Insecta | M187: Diptera | N187: Brachycera | O187: =+IFERROR(IF(P187="#N/C","#N/C",IF(Q187=0,INDEX(Taxonomy_UniqueValues!D:D,MATCH(Q187,Taxonomy_UniqueValues!F:F,0)),INDEX(Taxonomy_UniqueValues!D:D,MATCH(P187,Taxonomy_UniqueValues!E:E,0)))),"#N/C") -> #N/C | P187: #N/C | Q187: #N/C | R187: #N/C | S187: #N/C | T187: #N/C
A188: 187 | B188: 44398 | C188: 2021-07-21_19-41-34 | D188: 2021-07-21_19-41-34 | E188: 44398.821 | F188: 44398.821 | G188: =F188-E188 -> 0.00084490741 | H188: no | I188: exit | J188: =IF(ISBLANK(C188),"",IF(C188=D188, "1 video",CONCATENATE((+COUNTIFS(Video_List!$C:$C,"<=" &Monitoring!F188)-COUNTIFS(Video_List!$C:$C,"<=" &Monitoring!E188))+1," videos"))) -> 1 video | K188: yes | L188: Insecta | M188: Mecoptera | N188: 0 | O188: =+IFERROR(IF(P188="#N/C","#N/C",IF(Q188=0,INDEX(Taxonomy_UniqueValues!D:D,MATCH(Q188,Taxonomy_UniqueValues!F:F,0)),INDEX(Taxonomy_UniqueValues!D:D,MATCH(P188,Taxonomy_UniqueValues!E:E,0)))),"#N/C") -> 0 | P188: Panorpoidea | Q188: Panorpidae | R188: 0 | S188: Panorpa | T188: vulgaris
A189: 188 | B189: 44398 | C189: 2021-07-21_19-51-53 | D189: 2021-07-21_19-51-53 | E189: 44398.828 | F189: 44398.83 | G189: =F189-E189 -> 0.0020601852 | H189: yes | I189: exit | J189: =IF(ISBLANK(C189),"",IF(C189=D189, "1 video",CONCATENATE((+COUNTIFS(Video_List!$C:$C,"<=" &Monitoring!F189)-COUNTIFS(Video_List!$C:$C,"<=" &Monitoring!E189))+1," videos"))) -> 1 video | K189: no | L189: Insecta | M189: Diptera | N189: Brachycera | O189: =+IFERROR(IF(P189="#N/C","#N/C",IF(Q189=0,INDEX(Taxonomy_UniqueValues!D:D,MATCH(Q189,Taxonomy_UniqueValues!F:F,0)),INDEX(Taxonomy_UniqueValues!D:D,MATCH(P189,Taxonomy_UniqueValues!E:E,0)))),"#N/C") -> Muscomorpha | P189: Syrphoidea | Q189: Syrphidae | R189: Syrphinae | S189: Melanostoma | T189: #N/C
A190: 189 | B190: 44398 | C190: 2021-07-21_20-56-05 | D190: 2021-07-21_20-56-05 | E190: 44398.872 | F190: 44398.873 | G190: =F190-E190 -> 0.00026620371 | H190: yes | I190: exit | J190: =IF(ISBLANK(C190),"",IF(C190=D190, "1 video",CONCATENATE((+COUNTIFS(Video_List!$C:$C,"<=" &Monitoring!F190)-COUNTIFS(Video_List!$C:$C,"<=" &Monitoring!E190))+1," videos"))) -> 1 video | K190: no | L190: Insecta | M190: Diptera | N190: Brachycera | O190: =+IFERROR(IF(P190="#N/C","#N/C",IF(Q190=0,INDEX(Taxonomy_UniqueValues!D:D,MATCH(Q190,Taxonomy_UniqueValues!F:F,0)),INDEX(Taxonomy_UniqueValues!D:D,MATCH(P190,Taxonomy_UniqueValues!E:E,0)))),"#N/C") -> Muscomorpha | P190: Syrphoidea | Q190: Syrphidae | R190: Syrphinae | S190: Melanostoma | T190: #N/C
A191: 190 | B191: 44398 | C191: 2021-07-21_21-30-12 | D191: 2021-07-21_21-30-12 | E191: 44398.896 | F191: 44398.896 | G191: =F191-E191 -> 6.9444446e-05 | H191: yes | I191: exit | J191: =IF(ISBLANK(C191),"",IF(C191=D191, "1 video",CONCATENATE((+COUNTIFS(Video_List!$C:$C,"<=" &Monitoring!F191)-COUNTIFS(Video_List!$C:$C,"<=" &Monitoring!E191))+1," videos"))) -> 1 video | K191: yes | L191: Insecta | M191: Diptera | N191: Brachycera | O191: =+IFERROR(IF(P191="#N/C","#N/C",IF(Q191=0,INDEX(Taxonomy_UniqueValues!D:D,MATCH(Q191,Taxonomy_UniqueValues!F:F,0)),INDEX(Taxonomy_UniqueValues!D:D,MATCH(P191,Taxonomy_UniqueValues!E:E,0)))),"#N/C") -> #N/C | P191: #N/C | Q191: #N/C | R191: #N/C | S191: #N/C | T191: #N/C
A192: 191 | B192: 44398 | C192: 2021-07-21_21-34-16 | D192: 2021-07-21_21-34-16 | E192: 44398.899 | F192: 44398.909 | G192: =F192-E192 -> 0.010486111 | H192: yes | I192: exit | J192: =IF(ISBLANK(C192),"",IF(C192=D192, "1 video",CONCATENATE((+COUNTIFS(Video_List!$C:$C,"<=" &Monitoring!F192)-COUNTIFS(Video_List!$C:$C,"<=" &Monitoring!E192))+1," videos"))) -> 1 video | K192: yes | L192: Insecta | M192: Diptera | N192: Brachycera | O192: =+IFERROR(IF(P192="#N/C","#N/C",IF(Q192=0,INDEX(Taxonomy_UniqueValues!D:D,MATCH(Q192,Taxonomy_UniqueValues!F:F,0)),INDEX(Taxonomy_UniqueValues!D:D,MATCH(P192,Taxonomy_UniqueValues!E:E,0)))),"#N/C") -> Muscomorpha | P192: Syrphoidea | Q192: Syrphidae | R192: Syrphinae | S192: Sphaerophoria | T192: scripta
A193: 176 | B193: 44396 | C193: 2021-07-19_22-25-48 | D193: 2021-07-19_22-57-41 | E193: 44396.935 | F193: 44396.957 | G193: =F193-E193 -> 0.022314815 | H193: ? | I193: ? | J193: =IF(ISBLANK(C193),"",IF(C193=D193, "1 video",CONCATENATE((+COUNTIFS(Video_List!$C:$C,"<=" &Monitoring!F193)-COUNTIFS(Video_List!$C:$C,"<=" &Monitoring!E193))+1," videos"))) -> 6 videos | K193: yes | L193: Insecta | M193: Neuroptera | N193: Hemerobiiformia | O193: =+IFERROR(IF(P193="#N/C","#N/C",IF(Q193=0,INDEX(Taxonomy_UniqueValues!D:D,MATCH(Q193,Taxonomy_UniqueValues!F:F,0)),INDEX(Taxonomy_UniqueValues!D:D,MATCH(P193,Taxonomy_UniqueValues!E:E,0)))),"#N/C") -> 0 | P193: Hemerobioidea | Q193: Chrysopidae | R193: Chrysopinae | S193: Chrysoperla | T193: carnea
A194: 193 | B194: 44399 | C194: 2021-07-22_02-43-01 | D194: 2021-07-22_02-43-01 | E194: 44399.113 | F194: 44399.113 | G194: =F194-E194 -> 4.6296293e-05 | H194: yes | I194: exit | J194: =IF(ISBLANK(C194),"",IF(C194=D194, "1 video",CONCATENATE((+COUNTIFS(Video_List!$C:$C,"<=" &Monitoring!F194)-COUNTIFS(Video_List!$C:$C,"<=" &Monitoring!E194))+1," videos"))) -> 1 video | K194: no | L194: Insecta | M194: Lepidoptera | N194: Glossata | O194: =+IFERROR(IF(P194="#N/C","#N/C",IF(Q194=0,INDEX(Taxonomy_UniqueValues!D:D,MATCH(Q194,Taxonomy_UniqueValues!F:F,0)),INDEX(Taxonomy_UniqueValues!D:D,MATCH(P194,Taxonomy_UniqueValues!E:E,0)))),"#N/C") -> Heterocera | P194: Gelechioidea | Q194: Gelechiidae | R194: #N/C | S194: #N/C | T194: #N/C
A195: 194 | B195: 44399 | C195: 2021-07-22_04-14-16 | D195: 2021-07-22_04-14-16 | E195: 44399.177 | F195: 44399.177 | G195: =F195-E195 -> 5.7870369e-05 | H195: yes | I195: exit | J195: =IF(ISBLANK(C195),"",IF(C195=D195, "1 video",CONCATENATE((+COUNTIFS(Video_List!$C:$C,"<=" &Monitoring!F195)-COUNTIFS(Video_List!$C:$C,"<=" &Monitoring!E195))+1," videos"))) -> 1 video | K195: yes | L195: Insecta | M195: Lepidoptera | N195: Glossata | O195: =+IFERROR(IF(P195="#N/C","#N/C",IF(Q195=0,INDEX(Taxonomy_UniqueValues!D:D,MATCH(Q195,Taxonomy_UniqueValues!F:F,0)),INDEX(Taxonomy_UniqueValues!D:D,MATCH(P195,Taxonomy_UniqueValues!E:E,0)))),"#N/C") -> Heterocera | P195: Gelechioidea | Q195: #N/C | R195: #N/C | S195: #N/C | T195: #N/C
A196: 195 | B196: 44399 | C196: 2021-07-22_05-08-44 | D196: 2021-07-22_05-08-44 | E196: 44399.214 | F196: 44399.215 | G196: =F196-E196 -> 0.00013888888 | H196: no | I196: entrance | J196: =IF(ISBLANK(C196),"",IF(C196=D196, "1 video",CONCATENATE((+COUNTIFS(Video_List!$C:$C,"<=" &Monitoring!F196)-COUNTIFS(Video_List!$C:$C,"<=" &Monitoring!E196))+1," videos"))) -> 1 video | K196: yes | L196: Insecta | M196: Diptera | N196: Brachycera | O196: =+IFERROR(IF(P196="#N/C","#N/C",IF(Q196=0,INDEX(Taxonomy_UniqueValues!D:D,MATCH(Q196,Taxonomy_UniqueValues!F:F,0)),INDEX(Taxonomy_UniqueValues!D:D,MATCH(P196,Taxonomy_UniqueValues!E:E,0)))),"#N/C") -> Muscomorpha | P196: Syrphoidea | Q196: Syrphidae | R196: Syrphinae | S196: Melanostoma | T196: #N/C
A197: 196 | B197: 44399 | C197: 2021-07-22_05-11-16 | D197: 2021-07-22_05-11-16 | E197: 44399.216 | F197: 44399.216 | G197: =F197-E197 -> 0.00013888889 | H197: yes | I197: ? | J197: =IF(ISBLANK(C197),"",IF(C197=D197, "1 video",CONCATENATE((+COUNTIFS(Video_List!$C:$C,"<=" &Monitoring!F197)-COUNTIFS(Video_List!$C:$C,"<=" &Monitoring!E197))+1," videos"))) -> 1 video | K197: no | L197: Insecta | M197: Diptera | N197: Brachycera | O197: =+IFERROR(IF(P197="#N/C","#N/C",IF(Q197=0,INDEX(Taxonomy_UniqueValues!D:D,MATCH(Q197,Taxonomy_UniqueValues!F:F,0)),INDEX(Taxonomy_UniqueValues!D:D,MATCH(P197,Taxonomy_UniqueValues!E:E,0)))),"#N/C") -> Muscomorpha | P197: Syrphoidea | Q197: Syrphidae | R197: Syrphinae | S197: Melanostoma | T197: #N/C
A198: 197 | B198: 44399 | C198: 2021-07-22_11-07-44 | D198: 2021-07-22_11-07-44 | E198: 44399.464 | F198: 44399.467 | G198: =F198-E198 -> 0.0033796296 | H198: yes | I198: exit | J198: =IF(ISBLANK(C198),"",IF(C198=D198, "1 video",CONCATENATE((+COUNTIFS(Video_List!$C:$C,"<=" &Monitoring!F198)-COUNTIFS(Video_List!$C:$C,"<=" &Monitoring!E198))+1," videos"))) -> 1 video | K198: no | L198: Insecta | M198: Diptera | N198: Brachycera | O198: =+IFERROR(IF(P198="#N/C","#N/C",IF(Q198=0,INDEX(Taxonomy_UniqueValues!D:D,MATCH(Q198,Taxonomy_UniqueValues!F:F,0)),INDEX(Taxonomy_UniqueValues!D:D,MATCH(P198,Taxonomy_UniqueValues!E:E,0)))),"#N/C") -> Muscomorpha | P198: Syrphoidea | Q198: Syrphidae | R198: Syrphinae | S198: Melanostoma | T198: #N/C
...

Sheet Taxonomy_UniqueValues
A1: Class | B1: Order | C1: Suborder | D1: Infraorder | E1: Superfamily | F1: Family | G1: Subfamily | H1: Genus | I1: Species | K1: Key
A2: #N/C | B2: #N/C | C2: #N/C | D2: =+IFERROR(IF(E2="#N/C","#N/C",INDEX([1]ClassificationClasses!D:D,MATCH(E2,[1]ClassificationClasses!E:E,0))),"ERROR") -> #N/C | E2: #N/C | F2: #N/C | G2: #N/C | H2: #N/C | I2: #N/C | J2: {=_xlfn.LET(_xlpm.cls,A2, _xlpm.ord,IFERROR(B2,"#N/C"), _xlpm.subord,IFERROR(C2,"#N/C"), _xlpm.infr,IFERROR(D2,"#N/C"), _xlpm.sf,IFERROR(E2,"#N/C"), _xlpm.fam,IFERROR(F2,"#N/C"), _xlpm.subfam,IF(TRIM(G2)="-","#N/C",IFERROR(G2,"#N/C")), _xlpm.subfamMatch,IFERROR(_xlfn._xlws.FILTER(ClassificationClasses[Classification Class],(ClassificationClasses[Class]=_xlpm.cls)*(ClassificationClasses[Order]=_xlpm.ord)*(ClassificationClasses[Suborder]=_xlpm.subord)*(ClassificationClasses[Infraorder]=_xlpm.infr)*(ClassificationClasses[Superfamily]=_xlpm.sf)*(ClassificationClasses[Family]=_xlpm.fam)*(ClassificationClasses[Subfamily]=_xlpm.subfam),""),""), _xlpm.uniqueSubfam,IF(_xlpm.subfamMatch="","",_xlfn.UNIQUE(_xlpm.subfamMatch)), _xlpm.numUniqueSubfam,IF(_xlpm.uniqueSubfam="",0,ROWS(_xlpm.uniqueSubfam)), _xlpm.resultSubfam,IF(_xlpm.numUniqueSubfam=1,INDEX(_xlpm.uniqueSubfam,1),IF(_xlpm.numUniqueSubfam>=1,_xlpm.subfam,"")), _xlpm.famMatch,IFERROR(_xlfn._xlws.FILTER(ClassificationClasses[Classification Class],(ClassificationClasses[Class]=_xlpm.cls)*(ClassificationClasses[Order]=_xlpm.ord)*(ClassificationClasses[Suborder]=_xlpm.subord)*(ClassificationClasses[Infraorder]=_xlpm.infr)*(ClassificationClasses[Superfamily]=_xlpm.sf)*(ClassificationClasses[Family]=_xlpm.fam),""),""), _xlpm.uniqueFam,IF(_xlpm.famMatch="","",_xlfn.UNIQUE(_xlpm.famMatch)), _xlpm.numUniqueFam,IF(_xlpm.uniqueFam="",0,ROWS(_xlpm.uniqueFam)), _xlpm.resultFam,IF(_xlpm.numUniqueFam=1,INDEX(_xlpm.uniqueFam,1),IF(_xlpm.numUniqueFam>=1,_xlpm.fam,"")), _xlpm.sfMatch,IFERROR(_xlfn._xlws.FILTER(ClassificationClasses[Classification Class],(ClassificationClasses[Class]=_xlpm.cls)*(ClassificationClasses[Order]=_xlpm.ord)*(ClassificationClasses[Suborder]=_xlpm.subord)*(ClassificationClasses[Infraorder]=_xlpm.infr)*(ClassificationClasses[Superfamily]=_xlpm.sf),""),""), _xlpm.uniqueSf,IF(_xlpm.sfMatch="","",_xlfn.UNIQUE(_xlpm.sfMatch)), _xlpm.numUniqueSf,IF(_xlpm.uniqueSf="",0,ROWS(_xlpm.uniqueSf)), _xlpm.resultSf,IF(_xlpm.numUniqueSf=1,INDEX(_xlpm.uniqueSf,1),IF(_xlpm.numUniqueSf>=1,_xlpm.sf,"")), _xlpm.computedResult,IF(AND(_xlpm.fam="#N/C",_xlpm.subfam="#N/C"),_xlpm.sf,IF(_xlpm.resultSubfam<>"",_xlpm.resultSubfam,IF(_xlpm.resultFam<>"",_xlpm.resultFam,IF(_xlpm.resultSf<>"",_xlpm.resultSf,"")))), _xlpm.fallback,IF(IFERROR(B2,"#N/C")="#N/C",A2,IF(IFERROR(C2,"#N/C")="#N/C",B2,IF(IFERROR(D2,"#N/C")="#N/C",C2,IF(IFERROR(E2,"#N/C")="#N/C",D2,IF(IFERROR(F2,"#N/C")="#N/C",E2,IF(IFERROR(G2,"#N/C")="#N/C",F2,"#N/C")))))), _xlpm.finalResult,IF(OR(_xlpm.computedResult="",_xlpm.computedResult="#N/C"),_xlpm.fallback,_xlpm.computedResult), INDEX(_xlpm.finalResult,1))} -> #N/C | K2: =+CONCATENATE(A2,".",B2,".",C2,".",D2,".",E2,".",F2,".",G2,".",H2,".",I2) -> #N/C.#N/C.#N/C.#N/C.#N/C.#N/C.#N/C.#N/C.#N/C | L2: =+COUNTIF([1]Monitoring!AN:AN,K2) -> 79
A3: Arachnida | B3: Araneae | C3: Arneomorphae | D3: =+IFERROR(IF(E3="#N/C","#N/C",INDEX([1]ClassificationClasses!D:D,MATCH(E3,[1]ClassificationClasses!E:E,0))),"ERROR") -> Araneomorphae | E3: Araneoidea | F3: #N/C | G3: #N/C | H3: #N/C | I3: #N/C | J3: {=_xlfn.LET(_xlpm.cls,A3, _xlpm.ord,IFERROR(B3,"#N/C"), _xlpm.subord,IFERROR(C3,"#N/C"), _xlpm.infr,IFERROR(D3,"#N/C"), _xlpm.sf,IFERROR(E3,"#N/C"), _xlpm.fam,IFERROR(F3,"#N/C"), _xlpm.subfam,IF(TRIM(G3)="-","#N/C",IFERROR(G3,"#N/C")), _xlpm.subfamMatch,IFERROR(_xlfn._xlws.FILTER(ClassificationClasses[Classification Class],(ClassificationClasses[Class]=_xlpm.cls)*(ClassificationClasses[Order]=_xlpm.ord)*(ClassificationClasses[Suborder]=_xlpm.subord)*(ClassificationClasses[Infraorder]=_xlpm.infr)*(ClassificationClasses[Superfamily]=_xlpm.sf)*(ClassificationClasses[Family]=_xlpm.fam)*(ClassificationClasses[Subfamily]=_xlpm.subfam),""),""), _xlpm.uniqueSubfam,IF(_xlpm.subfamMatch="","",_xlfn.UNIQUE(_xlpm.subfamMatch)), _xlpm.numUniqueSubfam,IF(_xlpm.uniqueSubfam="",0,ROWS(_xlpm.uniqueSubfam)), _xlpm.resultSubfam,IF(_xlpm.numUniqueSubfam=1,INDEX(_xlpm.uniqueSubfam,1),IF(_xlpm.numUniqueSubfam>=1,_xlpm.subfam,"")), _xlpm.famMatch,IFERROR(_xlfn._xlws.FILTER(ClassificationClasses[Classification Class],(ClassificationClasses[Class]=_xlpm.cls)*(ClassificationClasses[Order]=_xlpm.ord)*(ClassificationClasses[Suborder]=_xlpm.subord)*(ClassificationClasses[Infraorder]=_xlpm.infr)*(ClassificationClasses[Superfamily]=_xlpm.sf)*(ClassificationClasses[Family]=_xlpm.fam),""),""), _xlpm.uniqueFam,IF(_xlpm.famMatch="","",_xlfn.UNIQUE(_xlpm.famMatch)), _xlpm.numUniqueFam,IF(_xlpm.uniqueFam="",0,ROWS(_xlpm.uniqueFam)), _xlpm.resultFam,IF(_xlpm.numUniqueFam=1,INDEX(_xlpm.uniqueFam,1),IF(_xlpm.numUniqueFam>=1,_xlpm.fam,"")), _xlpm.sfMatch,IFERROR(_xlfn._xlws.FILTER(ClassificationClasses[Classification Class],(ClassificationClasses[Class]=_xlpm.cls)*(ClassificationClasses[Order]=_xlpm.ord)*(ClassificationClasses[Suborder]=_xlpm.subord)*(ClassificationClasses[Infraorder]=_xlpm.infr)*(ClassificationClasses[Superfamily]=_xlpm.sf),""),""), _xlpm.uniqueSf,IF(_xlpm.sfMatch="","",_xlfn.UNIQUE(_xlpm.sfMatch)), _xlpm.numUniqueSf,IF(_xlpm.uniqueSf="",0,ROWS(_xlpm.uniqueSf)), _xlpm.resultSf,IF(_xlpm.numUniqueSf=1,INDEX(_xlpm.uniqueSf,1),IF(_xlpm.numUniqueSf>=1,_xlpm.sf,"")), _xlpm.computedResult,IF(AND(_xlpm.fam="#N/C",_xlpm.subfam="#N/C"),_xlpm.sf,IF(_xlpm.resultSubfam<>"",_xlpm.resultSubfam,IF(_xlpm.resultFam<>"",_xlpm.resultFam,IF(_xlpm.resultSf<>"",_xlpm.resultSf,"")))), _xlpm.fallback,IF(IFERROR(B3,"#N/C")="#N/C",A3,IF(IFERROR(C3,"#N/C")="#N/C",B3,IF(IFERROR(D3,"#N/C")="#N/C",C3,IF(IFERROR(E3,"#N/C")="#N/C",D3,IF(IFERROR(F3,"#N/C")="#N/C",E3,IF(IFERROR(G3,"#N/C")="#N/C",F3,"#N/C")))))), _xlpm.finalResult,IF(OR(_xlpm.computedResult="",_xlpm.computedResult="#N/C"),_xlpm.fallback,_xlpm.computedResult), INDEX(_xlpm.finalResult,1))} -> Araneoidea | K3: =+CONCATENATE(A3,".",B3,".",C3,".",D3,".",E3,".",F3,".",G3,".",H3,".",I3) -> Arachnida.Araneae.Arneomorphae.Araneomorphae.Araneoidea.#N/C.#N/C.#N/C.#N/C | L3: =+COUNTIF([1]Monitoring!AN:AN,K3) -> 3
A4: Arachnida | B4: Araneae | C4: Arneomorphae | D4: =+IFERROR(IF(E4="#N/C","#N/C",INDEX([1]ClassificationClasses!D:D,MATCH(E4,[1]ClassificationClasses!E:E,0))),"ERROR") -> Araneomorphae | E4: Araneoidea | F4: Araneidae | G4: Araneinae | H4: #N/C | I4: #N/C | J4: {=_xlfn.LET(_xlpm.cls,A4, _xlpm.ord,IFERROR(B4,"#N/C"), _xlpm.subord,IFERROR(C4,"#N/C"), _xlpm.infr,IFERROR(D4,"#N/C"), _xlpm.sf,IFERROR(E4,"#N/C"), _xlpm.fam,IFERROR(F4,"#N/C"), _xlpm.subfam,IF(TRIM(G4)="-","#N/C",IFERROR(G4,"#N/C")), _xlpm.subfamMatch,IFERROR(_xlfn._xlws.FILTER(ClassificationClasses[Classification Class],(ClassificationClasses[Class]=_xlpm.cls)*(ClassificationClasses[Order]=_xlpm.ord)*(ClassificationClasses[Suborder]=_xlpm.subord)*(ClassificationClasses[Infraorder]=_xlpm.infr)*(ClassificationClasses[Superfamily]=_xlpm.sf)*(ClassificationClasses[Family]=_xlpm.fam)*(ClassificationClasses[Subfamily]=_xlpm.subfam),""),""), _xlpm.uniqueSubfam,IF(_xlpm.subfamMatch="","",_xlfn.UNIQUE(_xlpm.subfamMatch)), _xlpm.numUniqueSubfam,IF(_xlpm.uniqueSubfam="",0,ROWS(_xlpm.uniqueSubfam)), _xlpm.resultSubfam,IF(_xlpm.numUniqueSubfam=1,INDEX(_xlpm.uniqueSubfam,1),IF(_xlpm.numUniqueSubfam>=1,_xlpm.subfam,"")), _xlpm.famMatch,IFERROR(_xlfn._xlws.FILTER(ClassificationClasses[Classification Class],(ClassificationClasses[Class]=_xlpm.cls)*(ClassificationClasses[Order]=_xlpm.ord)*(ClassificationClasses[Suborder]=_xlpm.subord)*(ClassificationClasses[Infraorder]=_xlpm.infr)*(ClassificationClasses[Superfamily]=_xlpm.sf)*(ClassificationClasses[Family]=_xlpm.fam),""),""), _xlpm.uniqueFam,IF(_xlpm.famMatch="","",_xlfn.UNIQUE(_xlpm.famMatch)), _xlpm.numUniqueFam,IF(_xlpm.uniqueFam="",0,ROWS(_xlpm.uniqueFam)), _xlpm.resultFam,IF(_xlpm.numUniqueFam=1,INDEX(_xlpm.uniqueFam,1),IF(_xlpm.numUniqueFam>=1,_xlpm.fam,"")), _xlpm.sfMatch,IFERROR(_xlfn._xlws.FILTER(ClassificationClasses[Classification Class],(ClassificationClasses[Class]=_xlpm.cls)*(ClassificationClasses[Order]=_xlpm.ord)*(ClassificationClasses[Suborder]=_xlpm.subord)*(ClassificationClasses[Infraorder]=_xlpm.infr)*(ClassificationClasses[Superfamily]=_xlpm.sf),""),""), _xlpm.uniqueSf,IF(_xlpm.sfMatch="","",_xlfn.UNIQUE(_xlpm.sfMatch)), _xlpm.numUniqueSf,IF(_xlpm.uniqueSf="",0,ROWS(_xlpm.uniqueSf)), _xlpm.resultSf,IF(_xlpm.numUniqueSf=1,INDEX(_xlpm.uniqueSf,1),IF(_xlpm.numUniqueSf>=1,_xlpm.sf,"")), _xlpm.computedResult,IF(AND(_xlpm.fam="#N/C",_xlpm.subfam="#N/C"),_xlpm.sf,IF(_xlpm.resultSubfam<>"",_xlpm.resultSubfam,IF(_xlpm.resultFam<>"",_xlpm.resultFam,IF(_xlpm.resultSf<>"",_xlpm.resultSf,"")))), _xlpm.fallback,IF(IFERROR(B4,"#N/C")="#N/C",A4,IF(IFERROR(C4,"#N/C")="#N/C",B4,IF(IFERROR(D4,"#N/C")="#N/C",C4,IF(IFERROR(E4,"#N/C")="#N/C",D4,IF(IFERROR(F4,"#N/C")="#N/C",E4,IF(IFERROR(G4,"#N/C")="#N/C",F4,"#N/C")))))), _xlpm.finalResult,IF(OR(_xlpm.computedResult="",_xlpm.computedResult="#N/C"),_xlpm.fallback,_xlpm.computedResult), INDEX(_xlpm.finalResult,1))} -> spider | K4: =+CONCATENATE(A4,".",B4,".",C4,".",D4,".",E4,".",F4,".",G4,".",H4,".",I4) -> Arachnida.Araneae.Arneomorphae.Araneomorphae.Araneoidea.Araneidae.Araneinae.#N/C.#N/C | L4: =+COUNTIF([1]Monitoring!AN:AN,K4) -> 2
A5: Arachnida | B5: Araneae | C5: Arneomorphae | D5: =+IFERROR(IF(E5="#N/C","#N/C",INDEX([1]ClassificationClasses!D:D,MATCH(E5,[1]ClassificationClasses!E:E,0))),"ERROR") -> Araneomorphae | E5: Araneoidea | F5: Araneidae | G5: Araneinae | H5: Araneus | I5: #N/C | J5: {=_xlfn.LET(_xlpm.cls,A5, _xlpm.ord,IFERROR(B5,"#N/C"), _xlpm.subord,IFERROR(C5,"#N/C"), _xlpm.infr,IFERROR(D5,"#N/C"), _xlpm.sf,IFERROR(E5,"#N/C"), _xlpm.fam,IFERROR(F5,"#N/C"), _xlpm.subfam,IF(TRIM(G5)="-","#N/C",IFERROR(G5,"#N/C")), _xlpm.subfamMatch,IFERROR(_xlfn._xlws.FILTER(ClassificationClasses[Classification Class],(ClassificationClasses[Class]=_xlpm.cls)*(ClassificationClasses[Order]=_xlpm.ord)*(ClassificationClasses[Suborder]=_xlpm.subord)*(ClassificationClasses[Infraorder]=_xlpm.infr)*(ClassificationClasses[Superfamily]=_xlpm.sf)*(ClassificationClasses[Family]=_xlpm.fam)*(ClassificationClasses[Subfamily]=_xlpm.subfam),""),""), _xlpm.uniqueSubfam,IF(_xlpm.subfamMatch="","",_xlfn.UNIQUE(_xlpm.subfamMatch)), _xlpm.numUniqueSubfam,IF(_xlpm.uniqueSubfam="",0,ROWS(_xlpm.uniqueSubfam)), _xlpm.resultSubfam,IF(_xlpm.numUniqueSubfam=1,INDEX(_xlpm.uniqueSubfam,1),IF(_xlpm.numUniqueSubfam>=1,_xlpm.subfam,"")), _xlpm.famMatch,IFERROR(_xlfn._xlws.FILTER(ClassificationClasses[Classification Class],(ClassificationClasses[Class]=_xlpm.cls)*(ClassificationClasses[Order]=_xlpm.ord)*(ClassificationClasses[Suborder]=_xlpm.subord)*(ClassificationClasses[Infraorder]=_xlpm.infr)*(ClassificationClasses[Superfamily]=_xlpm.sf)*(ClassificationClasses[Family]=_xlpm.fam),""),""), _xlpm.uniqueFam,IF(_xlpm.famMatch="","",_xlfn.UNIQUE(_xlpm.famMatch)), _xlpm.numUniqueFam,IF(_xlpm.uniqueFam="",0,ROWS(_xlpm.uniqueFam)), _xlpm.resultFam,IF(_xlpm.numUniqueFam=1,INDEX(_xlpm.uniqueFam,1),IF(_xlpm.numUniqueFam>=1,_xlpm.fam,"")), _xlpm.sfMatch,IFERROR(_xlfn._xlws.FILTER(ClassificationClasses[Classification Class],(ClassificationClasses[Class]=_xlpm.cls)*(ClassificationClasses[Order]=_xlpm.ord)*(ClassificationClasses[Suborder]=_xlpm.subord)*(ClassificationClasses[Infraorder]=_xlpm.infr)*(ClassificationClasses[Superfamily]=_xlpm.sf),""),""), _xlpm.uniqueSf,IF(_xlpm.sfMatch="","",_xlfn.UNIQUE(_xlpm.sfMatch)), _xlpm.numUniqueSf,IF(_xlpm.uniqueSf="",0,ROWS(_xlpm.uniqueSf)), _xlpm.resultSf,IF(_xlpm.numUniqueSf=1,INDEX(_xlpm.uniqueSf,1),IF(_xlpm.numUniqueSf>=1,_xlpm.sf,"")), _xlpm.computedResult,IF(AND(_xlpm.fam="#N/C",_xlpm.subfam="#N/C"),_xlpm.sf,IF(_xlpm.resultSubfam<>"",_xlpm.resultSubfam,IF(_xlpm.resultFam<>"",_xlpm.resultFam,IF(_xlpm.resultSf<>"",_xlpm.resultSf,"")))), _xlpm.fallback,IF(IFERROR(B5,"#N/C")="#N/C",A5,IF(IFERROR(C5,"#N/C")="#N/C",B5,IF(IFERROR(D5,"#N/C")="#N/C",C5,IF(IFERROR(E5,"#N/C")="#N/C",D5,IF(IFERROR(F5,"#N/C")="#N/C",E5,IF(IFERROR(G5,"#N/C")="#N/C",F5,"#N/C")))))), _xlpm.finalResult,IF(OR(_xlpm.computedResult="",_xlpm.computedResult="#N/C"),_xlpm.fallback,_xlpm.computedResult), INDEX(_xlpm.finalResult,1))} -> spider | K5: =+CONCATENATE(A5,".",B5,".",C5,".",D5,".",E5,".",F5,".",G5,".",H5,".",I5) -> Arachnida.Araneae.Arneomorphae.Araneomorphae.Araneoidea.Araneidae.Araneinae.Araneus.#N/C | L5: =+COUNTIF([1]Monitoring!AN:AN,K5) -> 1
A6: Arachnida | B6: Araneae | C6: Arneomorphae | D6: =+IFERROR(IF(E6="#N/C","#N/C",INDEX([1]ClassificationClasses!D:D,MATCH(E6,[1]ClassificationClasses!E:E,0))),"ERROR") -> Araneomorphae | E6: Dictynoidea | F6: Anyphaenidae | G6: Anyphaeninae | H6: Anyphaena | I6: #N/C | J6: {=_xlfn.LET(_xlpm.cls,A6, _xlpm.ord,IFERROR(B6,"#N/C"), _xlpm.subord,IFERROR(C6,"#N/C"), _xlpm.infr,IFERROR(D6,"#N/C"), _xlpm.sf,IFERROR(E6,"#N/C"), _xlpm.fam,IFERROR(F6,"#N/C"), _xlpm.subfam,IF(TRIM(G6)="-","#N/C",IFERROR(G6,"#N/C")), _xlpm.subfamMatch,IFERROR(_xlfn._xlws.FILTER(ClassificationClasses[Classification Class],(ClassificationClasses[Class]=_xlpm.cls)*(ClassificationClasses[Order]=_xlpm.ord)*(ClassificationClasses[Suborder]=_xlpm.subord)*(ClassificationClasses[Infraorder]=_xlpm.infr)*(ClassificationClasses[Superfamily]=_xlpm.sf)*(ClassificationClasses[Family]=_xlpm.fam)*(ClassificationClasses[Subfamily]=_xlpm.subfam),""),""), _xlpm.uniqueSubfam,IF(_xlpm.subfamMatch="","",_xlfn.UNIQUE(_xlpm.subfamMatch)), _xlpm.numUniqueSubfam,IF(_xlpm.uniqueSubfam="",0,ROWS(_xlpm.uniqueSubfam)), _xlpm.resultSubfam,IF(_xlpm.numUniqueSubfam=1,INDEX(_xlpm.uniqueSubfam,1),IF(_xlpm.numUniqueSubfam>=1,_xlpm.subfam,"")), _xlpm.famMatch,IFERROR(_xlfn._xlws.FILTER(ClassificationClasses[Classification Class],(ClassificationClasses[Class]=_xlpm.cls)*(ClassificationClasses[Order]=_xlpm.ord)*(ClassificationClasses[Suborder]=_xlpm.subord)*(ClassificationClasses[Infraorder]=_xlpm.infr)*(ClassificationClasses[Superfamily]=_xlpm.sf)*(ClassificationClasses[Family]=_xlpm.fam),""),""), _xlpm.uniqueFam,IF(_xlpm.famMatch="","",_xlfn.UNIQUE(_xlpm.famMatch)), _xlpm.numUniqueFam,IF(_xlpm.uniqueFam="",0,ROWS(_xlpm.uniqueFam)), _xlpm.resultFam,IF(_xlpm.numUniqueFam=1,INDEX(_xlpm.uniqueFam,1),IF(_xlpm.numUniqueFam>=1,_xlpm.fam,"")), _xlpm.sfMatch,IFERROR(_xlfn._xlws.FILTER(ClassificationClasses[Classification Class],(ClassificationClasses[Class]=_xlpm.cls)*(ClassificationClasses[Order]=_xlpm.ord)*(ClassificationClasses[Suborder]=_xlpm.subord)*(ClassificationClasses[Infraorder]=_xlpm.infr)*(ClassificationClasses[Superfamily]=_xlpm.sf),""),""), _xlpm.uniqueSf,IF(_xlpm.sfMatch="","",_xlfn.UNIQUE(_xlpm.sfMatch)), _xlpm.numUniqueSf,IF(_xlpm.uniqueSf="",0,ROWS(_xlpm.uniqueSf)), _xlpm.resultSf,IF(_xlpm.numUniqueSf=1,INDEX(_xlpm.uniqueSf,1),IF(_xlpm.numUniqueSf>=1,_xlpm.sf,"")), _xlpm.computedResult,IF(AND(_xlpm.fam="#N/C",_xlpm.subfam="#N/C"),_xlpm.sf,IF(_xlpm.resultSubfam<>"",_xlpm.resultSubfam,IF(_xlpm.resultFam<>"",_xlpm.resultFam,IF(_xlpm.resultSf<>"",_xlpm.resultSf,"")))), _xlpm.fallback,IF(IFERROR(B6,"#N/C")="#N/C",A6,IF(IFERROR(C6,"#N/C")="#N/C",B6,IF(IFERROR(D6,"#N/C")="#N/C",C6,IF(IFERROR(E6,"#N/C")="#N/C",D6,IF(IFERROR(F6,"#N/C")="#N/C",E6,IF(IFERROR(G6,"#N/C")="#N/C",F6,"#N/C")))))), _xlpm.finalResult,IF(OR(_xlpm.computedResult="",_xlpm.computedResult="#N/C"),_xlpm.fallback,_xlpm.computedResult), INDEX(_xlpm.finalResult,1))} -> spider | K6: =+CONCATENATE(A6,".",B6,".",C6,".",D6,".",E6,".",F6,".",G6,".",H6,".",I6) -> Arachnida.Araneae.Arneomorphae.Araneomorphae.Dictynoidea.Anyphaenidae.Anyphaeninae.Anyphaena.#N/C | L6: =+COUNTIF([1]Monitoring!AN:AN,K6) -> 1
A7: Insecta | B7: #N/C | C7: #N/C | D7: =+IFERROR(IF(E7="#N/C","#N/C",INDEX([1]ClassificationClasses!D:D,MATCH(E7,[1]ClassificationClasses!E:E,0))),"ERROR") -> #N/C | E7: #N/C | F7: #N/C | G7: #N/C | H7: #N/C | I7: #N/C | J7: {=_xlfn.LET(_xlpm.cls,A7, _xlpm.ord,IFERROR(B7,"#N/C"), _xlpm.subord,IFERROR(C7,"#N/C"), _xlpm.infr,IFERROR(D7,"#N/C"), _xlpm.sf,IFERROR(E7,"#N/C"), _xlpm.fam,IFERROR(F7,"#N/C"), _xlpm.subfam,IF(TRIM(G7)="-","#N/C",IFERROR(G7,"#N/C")), _xlpm.subfamMatch,IFERROR(_xlfn._xlws.FILTER(ClassificationClasses[Classification Class],(ClassificationClasses[Class]=_xlpm.cls)*(ClassificationClasses[Order]=_xlpm.ord)*(ClassificationClasses[Suborder]=_xlpm.subord)*(ClassificationClasses[Infraorder]=_xlpm.infr)*(ClassificationClasses[Superfamily]=_xlpm.sf)*(ClassificationClasses[Family]=_xlpm.fam)*(ClassificationClasses[Subfamily]=_xlpm.subfam),""),""), _xlpm.uniqueSubfam,IF(_xlpm.subfamMatch="","",_xlfn.UNIQUE(_xlpm.subfamMatch)), _xlpm.numUniqueSubfam,IF(_xlpm.uniqueSubfam="",0,ROWS(_xlpm.uniqueSubfam)), _xlpm.resultSubfam,IF(_xlpm.numUniqueSubfam=1,INDEX(_xlpm.uniqueSubfam,1),IF(_xlpm.numUniqueSubfam>=1,_xlpm.subfam,"")), _xlpm.famMatch,IFERROR(_xlfn._xlws.FILTER(ClassificationClasses[Classification Class],(ClassificationClasses[Class]=_xlpm.cls)*(ClassificationClasses[Order]=_xlpm.ord)*(ClassificationClasses[Suborder]=_xlpm.subord)*(ClassificationClasses[Infraorder]=_xlpm.infr)*(ClassificationClasses[Superfamily]=_xlpm.sf)*(ClassificationClasses[Family]=_xlpm.fam),""),""), _xlpm.uniqueFam,IF(_xlpm.famMatch="","",_xlfn.UNIQUE(_xlpm.famMatch)), _xlpm.numUniqueFam,IF(_xlpm.uniqueFam="",0,ROWS(_xlpm.uniqueFam)), _xlpm.resultFam,IF(_xlpm.numUniqueFam=1,INDEX(_xlpm.uniqueFam,1),IF(_xlpm.numUniqueFam>=1,_xlpm.fam,"")), _xlpm.sfMatch,IFERROR(_xlfn._xlws.FILTER(ClassificationClasses[Classification Class],(ClassificationClasses[Class]=_xlpm.cls)*(ClassificationClasses[Order]=_xlpm.ord)*(ClassificationClasses[Suborder]=_xlpm.subord)*(ClassificationClasses[Infraorder]=_xlpm.infr)*(ClassificationClasses[Superfamily]=_xlpm.sf),""),""), _xlpm.uniqueSf,IF(_xlpm.sfMatch="","",_xlfn.UNIQUE(_xlpm.sfMatch)), _xlpm.numUniqueSf,IF(_xlpm.uniqueSf="",0,ROWS(_xlpm.uniqueSf)), _xlpm.resultSf,IF(_xlpm.numUniqueSf=1,INDEX(_xlpm.uniqueSf,1),IF(_xlpm.numUniqueSf>=1,_xlpm.sf,"")), _xlpm.computedResult,IF(AND(_xlpm.fam="#N/C",_xlpm.subfam="#N/C"),_xlpm.sf,IF(_xlpm.resultSubfam<>"",_xlpm.resultSubfam,IF(_xlpm.resultFam<>"",_xlpm.resultFam,IF(_xlpm.resultSf<>"",_xlpm.resultSf,"")))), _xlpm.fallback,IF(IFERROR(B7,"#N/C")="#N/C",A7,IF(IFERROR(C7,"#N/C")="#N/C",B7,IF(IFERROR(D7,"#N/C")="#N/C",C7,IF(IFERROR(E7,"#N/C")="#N/C",D7,IF(IFERROR(F7,"#N/C")="#N/C",E7,IF(IFERROR(G7,"#N/C")="#N/C",F7,"#N/C")))))), _xlpm.finalResult,IF(OR(_xlpm.computedResult="",_xlpm.computedResult="#N/C"),_xlpm.fallback,_xlpm.computedResult), INDEX(_xlpm.finalResult,1))} -> Insecta | K7: =+CONCATENATE(A7,".",B7,".",C7,".",D7,".",E7,".",F7,".",G7,".",H7,".",I7) -> Insecta.#N/C.#N/C.#N/C.#N/C.#N/C.#N/C.#N/C.#N/C | L7: =+COUNTIF([1]Monitoring!AN:AN,K7) -> 26
A8: Insecta | B8: Coleoptera | C8: Polyphaga | D8: =+IFERROR(IF(E8="#N/C","#N/C",INDEX([1]ClassificationClasses!D:D,MATCH(E8,[1]ClassificationClasses!E:E,0))),"ERROR") -> Cucujiformia | E8: Chrysomeloidea | F8: Chrysomelidae | G8: Alticinae | H8: #N/C | I8: #N/C | J8: {=_xlfn.LET(_xlpm.cls,A8, _xlpm.ord,IFERROR(B8,"#N/C"), _xlpm.subord,IFERROR(C8,"#N/C"), _xlpm.infr,IFERROR(D8,"#N/C"), _xlpm.sf,IFERROR(E8,"#N/C"), _xlpm.fam,IFERROR(F8,"#N/C"), _xlpm.subfam,IF(TRIM(G8)="-","#N/C",IFERROR(G8,"#N/C")), _xlpm.subfamMatch,IFERROR(_xlfn._xlws.FILTER(ClassificationClasses[Classification Class],(ClassificationClasses[Class]=_xlpm.cls)*(ClassificationClasses[Order]=_xlpm.ord)*(ClassificationClasses[Suborder]=_xlpm.subord)*(ClassificationClasses[Infraorder]=_xlpm.infr)*(ClassificationClasses[Superfamily]=_xlpm.sf)*(ClassificationClasses[Family]=_xlpm.fam)*(ClassificationClasses[Subfamily]=_xlpm.subfam),""),""), _xlpm.uniqueSubfam,IF(_xlpm.subfamMatch="","",_xlfn.UNIQUE(_xlpm.subfamMatch)), _xlpm.numUniqueSubfam,IF(_xlpm.uniqueSubfam="",0,ROWS(_xlpm.uniqueSubfam)), _xlpm.resultSubfam,IF(_xlpm.numUniqueSubfam=1,INDEX(_xlpm.uniqueSubfam,1),IF(_xlpm.numUniqueSubfam>=1,_xlpm.subfam,"")), _xlpm.famMatch,IFERROR(_xlfn._xlws.FILTER(ClassificationClasses[Classification Class],(ClassificationClasses[Class]=_xlpm.cls)*(ClassificationClasses[Order]=_xlpm.ord)*(ClassificationClasses[Suborder]=_xlpm.subord)*(ClassificationClasses[Infraorder]=_xlpm.infr)*(ClassificationClasses[Superfamily]=_xlpm.sf)*(ClassificationClasses[Family]=_xlpm.fam),""),""), _xlpm.uniqueFam,IF(_xlpm.famMatch="","",_xlfn.UNIQUE(_xlpm.famMatch)), _xlpm.numUniqueFam,IF(_xlpm.uniqueFam="",0,ROWS(_xlpm.uniqueFam)), _xlpm.resultFam,IF(_xlpm.numUniqueFam=1,INDEX(_xlpm.uniqueFam,1),IF(_xlpm.numUniqueFam>=1,_xlpm.fam,"")), _xlpm.sfMatch,IFERROR(_xlfn._xlws.FILTER(ClassificationClasses[Classification Class],(ClassificationClasses[Class]=_xlpm.cls)*(ClassificationClasses[Order]=_xlpm.ord)*(ClassificationClasses[Suborder]=_xlpm.subord)*(ClassificationClasses[Infraorder]=_xlpm.infr)*(ClassificationClasses[Superfamily]=_xlpm.sf),""),""), _xlpm.uniqueSf,IF(_xlpm.sfMatch="","",_xlfn.UNIQUE(_xlpm.sfMatch)), _xlpm.numUniqueSf,IF(_xlpm.uniqueSf="",0,ROWS(_xlpm.uniqueSf)), _xlpm.resultSf,IF(_xlpm.numUniqueSf=1,INDEX(_xlpm.uniqueSf,1),IF(_xlpm.numUniqueSf>=1,_xlpm.sf,"")), _xlpm.computedResult,IF(AND(_xlpm.fam="#N/C",_xlpm.subfam="#N/C"),_xlpm.sf,IF(_xlpm.resultSubfam<>"",_xlpm.resultSubfam,IF(_xlpm.resultFam<>"",_xlpm.resultFam,IF(_xlpm.resultSf<>"",_xlpm.resultSf,"")))), _xlpm.fallback,IF(IFERROR(B8,"#N/C")="#N/C",A8,IF(IFERROR(C8,"#N/C")="#N/C",B8,IF(IFERROR(D8,"#N/C")="#N/C",C8,IF(IFERROR(E8,"#N/C")="#N/C",D8,IF(IFERROR(F8,"#N/C")="#N/C",E8,IF(IFERROR(G8,"#N/C")="#N/C",F8,"#N/C")))))), _xlpm.finalResult,IF(OR(_xlpm.computedResult="",_xlpm.computedResult="#N/C"),_xlpm.fallback,_xlpm.computedResult), INDEX(_xlpm.finalResult,1))} -> leaf_beetle | K8: =+CONCATENATE(A8,".",B8,".",C8,".",D8,".",E8,".",F8,".",G8,".",H8,".",I8) -> Insecta.Coleoptera.Polyphaga.Cucujiformia.Chrysomeloidea.Chrysomelidae.Alticinae.#N/C.#N/C | L8: =+COUNTIF([1]Monitoring!AN:AN,K8) -> 1
A9: Insecta | B9: Coleoptera | C9: Polyphaga | D9: =+IFERROR(IF(E9="#N/C","#N/C",INDEX([1]ClassificationClasses!D:D,MATCH(E9,[1]ClassificationClasses!E:E,0))),"ERROR") -> Cucujiformia | E9: Chrysomeloidea | F9: Chrysomelidae | G9: Chrysomelinae | H9: #N/C | I9: #N/C | J9: {=_xlfn.LET(_xlpm.cls,A9, _xlpm.ord,IFERROR(B9,"#N/C"), _xlpm.subord,IFERROR(C9,"#N/C"), _xlpm.infr,IFERROR(D9,"#N/C"), _xlpm.sf,IFERROR(E9,"#N/C"), _xlpm.fam,IFERROR(F9,"#N/C"), _xlpm.subfam,IF(TRIM(G9)="-","#N/C",IFERROR(G9,"#N/C")), _xlpm.subfamMatch,IFERROR(_xlfn._xlws.FILTER(ClassificationClasses[Classification Class],(ClassificationClasses[Class]=_xlpm.cls)*(ClassificationClasses[Order]=_xlpm.ord)*(ClassificationClasses[Suborder]=_xlpm.subord)*(ClassificationClasses[Infraorder]=_xlpm.infr)*(ClassificationClasses[Superfamily]=_xlpm.sf)*(ClassificationClasses[Family]=_xlpm.fam)*(ClassificationClasses[Subfamily]=_xlpm.subfam),""),""), _xlpm.uniqueSubfam,IF(_xlpm.subfamMatch="","",_xlfn.UNIQUE(_xlpm.subfamMatch)), _xlpm.numUniqueSubfam,IF(_xlpm.uniqueSubfam="",0,ROWS(_xlpm.uniqueSubfam)), _xlpm.resultSubfam,IF(_xlpm.numUniqueSubfam=1,INDEX(_xlpm.uniqueSubfam,1),IF(_xlpm.numUniqueSubfam>=1,_xlpm.subfam,"")), _xlpm.famMatch,IFERROR(_xlfn._xlws.FILTER(ClassificationClasses[Classification Class],(ClassificationClasses[Class]=_xlpm.cls)*(ClassificationClasses[Order]=_xlpm.ord)*(ClassificationClasses[Suborder]=_xlpm.subord)*(ClassificationClasses[Infraorder]=_xlpm.infr)*(ClassificationClasses[Superfamily]=_xlpm.sf)*(ClassificationClasses[Family]=_xlpm.fam),""),""), _xlpm.uniqueFam,IF(_xlpm.famMatch="","",_xlfn.UNIQUE(_xlpm.famMatch)), _xlpm.numUniqueFam,IF(_xlpm.uniqueFam="",0,ROWS(_xlpm.uniqueFam)), _xlpm.resultFam,IF(_xlpm.numUniqueFam=1,INDEX(_xlpm.uniqueFam,1),IF(_xlpm.numUniqueFam>=1,_xlpm.fam,"")), _xlpm.sfMatch,IFERROR(_xlfn._xlws.FILTER(ClassificationClasses[Classification Class],(ClassificationClasses[Class]=_xlpm.cls)*(ClassificationClasses[Order]=_xlpm.ord)*(ClassificationClasses[Suborder]=_xlpm.subord)*(ClassificationClasses[Infraorder]=_xlpm.infr)*(ClassificationClasses[Superfamily]=_xlpm.sf),""),""), _xlpm.uniqueSf,IF(_xlpm.sfMatch="","",_xlfn.UNIQUE(_xlpm.sfMatch)), _xlpm.numUniqueSf,IF(_xlpm.uniqueSf="",0,ROWS(_xlpm.uniqueSf)), _xlpm.resultSf,IF(_xlpm.numUniqueSf=1,INDEX(_xlpm.uniqueSf,1),IF(_xlpm.numUniqueSf>=1,_xlpm.sf,"")), _xlpm.computedResult,IF(AND(_xlpm.fam="#N/C",_xlpm.subfam="#N/C"),_xlpm.sf,IF(_xlpm.resultSubfam<>"",_xlpm.resultSubfam,IF(_xlpm.resultFam<>"",_xlpm.resultFam,IF(_xlpm.resultSf<>"",_xlpm.resultSf,"")))), _xlpm.fallback,IF(IFERROR(B9,"#N/C")="#N/C",A9,IF(IFERROR(C9,"#N/C")="#N/C",B9,IF(IFERROR(D9,"#N/C")="#N/C",C9,IF(IFERROR(E9,"#N/C")="#N/C",D9,IF(IFERROR(F9,"#N/C")="#N/C",E9,IF(IFERROR(G9,"#N/C")="#N/C",F9,"#N/C")))))), _xlpm.finalResult,IF(OR(_xlpm.computedResult="",_xlpm.computedResult="#N/C"),_xlpm.fallback,_xlpm.computedResult), INDEX(_xlpm.finalResult,1))} -> leaf_beetle | K9: =+CONCATENATE(A9,".",B9,".",C9,".",D9,".",E9,".",F9,".",G9,".",H9,".",I9) -> Insecta.Coleoptera.Polyphaga.Cucujiformia.Chrysomeloidea.Chrysomelidae.Chrysomelinae.#N/C.#N/C | L9: =+COUNTIF([1]Monitoring!AN:AN,K9) -> 0
A10: Insecta | B10: Coleoptera | C10: Polyphaga | D10: =+IFERROR(IF(E10="#N/C","#N/C",INDEX([1]ClassificationClasses!D:D,MATCH(E10,[1]ClassificationClasses!E:E,0))),"ERROR") -> Cucujiformia | E10: Chrysomeloidea | F10: Chrysomelidae | G10: Chrysomelinae | H10: Chrysolina | I10: #N/C | J10: {=_xlfn.LET(_xlpm.cls,A10, _xlpm.ord,IFERROR(B10,"#N/C"), _xlpm.subord,IFERROR(C10,"#N/C"), _xlpm.infr,IFERROR(D10,"#N/C"), _xlpm.sf,IFERROR(E10,"#N/C"), _xlpm.fam,IFERROR(F10,"#N/C"), _xlpm.subfam,IF(TRIM(G10)="-","#N/C",IFERROR(G10,"#N/C")), _xlpm.subfamMatch,IFERROR(_xlfn._xlws.FILTER(ClassificationClasses[Classification Class],(ClassificationClasses[Class]=_xlpm.cls)*(ClassificationClasses[Order]=_xlpm.ord)*(ClassificationClasses[Suborder]=_xlpm.subord)*(ClassificationClasses[Infraorder]=_xlpm.infr)*(ClassificationClasses[Superfamily]=_xlpm.sf)*(ClassificationClasses[Family]=_xlpm.fam)*(ClassificationClasses[Subfamily]=_xlpm.subfam),""),""), _xlpm.uniqueSubfam,IF(_xlpm.subfamMatch="","",_xlfn.UNIQUE(_xlpm.subfamMatch)), _xlpm.numUniqueSubfam,IF(_xlpm.uniqueSubfam="",0,ROWS(_xlpm.uniqueSubfam)), _xlpm.resultSubfam,IF(_xlpm.numUniqueSubfam=1,INDEX(_xlpm.uniqueSubfam,1),IF(_xlpm.numUniqueSubfam>=1,_xlpm.subfam,"")), _xlpm.famMatch,IFERROR(_xlfn._xlws.FILTER(ClassificationClasses[Classification Class],(ClassificationClasses[Class]=_xlpm.cls)*(ClassificationClasses[Order]=_xlpm.ord)*(ClassificationClasses[Suborder]=_xlpm.subord)*(ClassificationClasses[Infraorder]=_xlpm.infr)*(ClassificationClasses[Superfamily]=_xlpm.sf)*(ClassificationClasses[Family]=_xlpm.fam),""),""), _xlpm.uniqueFam,IF(_xlpm.famMatch="","",_xlfn.UNIQUE(_xlpm.famMatch)), _xlpm.numUniqueFam,IF(_xlpm.uniqueFam="",0,ROWS(_xlpm.uniqueFam)), _xlpm.resultFam,IF(_xlpm.numUniqueFam=1,INDEX(_xlpm.uniqueFam,1),IF(_xlpm.numUniqueFam>=1,_xlpm.fam,"")), _xlpm.sfMatch,IFERROR(_xlfn._xlws.FILTER(ClassificationClasses[Classification Class],(ClassificationClasses[Class]=_xlpm.cls)*(ClassificationClasses[Order]=_xlpm.ord)*(ClassificationClasses[Suborder]=_xlpm.subord)*(ClassificationClasses[Infraorder]=_xlpm.infr)*(ClassificationClasses[Superfamily]=_xlpm.sf),""),""), _xlpm.uniqueSf,IF(_xlpm.sfMatch="","",_xlfn.UNIQUE(_xlpm.sfMatch)), _xlpm.numUniqueSf,IF(_xlpm.uniqueSf="",0,ROWS(_xlpm.uniqueSf)), _xlpm.resultSf,IF(_xlpm.numUniqueSf=1,INDEX(_xlpm.uniqueSf,1),IF(_xlpm.numUniqueSf>=1,_xlpm.sf,"")), _xlpm.computedResult,IF(AND(_xlpm.fam="#N/C",_xlpm.subfam="#N/C"),_xlpm.sf,IF(_xlpm.resultSubfam<>"",_xlpm.resultSubfam,IF(_xlpm.resultFam<>"",_xlpm.resultFam,IF(_xlpm.resultSf<>"",_xlpm.resultSf,"")))), _xlpm.fallback,IF(IFERROR(B10,"#N/C")="#N/C",A10,IF(IFERROR(C10,"#N/C")="#N/C",B10,IF(IFERROR(D10,"#N/C")="#N/C",C10,IF(IFERROR(E10,"#N/C")="#N/C",D10,IF(IFERROR(F10,"#N/C")="#N/C",E10,IF(IFERROR(G10,"#N/C")="#N/C",F10,"#N/C")))))), _xlpm.finalResult,IF(OR(_xlpm.computedResult="",_xlpm.computedResult="#N/C"),_xlpm.fallback,_xlpm.computedResult), INDEX(_xlpm.finalResult,1))} -> leaf_beetle | K10: =+CONCATENATE(A10,".",B10,".",C10,".",D10,".",E10,".",F10,".",G10,".",H10,".",I10) -> Insecta.Coleoptera.Polyphaga.Cucujiformia.Chrysomeloidea.Chrysomelidae.Chrysomelinae.Chrysolina.#N/C | L10: =+COUNTIF([1]Monitoring!AN:AN,K10) -> 0
A11: Insecta | B11: Coleoptera | C11: Polyphaga | D11: =+IFERROR(IF(E11="#N/C","#N/C",INDEX([1]ClassificationClasses!D:D,MATCH(E11,[1]ClassificationClasses!E:E,0))),"ERROR") -> Cucujiformia | E11: Chrysomeloidea | F11: Chrysomelidae | G11: Criocerinae | H11: Oulema | I11: #N/C | J11: {=_xlfn.LET(_xlpm.cls,A11, _xlpm.ord,IFERROR(B11,"#N/C"), _xlpm.subord,IFERROR(C11,"#N/C"), _xlpm.infr,IFERROR(D11,"#N/C"), _xlpm.sf,IFERROR(E11,"#N/C"), _xlpm.fam,IFERROR(F11,"#N/C"), _xlpm.subfam,IF(TRIM(G11)="-","#N/C",IFERROR(G11,"#N/C")), _xlpm.subfamMatch,IFERROR(_xlfn._xlws.FILTER(ClassificationClasses[Classification Class],(ClassificationClasses[Class]=_xlpm.cls)*(ClassificationClasses[Order]=_xlpm.ord)*(ClassificationClasses[Suborder]=_xlpm.subord)*(ClassificationClasses[Infraorder]=_xlpm.infr)*(ClassificationClasses[Superfamily]=_xlpm.sf)*(ClassificationClasses[Family]=_xlpm.fam)*(ClassificationClasses[Subfamily]=_xlpm.subfam),""),""), _xlpm.uniqueSubfam,IF(_xlpm.subfamMatch="","",_xlfn.UNIQUE(_xlpm.subfamMatch)), _xlpm.numUniqueSubfam,IF(_xlpm.uniqueSubfam="",0,ROWS(_xlpm.uniqueSubfam)), _xlpm.resultSubfam,IF(_xlpm.numUniqueSubfam=1,INDEX(_xlpm.uniqueSubfam,1),IF(_xlpm.numUniqueSubfam>=1,_xlpm.subfam,"")), _xlpm.famMatch,IFERROR(_xlfn._xlws.FILTER(ClassificationClasses[Classification Class],(ClassificationClasses[Class]=_xlpm.cls)*(ClassificationClasses[Order]=_xlpm.ord)*(ClassificationClasses[Suborder]=_xlpm.subord)*(ClassificationClasses[Infraorder]=_xlpm.infr)*(ClassificationClasses[Superfamily]=_xlpm.sf)*(ClassificationClasses[Family]=_xlpm.fam),""),""), _xlpm.uniqueFam,IF(_xlpm.famMatch="","",_xlfn.UNIQUE(_xlpm.famMatch)), _xlpm.numUniqueFam,IF(_xlpm.uniqueFam="",0,ROWS(_xlpm.uniqueFam)), _xlpm.resultFam,IF(_xlpm.numUniqueFam=1,INDEX(_xlpm.uniqueFam,1),IF(_xlpm.numUniqueFam>=1,_xlpm.fam,"")), _xlpm.sfMatch,IFERROR(_xlfn._xlws.FILTER(ClassificationClasses[Classification Class],(ClassificationClasses[Class]=_xlpm.cls)*(ClassificationClasses[Order]=_xlpm.ord)*(ClassificationClasses[Suborder]=_xlpm.subord)*(ClassificationClasses[Infraorder]=_xlpm.infr)*(ClassificationClasses[Superfamily]=_xlpm.sf),""),""), _xlpm.uniqueSf,IF(_xlpm.sfMatch="","",_xlfn.UNIQUE(_xlpm.sfMatch)), _xlpm.numUniqueSf,IF(_xlpm.uniqueSf="",0,ROWS(_xlpm.uniqueSf)), _xlpm.resultSf,IF(_xlpm.numUniqueSf=1,INDEX(_xlpm.uniqueSf,1),IF(_xlpm.numUniqueSf>=1,_xlpm.sf,"")), _xlpm.computedResult,IF(AND(_xlpm.fam="#N/C",_xlpm.subfam="#N/C"),_xlpm.sf,IF(_xlpm.resultSubfam<>"",_xlpm.resultSubfam,IF(_xlpm.resultFam<>"",_xlpm.resultFam,IF(_xlpm.resultSf<>"",_xlpm.resultSf,"")))), _xlpm.fallback,IF(IFERROR(B11,"#N/C")="#N/C",A11,IF(IFERROR(C11,"#N/C")="#N/C",B11,IF(IFERROR(D11,"#N/C")="#N/C",C11,IF(IFERROR(E11,"#N/C")="#N/C",D11,IF(IFERROR(F11,"#N/C")="#N/C",E11,IF(IFERROR(G11,"#N/C")="#N/C",F11,"#N/C")))))), _xlpm.finalResult,IF(OR(_xlpm.computedResult="",_xlpm.computedResult="#N/C"),_xlpm.fallback,_xlpm.computedResult), INDEX(_xlpm.finalResult,1))} -> leaf_beetle | K11: =+CONCATENATE(A11,".",B11,".",C11,".",D11,".",E11,".",F11,".",G11,".",H11,".",I11) -> Insecta.Coleoptera.Polyphaga.Cucujiformia.Chrysomeloidea.Chrysomelidae.Criocerinae.Oulema.#N/C | L11: =+COUNTIF([1]Monitoring!AN:AN,K11) -> 0
A12: Insecta | B12: Coleoptera | C12: Polyphaga | D12: =+IFERROR(IF(E12="#N/C","#N/C",INDEX([1]ClassificationClasses!D:D,MATCH(E12,[1]ClassificationClasses!E:E,0))),"ERROR") -> Cucujiformia | E12: Chrysomeloidea | F12: Chrysomelidae | G12: Galerucinae | H12: #N/C | I12: #N/C | J12: {=_xlfn.LET(_xlpm.cls,A12, _xlpm.ord,IFERROR(B12,"#N/C"), _xlpm.subord,IFERROR(C12,"#N/C"), _xlpm.infr,IFERROR(D12,"#N/C"), _xlpm.sf,IFERROR(E12,"#N/C"), _xlpm.fam,IFERROR(F12,"#N/C"), _xlpm.subfam,IF(TRIM(G12)="-","#N/C",IFERROR(G12,"#N/C")), _xlpm.subfamMatch,IFERROR(_xlfn._xlws.FILTER(ClassificationClasses[Classification Class],(ClassificationClasses[Class]=_xlpm.cls)*(ClassificationClasses[Order]=_xlpm.ord)*(ClassificationClasses[Suborder]=_xlpm.subord)*(ClassificationClasses[Infraorder]=_xlpm.infr)*(ClassificationClasses[Superfamily]=_xlpm.sf)*(ClassificationClasses[Family]=_xlpm.fam)*(ClassificationClasses[Subfamily]=_xlpm.subfam),""),""), _xlpm.uniqueSubfam,IF(_xlpm.subfamMatch="","",_xlfn.UNIQUE(_xlpm.subfamMatch)), _xlpm.numUniqueSubfam,IF(_xlpm.uniqueSubfam="",0,ROWS(_xlpm.uniqueSubfam)), _xlpm.resultSubfam,IF(_xlpm.numUniqueSubfam=1,INDEX(_xlpm.uniqueSubfam,1),IF(_xlpm.numUniqueSubfam>=1,_xlpm.subfam,"")), _xlpm.famMatch,IFERROR(_xlfn._xlws.FILTER(ClassificationClasses[Classification Class],(ClassificationClasses[Class]=_xlpm.cls)*(ClassificationClasses[Order]=_xlpm.ord)*(ClassificationClasses[Suborder]=_xlpm.subord)*(ClassificationClasses[Infraorder]=_xlpm.infr)*(ClassificationClasses[Superfamily]=_xlpm.sf)*(ClassificationClasses[Family]=_xlpm.fam),""),""), _xlpm.uniqueFam,IF(_xlpm.famMatch="","",_xlfn.UNIQUE(_xlpm.famMatch)), _xlpm.numUniqueFam,IF(_xlpm.uniqueFam="",0,ROWS(_xlpm.uniqueFam)), _xlpm.resultFam,IF(_xlpm.numUniqueFam=1,INDEX(_xlpm.uniqueFam,1),IF(_xlpm.numUniqueFam>=1,_xlpm.fam,"")), _xlpm.sfMatch,IFERROR(_xlfn._xlws.FILTER(ClassificationClasses[Classification Class],(ClassificationClasses[Class]=_xlpm.cls)*(ClassificationClasses[Order]=_xlpm.ord)*(ClassificationClasses[Suborder]=_xlpm.subord)*(ClassificationClasses[Infraorder]=_xlpm.infr)*(ClassificationClasses[Superfamily]=_xlpm.sf),""),""), _xlpm.uniqueSf,IF(_xlpm.sfMatch="","",_xlfn.UNIQUE(_xlpm.sfMatch)), _xlpm.numUniqueSf,IF(_xlpm.uniqueSf="",0,ROWS(_xlpm.uniqueSf)), _xlpm.resultSf,IF(_xlpm.numUniqueSf=1,INDEX(_xlpm.uniqueSf,1),IF(_xlpm.numUniqueSf>=1,_xlpm.sf,"")), _xlpm.computedResult,IF(AND(_xlpm.fam="#N/C",_xlpm.subfam="#N/C"),_xlpm.sf,IF(_xlpm.resultSubfam<>"",_xlpm.resultSubfam,IF(_xlpm.resultFam<>"",_xlpm.resultFam,IF(_xlpm.resultSf<>"",_xlpm.resultSf,"")))), _xlpm.fallback,IF(IFERROR(B12,"#N/C")="#N/C",A12,IF(IFERROR(C12,"#N/C")="#N/C",B12,IF(IFERROR(D12,"#N/C")="#N/C",C12,IF(IFERROR(E12,"#N/C")="#N/C",D12,IF(IFERROR(F12,"#N/C")="#N/C",E12,IF(IFERROR(G12,"#N/C")="#N/C",F12,"#N/C")))))), _xlpm.finalResult,IF(OR(_xlpm.computedResult="",_xlpm.computedResult="#N/C"),_xlpm.fallback,_xlpm.computedResult), INDEX(_xlpm.finalResult,1))} -> leaf_beetle | K12: =+CONCATENATE(A12,".",B12,".",C12,".",D12,".",E12,".",F12,".",G12,".",H12,".",I12) -> Insecta.Coleoptera.Polyphaga.Cucujiformia.Chrysomeloidea.Chrysomelidae.Galerucinae.#N/C.#N/C | L12: =+COUNTIF([1]Monitoring!AN:AN,K12) -> 0
A13: Insecta | B13: Coleoptera | C13: Polyphaga | D13: =+IFERROR(IF(E13="#N/C","#N/C",INDEX([1]ClassificationClasses!D:D,MATCH(E13,[1]ClassificationClasses!E:E,0))),"ERROR") -> Cucujiformia | E13: Chrysomeloidea | F13: Chrysomelidae | G13: Galerucinae | H13: Psylliodes | I13: #N/C | J13: {=_xlfn.LET(_xlpm.cls,A13, _xlpm.ord,IFERROR(B13,"#N/C"), _xlpm.subord,IFERROR(C13,"#N/C"), _xlpm.infr,IFERROR(D13,"#N/C"), _xlpm.sf,IFERROR(E13,"#N/C"), _xlpm.fam,IFERROR(F13,"#N/C"), _xlpm.subfam,IF(TRIM(G13)="-","#N/C",IFERROR(G13,"#N/C")), _xlpm.subfamMatch,IFERROR(_xlfn._xlws.FILTER(ClassificationClasses[Classification Class],(ClassificationClasses[Class]=_xlpm.cls)*(ClassificationClasses[Order]=_xlpm.ord)*(ClassificationClasses[Suborder]=_xlpm.subord)*(ClassificationClasses[Infraorder]=_xlpm.infr)*(ClassificationClasses[Superfamily]=_xlpm.sf)*(ClassificationClasses[Family]=_xlpm.fam)*(ClassificationClasses[Subfamily]=_xlpm.subfam),""),""), _xlpm.uniqueSubfam,IF(_xlpm.subfamMatch="","",_xlfn.UNIQUE(_xlpm.subfamMatch)), _xlpm.numUniqueSubfam,IF(_xlpm.uniqueSubfam="",0,ROWS(_xlpm.uniqueSubfam)), _xlpm.resultSubfam,IF(_xlpm.numUniqueSubfam=1,INDEX(_xlpm.uniqueSubfam,1),IF(_xlpm.numUniqueSubfam>=1,_xlpm.subfam,"")), _xlpm.famMatch,IFERROR(_xlfn._xlws.FILTER(ClassificationClasses[Classification Class],(ClassificationClasses[Class]=_xlpm.cls)*(ClassificationClasses[Order]=_xlpm.ord)*(ClassificationClasses[Suborder]=_xlpm.subord)*(ClassificationClasses[Infraorder]=_xlpm.infr)*(ClassificationClasses[Superfamily]=_xlpm.sf)*(ClassificationClasses[Family]=_xlpm.fam),""),""), _xlpm.uniqueFam,IF(_xlpm.famMatch="","",_xlfn.UNIQUE(_xlpm.famMatch)), _xlpm.numUniqueFam,IF(_xlpm.uniqueFam="",0,ROWS(_xlpm.uniqueFam)), _xlpm.resultFam,IF(_xlpm.numUniqueFam=1,INDEX(_xlpm.uniqueFam,1),IF(_xlpm.numUniqueFam>=1,_xlpm.fam,"")), _xlpm.sfMatch,IFERROR(_xlfn._xlws.FILTER(ClassificationClasses[Classification Class],(ClassificationClasses[Class]=_xlpm.cls)*(ClassificationClasses[Order]=_xlpm.ord)*(ClassificationClasses[Suborder]=_xlpm.subord)*(ClassificationClasses[Infraorder]=_xlpm.infr)*(ClassificationClasses[Superfamily]=_xlpm.sf),""),""), _xlpm.uniqueSf,IF(_xlpm.sfMatch="","",_xlfn.UNIQUE(_xlpm.sfMatch)), _xlpm.numUniqueSf,IF(_xlpm.uniqueSf="",0,ROWS(_xlpm.uniqueSf)), _xlpm.resultSf,IF(_xlpm.numUniqueSf=1,INDEX(_xlpm.uniqueSf,1),IF(_xlpm.numUniqueSf>=1,_xlpm.sf,"")), _xlpm.computedResult,IF(AND(_xlpm.fam="#N/C",_xlpm.subfam="#N/C"),_xlpm.sf,IF(_xlpm.resultSubfam<>"",_xlpm.resultSubfam,IF(_xlpm.resultFam<>"",_xlpm.resultFam,IF(_xlpm.resultSf<>"",_xlpm.resultSf,"")))), _xlpm.fallback,IF(IFERROR(B13,"#N/C")="#N/C",A13,IF(IFERROR(C13,"#N/C")="#N/C",B13,IF(IFERROR(D13,"#N/C")="#N/C",C13,IF(IFERROR(E13,"#N/C")="#N/C",D13,IF(IFERROR(F13,"#N/C")="#N/C",E13,IF(IFERROR(G13,"#N/C")="#N/C",F13,"#N/C")))))), _xlpm.finalResult,IF(OR(_xlpm.computedResult="",_xlpm.computedResult="#N/C"),_xlpm.fallback,_xlpm.computedResult), INDEX(_xlpm.finalResult,1))} -> leaf_beetle | K13: =+CONCATENATE(A13,".",B13,".",C13,".",D13,".",E13,".",F13,".",G13,".",H13,".",I13) -> Insecta.Coleoptera.Polyphaga.Cucujiformia.Chrysomeloidea.Chrysomelidae.Galerucinae.Psylliodes.#N/C | L13: =+COUNTIF([1]Monitoring!AN:AN,K13) -> 1
... A32: Insecta | B32: Coleoptera | C32: Polyphaga | D32: =+IFERROR(IF(E32="#N/C","#N/C",INDEX([1]ClassificationClasses!D:D,MATCH(E32,[1]ClassificationClasses!E:E,0))),"ERROR") -> Cucujiformia | E32: Tenebrionoidea | F32: Oedemeridae | G32: Nacerdinae | H32: Chrysanthia | I32: #N/C | J32: {=_xlfn.LET(_xlpm.cls,A32, _xlpm.ord,IFERROR(B32,"#N/C"), _xlpm.subord,IFERROR(C32,"#N/C"), _xlpm.infr,IFERROR(D32,"#N/C"), _xlpm.sf,IFERROR(E32,"#N/C"), _xlpm.fam,IFERROR(F32,"#N/C"), _xlpm.subfam,IF(TRIM(G32)="-","#N/C",IFERROR(G32,"#N/C")), _xlpm.subfamMatch,IFERROR(_xlfn._xlws.FILTER(ClassificationClasses[Classification Class],(ClassificationClasses[Class]=_xlpm.cls)*(ClassificationClasses[Order]=_xlpm.ord)*(ClassificationClasses[Suborder]=_xlpm.subord)*(ClassificationClasses[Infraorder]=_xlpm.infr)*(ClassificationClasses[Superfamily]=_xlpm.sf)*(ClassificationClasses[Family]=_xlpm.fam)*(ClassificationClasses[Subfamily]=_xlpm.subfam),""),""), _xlpm.uniqueSubfam,IF(_xlpm.subfamMatch="","",_xlfn.UNIQUE(_xlpm.subfamMatch)), _xlpm.numUniqueSubfam,IF(_xlpm.uniqueSubfam="",0,ROWS(_xlpm.uniqueSubfam)), _xlpm.resultSubfam,IF(_xlpm.numUniqueSubfam=1,INDEX(_xlpm.uniqueSubfam,1),IF(_xlpm.numUniqueSubfam>=1,_xlpm.subfam,"")), _xlpm.famMatch,IFERROR(_xlfn._xlws.FILTER(ClassificationClasses[Classification Class],(ClassificationClasses[Class]=_xlpm.cls)*(ClassificationClasses[Order]=_xlpm.ord)*(ClassificationClasses[Suborder]=_xlpm.subord)*(ClassificationClasses[Infraorder]=_xlpm.infr)*(ClassificationClasses[Superfamily]=_xlpm.sf)*(ClassificationClasses[Family]=_xlpm.fam),""),""), _xlpm.uniqueFam,IF(_xlpm.famMatch="","",_xlfn.UNIQUE(_xlpm.famMatch)), _xlpm.numUniqueFam,IF(_xlpm.uniqueFam="",0,ROWS(_xlpm.uniqueFam)), _xlpm.resultFam,IF(_xlpm.numUniqueFam=1,INDEX(_xlpm.uniqueFam,1),IF(_xlpm.numUniqueFam>=1,_xlpm.fam,"")), _xlpm.sfMatch,IFERROR(_xlfn._xlws.FILTER(ClassificationClasses[Classification Class],(ClassificationClasses[Class]=_xlpm.cls)*(ClassificationClasses[Order]=_xlpm.ord)*(ClassificationClasses[Suborder]=_xlpm.subord)*(ClassificationClasses[Infraorder]=_xlpm.infr)*(ClassificationClasses[Superfamily]=_xlpm.sf),""),""), _xlpm.uniqueSf,IF(_xlpm.sfMatch="","",_xlfn.UNIQUE(_xlpm.sfMatch)), _xlpm.numUniqueSf,IF(_xlpm.uniqueSf="",0,ROWS(_xlpm.uniqueSf)), _xlpm.resultSf,IF(_xlpm.numUniqueSf=1,INDEX(_xlpm.uniqueSf,1),IF(_xlpm.numUniqueSf>=1,_xlpm.sf,"")), _xlpm.computedResult,IF(AND(_xlpm.fam="#N/C",_xlpm.subfam="#N/C"),_xlpm.sf,IF(_xlpm.resultSubfam<>"",_xlpm.resultSubfam,IF(_xlpm.resultFam<>"",_xlpm.resultFam,IF(_xlpm.resultSf<>"",_xlpm.resultSf,"")))), _xlpm.fallback,IF(IFERROR(B32,"#N/C")="#N/C",A32,IF(IFERROR(C32,"#N/C")="#N/C",B32,IF(IFERROR(D32,"#N/C")="#N/C",C32,IF(IFERROR(E32,"#N/C")="#N/C",D32,IF(IFERROR(F32,"#N/C")="#N/C",E32,IF(IFERROR(G32,"#N/C")="#N/C",F32,"#N/C")))))), _xlpm.finalResult,IF(OR(_xlpm.computedResult="",_xlpm.computedResult="#N/C"),_xlpm.fallback,_xlpm.computedResult), INDEX(_xlpm.finalResult,1))} -> pollen_feeding_beetle | K32: =+CONCATENATE(A32,".",B32,".",C32,".",D32,".",E32,".",F32,".",G32,".",H32,".",I32) -> Insecta.Coleoptera.Polyphaga.Cucujiformia.Tenebrionoidea.Oedemeridae.Nacerdinae.Chrysanthia.#N/C | L32: =+COUNTIF([1]Monitoring!AN:AN,K32) -> 0
A33: Insecta | B33: Dermaptera | C33: Forficulina | E33: Forficuloidea | F33: Forficulidae | G33: Forficulinae | H33: #N/C | I33: #N/C | J33: {=_xlfn.LET(_xlpm.cls,A33, _xlpm.ord,IFERROR(B33,"#N/C"), _xlpm.subord,IFERROR(C33,"#N/C"), _xlpm.infr,IFERROR(D33,"#N/C"), _xlpm.sf,IFERROR(E33,"#N/C"), _xlpm.fam,IFERROR(F33,"#N/C"), _xlpm.subfam,IF(TRIM(G33)="-","#N/C",IFERROR(G33,"#N/C")), _xlpm.subfamMatch,IFERROR(_xlfn._xlws.FILTER(ClassificationClasses[Classification Class],(ClassificationClasses[Class]=_xlpm.cls)*(ClassificationClasses[Order]=_xlpm.ord)*(ClassificationClasses[Suborder]=_xlpm.subord)*(ClassificationClasses[Infraorder]=_xlpm.infr)*(ClassificationClasses[Superfamily]=_xlpm.sf)*(ClassificationClasses[Family]=_xlpm.fam)*(ClassificationClasses[Subfamily]=_xlpm.subfam),""),""), _xlpm.uniqueSubfam,IF(_xlpm.subfamMatch="","",_xlfn.UNIQUE(_xlpm.subfamMatch)), _xlpm.numUniqueSubfam,IF(_xlpm.uniqueSubfam="",0,ROWS(_xlpm.uniqueSubfam)), _xlpm.resultSubfam,IF(_xlpm.numUniqueSubfam=1,INDEX(_xlpm.uniqueSubfam,1),IF(_xlpm.numUniqueSubfam>=1,_xlpm.subfam,"")), _xlpm.famMatch,IFERROR(_xlfn._xlws.FILTER(ClassificationClasses[Classification Class],(ClassificationClasses[Class]=_xlpm.cls)*(ClassificationClasses[Order]=_xlpm.ord)*(ClassificationClasses[Suborder]=_xlpm.subord)*(ClassificationClasses[Infraorder]=_xlpm.infr)*(ClassificationClasses[Superfamily]=_xlpm.sf)*(ClassificationClasses[Family]=_xlpm.fam),""),""), _xlpm.uniqueFam,IF(_xlpm.famMatch="","",_xlfn.UNIQUE(_xlpm.famMatch)), _xlpm.numUniqueFam,IF(_xlpm.uniqueFam="",0,ROWS(_xlpm.uniqueFam)), _xlpm.resultFam,IF(_xlpm.numUniqueFam=1,INDEX(_xlpm.uniqueFam,1),IF(_xlpm.numUniqueFam>=1,_xlpm.fam,"")), _xlpm.sfMatch,IFERROR(_xlfn._xlws.FILTER(ClassificationClasses[Classification Class],(ClassificationClasses[Class]=_xlpm.cls)*(ClassificationClasses[Order]=_xlpm.ord)*(ClassificationClasses[Suborder]=_xlpm.subord)*(ClassificationClasses[Infraorder]=_xlpm.infr)*(ClassificationClasses[Superfamily]=_xlpm.sf),""),""), _xlpm.uniqueSf,IF(_xlpm.sfMatch="","",_xlfn.UNIQUE(_xlpm.sfMatch)), _xlpm.numUniqueSf,IF(_xlpm.uniqueSf="",0,ROWS(_xlpm.uniqueSf)), _xlpm.resultSf,IF(_xlpm.numUniqueSf=1,INDEX(_xlpm.uniqueSf,1),IF(_xlpm.numUniqueSf>=1,_xlpm.sf,"")), _xlpm.computedResult,IF(AND(_xlpm.fam="#N/C",_xlpm.subfam="#N/C"),_xlpm.sf,IF(_xlpm.resultSubfam<>"",_xlpm.resultSubfam,IF(_xlpm.resultFam<>"",_xlpm.resultFam,IF(_xlpm.resultSf<>"",_xlpm.resultSf,"")))), _xlpm.fallback,IF(IFERROR(B33,"#N/C")="#N/C",A33,IF(IFERROR(C33,"#N/C")="#N/C",B33,IF(IFERROR(D33,"#N/C")="#N/C",C33,IF(IFERROR(E33,"#N/C")="#N/C",D33,IF(IFERROR(F33,"#N/C")="#N/C",E33,IF(IFERROR(G33,"#N/C")="#N/C",F33,"#N/C")))))), _xlpm.finalResult,IF(OR(_xlpm.computedResult="",_xlpm.computedResult="#N/C"),_xlpm.fallback,_xlpm.computedResult), INDEX(_xlpm.finalResult,1))} -> earwig | K33: =+CONCATENATE(A33,".",B33,".",C33,".",D33,".",E33,".",F33,".",G33,".",H33,".",I33) -> Insecta.Dermaptera.Forficulina..Forficuloidea.Forficulidae.Forficulinae.#N/C.#N/C | L33: =+COUNTIF([1]Monitoring!AN:AN,K33) -> 0
A34: Insecta | B34: Dermaptera | C34: Forficulina | E34: Forficuloidea | F34: Forficulidae | G34: Forficulinae | H34: Forficula | I34: #N/C | J34: {=_xlfn.LET(_xlpm.cls,A34, _xlpm.ord,IFERROR(B34,"#N/C"), _xlpm.subord,IFERROR(C34,"#N/C"), _xlpm.infr,IFERROR(D34,"#N/C"), _xlpm.sf,IFERROR(E34,"#N/C"), _xlpm.fam,IFERROR(F34,"#N/C"), _xlpm.subfam,IF(TRIM(G34)="-","#N/C",IFERROR(G34,"#N/C")), _xlpm.subfamMatch,IFERROR(_xlfn._xlws.FILTER(ClassificationClasses[Classification Class],(ClassificationClasses[Class]=_xlpm.cls)*(ClassificationClasses[Order]=_xlpm.ord)*(ClassificationClasses[Suborder]=_xlpm.subord)*(ClassificationClasses[Infraorder]=_xlpm.infr)*(ClassificationClasses[Superfamily]=_xlpm.sf)*(ClassificationClasses[Family]=_xlpm.fam)*(ClassificationClasses[Subfamily]=_xlpm.subfam),""),""), _xlpm.uniqueSubfam,IF(_xlpm.subfamMatch="","",_xlfn.UNIQUE(_xlpm.subfamMatch)), _xlpm.numUniqueSubfam,IF(_xlpm.uniqueSubfam="",0,ROWS(_xlpm.uniqueSubfam)), _xlpm.resultSubfam,IF(_xlpm.numUniqueSubfam=1,INDEX(_xlpm.uniqueSubfam,1),IF(_xlpm.numUniqueSubfam>=1,_xlpm.subfam,"")), _xlpm.famMatch,IFERROR(_xlfn._xlws.FILTER(ClassificationClasses[Classification Class],(ClassificationClasses[Class]=_xlpm.cls)*(ClassificationClasses[Order]=_xlpm.ord)*(ClassificationClasses[Suborder]=_xlpm.subord)*(ClassificationClasses[Infraorder]=_xlpm.infr)*(ClassificationClasses[Superfamily]=_xlpm.sf)*(ClassificationClasses[Family]=_xlpm.fam),""),""), _xlpm.uniqueFam,IF(_xlpm.famMatch="","",_xlfn.UNIQUE(_xlpm.famMatch)), _xlpm.numUniqueFam,IF(_xlpm.uniqueFam="",0,ROWS(_xlpm.uniqueFam)), _xlpm.resultFam,IF(_xlpm.numUniqueFam=1,INDEX(_xlpm.uniqueFam,1),IF(_xlpm.numUniqueFam>=1,_xlpm.fam,"")), _xlpm.sfMatch,IFERROR(_xlfn._xlws.FILTER(ClassificationClasses[Classification Class],(ClassificationClasses[Class]=_xlpm.cls)*(ClassificationClasses[Order]=_xlpm.ord)*(ClassificationClasses[Suborder]=_xlpm.subord)*(ClassificationClasses[Infraorder]=_xlpm.infr)*(ClassificationClasses[Superfamily]=_xlpm.sf),""),""), _xlpm.uniqueSf,IF(_xlpm.sfMatch="","",_xlfn.UNIQUE(_xlpm.sfMatch)), _xlpm.numUniqueSf,IF(_xlpm.uniqueSf="",0,ROWS(_xlpm.uniqueSf)), _xlpm.resultSf,IF(_xlpm.numUniqueSf=1,INDEX(_xlpm.uniqueSf,1),IF(_xlpm.numUniqueSf>=1,_xlpm.sf,"")), _xlpm.computedResult,IF(AND(_xlpm.fam="#N/C",_xlpm.subfam="#N/C"),_xlpm.sf,IF(_xlpm.resultSubfam<>"",_xlpm.resultSubfam,IF(_xlpm.resultFam<>"",_xlpm.resultFam,IF(_xlpm.resultSf<>"",_xlpm.resultSf,"")))), _xlpm.fallback,IF(IFERROR(B34,"#N/C")="#N/C",A34,IF(IFERROR(C34,"#N/C")="#N/C",B34,IF(IFERROR(D34,"#N/C")="#N/C",C34,IF(IFERROR(E34,"#N/C")="#N/C",D34,IF(IFERROR(F34,"#N/C")="#N/C",E34,IF(IFERROR(G34,"#N/C")="#N/C",F34,"#N/C")))))), _xlpm.finalResult,IF(OR(_xlpm.computedResult="",_xlpm.computedResult="#N/C"),_xlpm.fallback,_xlpm.computedResult), INDEX(_xlpm.finalResult,1))} -> earwig | K34: =+CONCATENATE(A34,".",B34,".",C34,".",D34,".",E34,".",F34,".",G34,".",H34,".",I34) -> Insecta.Dermaptera.Forficulina..Forficuloidea.Forficulidae.Forficulinae.Forficula.#N/C | L34: =+COUNTIF([1]Monitoring!AN:AN,K34) -> 0
A35: Insecta | B35: Diptera | C35: #N/C | D35: =+IFERROR(IF(E35="#N/C","#N/C",INDEX([1]ClassificationClasses!D:D,MATCH(E35,[1]ClassificationClasses!E:E,0))),"ERROR") -> #N/C | E35: #N/C | F35: #N/C | G35: #N/C | H35: #N/C | I35: #N/C | J35: {=_xlfn.LET(_xlpm.cls,A35, _xlpm.ord,IFERROR(B35,"#N/C"), _xlpm.subord,IFERROR(C35,"#N/C"), _xlpm.infr,IFERROR(D35,"#N/C"), _xlpm.sf,IFERROR(E35,"#N/C"), _xlpm.fam,IFERROR(F35,"#N/C"), _xlpm.subfam,IF(TRIM(G35)="-","#N/C",IFERROR(G35,"#N/C")), _xlpm.subfamMatch,IFERROR(_xlfn._xlws.FILTER(ClassificationClasses[Classification Class],(ClassificationClasses[Class]=_xlpm.cls)*(ClassificationClasses[Order]=_xlpm.ord)*(ClassificationClasses[Suborder]=_xlpm.subord)*(ClassificationClasses[Infraorder]=_xlpm.infr)*(ClassificationClasses[Superfamily]=_xlpm.sf)*(ClassificationClasses[Family]=_xlpm.fam)*(ClassificationClasses[Subfamily]=_xlpm.subfam),""),""), _xlpm.uniqueSubfam,IF(_xlpm.subfamMatch="","",_xlfn.UNIQUE(_xlpm.subfamMatch)), _xlpm.numUniqueSubfam,IF(_xlpm.uniqueSubfam="",0,ROWS(_xlpm.uniqueSubfam)), _xlpm.resultSubfam,IF(_xlpm.numUniqueSubfam=1,INDEX(_xlpm.uniqueSubfam,1),IF(_xlpm.numUniqueSubfam>=1,_xlpm.subfam,"")), _xlpm.famMatch,IFERROR(_xlfn._xlws.FILTER(ClassificationClasses[Classification Class],(ClassificationClasses[Class]=_xlpm.cls)*(ClassificationClasses[Order]=_xlpm.ord)*(ClassificationClasses[Suborder]=_xlpm.subord)*(ClassificationClasses[Infraorder]=_xlpm.infr)*(ClassificationClasses[Superfamily]=_xlpm.sf)*(ClassificationClasses[Family]=_xlpm.fam),""),""), _xlpm.uniqueFam,IF(_xlpm.famMatch="","",_xlfn.UNIQUE(_xlpm.famMatch)), _xlpm.numUniqueFam,IF(_xlpm.uniqueFam="",0,ROWS(_xlpm.uniqueFam)), _xlpm.resultFam,IF(_xlpm.numUniqueFam=1,INDEX(_xlpm.uniqueFam,1),IF(_xlpm.numUniqueFam>=1,_xlpm.fam,"")), _xlpm.sfMatch,IFERROR(_xlfn._xlws.FILTER(ClassificationClasses[Classification Class],(ClassificationClasses[Class]=_xlpm.cls)*(ClassificationClasses[Order]=_xlpm.ord)*(ClassificationClasses[Suborder]=_xlpm.subord)*(ClassificationClasses[Infraorder]=_xlpm.infr)*(ClassificationClasses[Superfamily]=_xlpm.sf),""),""), _xlpm.uniqueSf,IF(_xlpm.sfMatch="","",_xlfn.UNIQUE(_xlpm.sfMatch)), _xlpm.numUniqueSf,IF(_xlpm.uniqueSf="",0,ROWS(_xlpm.uniqueSf)), _xlpm.resultSf,IF(_xlpm.numUniqueSf=1,INDEX(_xlpm.uniqueSf,1),IF(_xlpm.numUniqueSf>=1,_xlpm.sf,"")), _xlpm.computedResult,IF(AND(_xlpm.fam="#N/C",_xlpm.subfam="#N/C"),_xlpm.sf,IF(_xlpm.resultSubfam<>"",_xlpm.resultSubfam,IF(_xlpm.resultFam<>"",_xlpm.resultFam,IF(_xlpm.resultSf<>"",_xlpm.resultSf,"")))), _xlpm.fallback,IF(IFERROR(B35,"#N/C")="#N/C",A35,IF(IFERROR(C35,"#N/C")="#N/C",B35,IF(IFERROR(D35,"#N/C")="#N/C",C35,IF(IFERROR(E35,"#N/C")="#N/C",D35,IF(IFERROR(F35,"#N/C")="#N/C",E35,IF(IFERROR(G35,"#N/C")="#N/C",F35,"#N/C")))))), _xlpm.finalResult,IF(OR(_xlpm.computedResult="",_xlpm.computedResult="#N/C"),_xlpm.fallback,_xlpm.computedResult), INDEX(_xlpm.finalResult,1))} -> Diptera | K35: =+CONCATENATE(A35,".",B35,".",C35,".",D35,".",E35,".",F35,".",G35,".",H35,".",I35) -> Insecta.Diptera.#N/C.#N/C.#N/C.#N/C.#N/C.#N/C.#N/C | L35: =+COUNTIF([1]Monitoring!AN:AN,K35) -> 4
A36: Insecta | B36: Diptera | C36: Brachycera | D36: =+IFERROR(IF(E36="#N/C","#N/C",INDEX([1]ClassificationClasses!D:D,MATCH(E36,[1]ClassificationClasses!E:E,0))),"ERROR") -> #N/C | E36: #N/C | F36: #N/C | G36: #N/C | H36: #N/C | I36: #N/C | J36: {=_xlfn.LET(_xlpm.cls,A36, _xlpm.ord,IFERROR(B36,"#N/C"), _xlpm.subord,IFERROR(C36,"#N/C"), _xlpm.infr,IFERROR(D36,"#N/C"), _xlpm.sf,IFERROR(E36,"#N/C"), _xlpm.fam,IFERROR(F36,"#N/C"), _xlpm.subfam,IF(TRIM(G36)="-","#N/C",IFERROR(G36,"#N/C")), _xlpm.subfamMatch,IFERROR(_xlfn._xlws.FILTER(ClassificationClasses[Classification Class],(ClassificationClasses[Class]=_xlpm.cls)*(ClassificationClasses[Order]=_xlpm.ord)*(ClassificationClasses[Suborder]=_xlpm.subord)*(ClassificationClasses[Infraorder]=_xlpm.infr)*(ClassificationClasses[Superfamily]=_xlpm.sf)*(ClassificationClasses[Family]=_xlpm.fam)*(ClassificationClasses[Subfamily]=_xlpm.subfam),""),""), _xlpm.uniqueSubfam,IF(_xlpm.subfamMatch="","",_xlfn.UNIQUE(_xlpm.subfamMatch)), _xlpm.numUniqueSubfam,IF(_xlpm.uniqueSubfam="",0,ROWS(_xlpm.uniqueSubfam)), _xlpm.resultSubfam,IF(_xlpm.numUniqueSubfam=1,INDEX(_xlpm.uniqueSubfam,1),IF(_xlpm.numUniqueSubfam>=1,_xlpm.subfam,"")), _xlpm.famMatch,IFERROR(_xlfn._xlws.FILTER(ClassificationClasses[Classification Class],(ClassificationClasses[Class]=_xlpm.cls)*(ClassificationClasses[Order]=_xlpm.ord)*(ClassificationClasses[Suborder]=_xlpm.subord)*(ClassificationClasses[Infraorder]=_xlpm.infr)*(ClassificationClasses[Superfamily]=_xlpm.sf)*(ClassificationClasses[Family]=_xlpm.fam),""),""), _xlpm.uniqueFam,IF(_xlpm.famMatch="","",_xlfn.UNIQUE(_xlpm.famMatch)), _xlpm.numUniqueFam,IF(_xlpm.uniqueFam="",0,ROWS(_xlpm.uniqueFam)), _xlpm.resultFam,IF(_xlpm.numUniqueFam=1,INDEX(_xlpm.uniqueFam,1),IF(_xlpm.numUniqueFam>=1,_xlpm.fam,"")), _xlpm.sfMatch,IFERROR(_xlfn._xlws.FILTER(ClassificationClasses[Classification Class],(ClassificationClasses[Class]=_xlpm.cls)*(ClassificationClasses[Order]=_xlpm.ord)*(ClassificationClasses[Suborder]=_xlpm.subord)*(ClassificationClasses[Infraorder]=_xlpm.infr)*(ClassificationClasses[Superfamily]=_xlpm.sf),""),""), _xlpm.uniqueSf,IF(_xlpm.sfMatch="","",_xlfn.UNIQUE(_xlpm.sfMatch)), _xlpm.numUniqueSf,IF(_xlpm.uniqueSf="",0,ROWS(_xlpm.uniqueSf)), _xlpm.resultSf,IF(_xlpm.numUniqueSf=1,INDEX(_xlpm.uniqueSf,1),IF(_xlpm.numUniqueSf>=1,_xlpm.sf,"")), _xlpm.computedResult,IF(AND(_xlpm.fam="#N/C",_xlpm.subfam="#N/C"),_xlpm.sf,IF(_xlpm.resultSubfam<>"",_xlpm.resultSubfam,IF(_xlpm.resultFam<>"",_xlpm.resultFam,IF(_xlpm.resultSf<>"",_xlpm.resultSf,"")))), _xlpm.fallback,IF(IFERROR(B36,"#N/C")="#N/C",A36,IF(IFERROR(C36,"#N/C")="#N/C",B36,IF(IFERROR(D36,"#N/C")="#N/C",C36,IF(IFERROR(E36,"#N/C")="#N/C",D36,IF(IFERROR(F36,"#N/C")="#N/C",E36,IF(IFERROR(G36,"#N/C")="#N/C",F36,"#N/C")))))), _xlpm.finalResult,IF(OR(_xlpm.computedResult="",_xlpm.computedResult="#N/C"),_xlpm.fallback,_xlpm.computedResult), INDEX(_xlpm.finalResult,1))} -> Brachycera | K36: =+CONCATENATE(A36,".",B36,".",C36,".",D36,".",E36,".",F36,".",G36,".",H36,".",I36) -> Insecta.Diptera.Brachycera.#N/C.#N/C.#N/C.#N/C.#N/C.#N/C | L36: =+COUNTIF([1]Monitoring!AN:AN,K36) -> 329
A37: Insecta | B37: Diptera | C37: Brachycera | D37: =+IFERROR(IF(E37="#N/C","#N/C",INDEX([1]ClassificationClasses!D:D,MATCH(E37,[1]ClassificationClasses!E:E,0))),"ERROR") -> Asilomorpha | E37: Asiloidea | F37: Asilidae | G37: Asilinae | H37: #N/C | I37: #N/C | J37: {=_xlfn.LET(_xlpm.cls,A37, _xlpm.ord,IFERROR(B37,"#N/C"), _xlpm.subord,IFERROR(C37,"#N/C"), _xlpm.infr,IFERROR(D37,"#N/C"), _xlpm.sf,IFERROR(E37,"#N/C"), _xlpm.fam,IFERROR(F37,"#N/C"), _xlpm.subfam,IF(TRIM(G37)="-","#N/C",IFERROR(G37,"#N/C")), _xlpm.subfamMatch,IFERROR(_xlfn._xlws.FILTER(ClassificationClasses[Classification Class],(ClassificationClasses[Class]=_xlpm.cls)*(ClassificationClasses[Order]=_xlpm.ord)*(ClassificationClasses[Suborder]=_xlpm.subord)*(ClassificationClasses[Infraorder]=_xlpm.infr)*(ClassificationClasses[Superfamily]=_xlpm.sf)*(ClassificationClasses[Family]=_xlpm.fam)*(ClassificationClasses[Subfamily]=_xlpm.subfam),""),""), _xlpm.uniqueSubfam,IF(_xlpm.subfamMatch="","",_xlfn.UNIQUE(_xlpm.subfamMatch)), _xlpm.numUniqueSubfam,IF(_xlpm.uniqueSubfam="",0,ROWS(_xlpm.uniqueSubfam)), _xlpm.resultSubfam,IF(_xlpm.numUniqueSubfam=1,INDEX(_xlpm.uniqueSubfam,1),IF(_xlpm.numUniqueSubfam>=1,_xlpm.subfam,"")), _xlpm.famMatch,IFERROR(_xlfn._xlws.FILTER(ClassificationClasses[Classification Class],(ClassificationClasses[Class]=_xlpm.cls)*(ClassificationClasses[Order]=_xlpm.ord)*(ClassificationClasses[Suborder]=_xlpm.subord)*(ClassificationClasses[Infraorder]=_xlpm.infr)*(ClassificationClasses[Superfamily]=_xlpm.sf)*(ClassificationClasses[Family]=_xlpm.fam),""),""), _xlpm.uniqueFam,IF(_xlpm.famMatch="","",_xlfn.UNIQUE(_xlpm.famMatch)), _xlpm.numUniqueFam,IF(_xlpm.uniqueFam="",0,ROWS(_xlpm.uniqueFam)), _xlpm.resultFam,IF(_xlpm.numUniqueFam=1,INDEX(_xlpm.uniqueFam,1),IF(_xlpm.numUniqueFam>=1,_xlpm.fam,"")), _xlpm.sfMatch,IFERROR(_xlfn._xlws.FILTER(ClassificationClasses[Classification Class],(ClassificationClasses[Class]=_xlpm.cls)*(ClassificationClasses[Order]=_xlpm.ord)*(ClassificationClasses[Suborder]=_xlpm.subord)*(ClassificationClasses[Infraorder]=_xlpm.infr)*(ClassificationClasses[Superfamily]=_xlpm.sf),""),""), _xlpm.uniqueSf,IF(_xlpm.sfMatch="","",_xlfn.UNIQUE(_xlpm.sfMatch)), _xlpm.numUniqueSf,IF(_xlpm.uniqueSf="",0,ROWS(_xlpm.uniqueSf)), _xlpm.resultSf,IF(_xlpm.numUniqueSf=1,INDEX(_xlpm.uniqueSf,1),IF(_xlpm.numUniqueSf>=1,_xlpm.sf,"")), _xlpm.computedResult,IF(AND(_xlpm.fam="#N/C",_xlpm.subfam="#N/C"),_xlpm.sf,IF(_xlpm.resultSubfam<>"",_xlpm.resultSubfam,IF(_xlpm.resultFam<>"",_xlpm.resultFam,IF(_xlpm.resultSf<>"",_xlpm.resultSf,"")))), _xlpm.fallback,IF(IFERROR(B37,"#N/C")="#N/C",A37,IF(IFERROR(C37,"#N/C")="#N/C",B37,IF(IFERROR(D37,"#N/C")="#N/C",C37,IF(IFERROR(E37,"#N/C")="#N/C",D37,IF(IFERROR(F37,"#N/C")="#N/C",E37,IF(IFERROR(G37,"#N/C")="#N/C",F37,"#N/C")))))), _xlpm.finalResult,IF(OR(_xlpm.computedResult="",_xlpm.computedResult="#N/C"),_xlpm.fallback,_xlpm.computedResult), INDEX(_xlpm.finalResult,1))} -> robber_fly | K37: =+CONCATENATE(A37,".",B37,".",C37,".",D37,".",E37,".",F37,".",G37,".",H37,".",I37) -> Insecta.Diptera.Brachycera.Asilomorpha.Asiloidea.Asilidae.Asilinae.#N/C.#N/C | L37: =+COUNTIF([1]Monitoring!AN:AN,K37) -> 3
A38: Insecta | B38: Diptera | C38: Brachycera | D38: =+IFERROR(IF(E38="#N/C","#N/C",INDEX([1]ClassificationClasses!D:D,MATCH(E38,[1]ClassificationClasses!E:E,0))),"ERROR") -> Asilomorpha | E38: Asiloidea | F38: Asilidae | G38: Asilinae | H38: Tolmerus | I38: #N/C | J38: {=_xlfn.LET(_xlpm.cls,A38, _xlpm.ord,IFERROR(B38,"#N/C"), _xlpm.subord,IFERROR(C38,"#N/C"), _xlpm.infr,IFERROR(D38,"#N/C"), _xlpm.sf,IFERROR(E38,"#N/C"), _xlpm.fam,IFERROR(F38,"#N/C"), _xlpm.subfam,IF(TRIM(G38)="-","#N/C",IFERROR(G38,"#N/C")), _xlpm.subfamMatch,IFERROR(_xlfn._xlws.FILTER(ClassificationClasses[Classification Class],(ClassificationClasses[Class]=_xlpm.cls)*(ClassificationClasses[Order]=_xlpm.ord)*(ClassificationClasses[Suborder]=_xlpm.subord)*(ClassificationClasses[Infraorder]=_xlpm.infr)*(ClassificationClasses[Superfamily]=_xlpm.sf)*(ClassificationClasses[Family]=_xlpm.fam)*(ClassificationClasses[Subfamily]=_xlpm.subfam),""),""), _xlpm.uniqueSubfam,IF(_xlpm.subfamMatch="","",_xlfn.UNIQUE(_xlpm.subfamMatch)), _xlpm.numUniqueSubfam,IF(_xlpm.uniqueSubfam="",0,ROWS(_xlpm.uniqueSubfam)), _xlpm.resultSubfam,IF(_xlpm.numUniqueSubfam=1,INDEX(_xlpm.uniqueSubfam,1),IF(_xlpm.numUniqueSubfam>=1,_xlpm.subfam,"")), _xlpm.famMatch,IFERROR(_xlfn._xlws.FILTER(ClassificationClasses[Classification Class],(ClassificationClasses[Class]=_xlpm.cls)*(ClassificationClasses[Order]=_xlpm.ord)*(ClassificationClasses[Suborder]=_xlpm.subord)*(ClassificationClasses[Infraorder]=_xlpm.infr)*(ClassificationClasses[Superfamily]=_xlpm.sf)*(ClassificationClasses[Family]=_xlpm.fam),""),""), _xlpm.uniqueFam,IF(_xlpm.famMatch="","",_xlfn.UNIQUE(_xlpm.famMatch)), _xlpm.numUniqueFam,IF(_xlpm.uniqueFam="",0,ROWS(_xlpm.uniqueFam)), _xlpm.resultFam,IF(_xlpm.numUniqueFam=1,INDEX(_xlpm.uniqueFam,1),IF(_xlpm.numUniqueFam>=1,_xlpm.fam,"")), _xlpm.sfMatch,IFERROR(_xlfn._xlws.FILTER(ClassificationClasses[Classification Class],(ClassificationClasses[Class]=_xlpm.cls)*(ClassificationClasses[Order]=_xlpm.ord)*(ClassificationClasses[Suborder]=_xlpm.subord)*(ClassificationClasses[Infraorder]=_xlpm.infr)*(ClassificationClasses[Superfamily]=_xlpm.sf),""),""), _xlpm.uniqueSf,IF(_xlpm.sfMatch="","",_xlfn.UNIQUE(_xlpm.sfMatch)), _xlpm.numUniqueSf,IF(_xlpm.uniqueSf="",0,ROWS(_xlpm.uniqueSf)), _xlpm.resultSf,IF(_xlpm.numUniqueSf=1,INDEX(_xlpm.uniqueSf,1),IF(_xlpm.numUniqueSf>=1,_xlpm.sf,"")), _xlpm.computedResult,IF(AND(_xlpm.fam="#N/C",_xlpm.subfam="#N/C"),_xlpm.sf,IF(_xlpm.resultSubfam<>"",_xlpm.resultSubfam,IF(_xlpm.resultFam<>"",_xlpm.resultFam,IF(_xlpm.resultSf<>"",_xlpm.resultSf,"")))), _xlpm.fallback,IF(IFERROR(B38,"#N/C")="#N/C",A38,IF(IFERROR(C38,"#N/C")="#N/C",B38,IF(IFERROR(D38,"#N/C")="#N/C",C38,IF(IFERROR(E38,"#N/C")="#N/C",D38,IF(IFERROR(F38,"#N/C")="#N/C",E38,IF(IFERROR(G38,"#N/C")="#N/C",F38,"#N/C")))))), _xlpm.finalResult,IF(OR(_xlpm.computedResult="",_xlpm.computedResult="#N/C"),_xlpm.fallback,_xlpm.computedResult), INDEX(_xlpm.finalResult,1))} -> robber_fly | K38: =+CONCATENATE(A38,".",B38,".",C38,".",D38,".",E38,".",F38,".",G38,".",H38,".",I38) -> Insecta.Diptera.Brachycera.Asilomorpha.Asiloidea.Asilidae.Asilinae.Tolmerus.#N/C | L38: =+COUNTIF([1]Monitoring!AN:AN,K38) -> 3
A39: Insecta | B39: Diptera | C39: Brachycera | D39: =+IFERROR(IF(E39="#N/C","#N/C",INDEX([1]ClassificationClasses!D:D,MATCH(E39,[1]ClassificationClasses!E:E,0))),"ERROR") -> Asilomorpha | E39: Asiloidea | F39: Asilidae | G39: Laphriinae | H39: #N/C | I39: #N/C | J39: {=_xlfn.LET(_xlpm.cls,A39, _xlpm.ord,IFERROR(B39,"#N/C"), _xlpm.subord,IFERROR(C39,"#N/C"), _xlpm.infr,IFERROR(D39,"#N/C"), _xlpm.sf,IFERROR(E39,"#N/C"), _xlpm.fam,IFERROR(F39,"#N/C"), _xlpm.subfam,IF(TRIM(G39)="-","#N/C",IFERROR(G39,"#N/C")), _xlpm.subfamMatch,IFERROR(_xlfn._xlws.FILTER(ClassificationClasses[Classification Class],(ClassificationClasses[Class]=_xlpm.cls)*(ClassificationClasses[Order]=_xlpm.ord)*(ClassificationClasses[Suborder]=_xlpm.subord)*(ClassificationClasses[Infraorder]=_xlpm.infr)*(ClassificationClasses[Superfamily]=_xlpm.sf)*(ClassificationClasses[Family]=_xlpm.fam)*(ClassificationClasses[Subfamily]=_xlpm.subfam),""),""), _xlpm.uniqueSubfam,IF(_xlpm.subfamMatch="","",_xlfn.UNIQUE(_xlpm.subfamMatch)), _xlpm.numUniqueSubfam,IF(_xlpm.uniqueSubfam="",0,ROWS(_xlpm.uniqueSubfam)), _xlpm.resultSubfam,IF(_xlpm.numUniqueSubfam=1,INDEX(_xlpm.uniqueSubfam,1),IF(_xlpm.numUniqueSubfam>=1,_xlpm.subfam,"")), _xlpm.famMatch,IFERROR(_xlfn._xlws.FILTER(ClassificationClasses[Classification Class],(ClassificationClasses[Class]=_xlpm.cls)*(ClassificationClasses[Order]=_xlpm.ord)*(ClassificationClasses[Suborder]=_xlpm.subord)*(ClassificationClasses[Infraorder]=_xlpm.infr)*(ClassificationClasses[Superfamily]=_xlpm.sf)*(ClassificationClasses[Family]=_xlpm.fam),""),""), _xlpm.uniqueFam,IF(_xlpm.famMatch="","",_xlfn.UNIQUE(_xlpm.famMatch)), _xlpm.numUniqueFam,IF(_xlpm.uniqueFam="",0,ROWS(_xlpm.uniqueFam)), _xlpm.resultFam,IF(_xlpm.numUniqueFam=1,INDEX(_xlpm.uniqueFam,1),IF(_xlpm.numUniqueFam>=1,_xlpm.fam,"")), _xlpm.sfMatch,IFERROR(_xlfn._xlws.FILTER(ClassificationClasses[Classification Class],(ClassificationClasses[Class]=_xlpm.cls)*(ClassificationClasses[Order]=_xlpm.ord)*(ClassificationClasses[Suborder]=_xlpm.subord)*(ClassificationClasses[Infraorder]=_xlpm.infr)*(ClassificationClasses[Superfamily]=_xlpm.sf),""),""), _xlpm.uniqueSf,IF(_xlpm.sfMatch="","",_xlfn.UNIQUE(_xlpm.sfMatch)), _xlpm.numUniqueSf,IF(_xlpm.uniqueSf="",0,ROWS(_xlpm.uniqueSf)), _xlpm.resultSf,IF(_xlpm.numUniqueSf=1,INDEX(_xlpm.uniqueSf,1),IF(_xlpm.numUniqueSf>=1,_xlpm.sf,"")), _xlpm.computedResult,IF(AND(_xlpm.fam="#N/C",_xlpm.subfam="#N/C"),_xlpm.sf,IF(_xlpm.resultSubfam<>"",_xlpm.resultSubfam,IF(_xlpm.resultFam<>"",_xlpm.resultFam,IF(_xlpm.resultSf<>"",_xlpm.resultSf,"")))), _xlpm.fallback,IF(IFERROR(B39,"#N/C")="#N/C",A39,IF(IFERROR(C39,"#N/C")="#N/C",B39,IF(IFERROR(D39,"#N/C")="#N/C",C39,IF(IFERROR(E39,"#N/C")="#N/C",D39,IF(IFERROR(F39,"#N/C")="#N/C",E39,IF(IFERROR(G39,"#N/C")="#N/C",F39,"#N/C")))))), _xlpm.finalResult,IF(OR(_xlpm.computedResult="",_xlpm.computedResult="#N/C"),_xlpm.fallback,_xlpm.computedResult), INDEX(_xlpm.finalResult,1))} -> robber_fly | K39: =+CONCATENATE(A39,".",B39,".",C39,".",D39,".",E39,".",F39,".",G39,".",H39,".",I39) -> Insecta.Diptera.Brachycera.Asilomorpha.Asiloidea.Asilidae.Laphriinae.#N/C.#N/C | L39: =+COUNTIF([1]Monitoring!AN:AN,K39) -> 1
A40: Insecta | B40: Diptera | C40: Brachycera | D40: =+IFERROR(IF(E40="#N/C","#N/C",INDEX([1]ClassificationClasses!D:D,MATCH(E40,[1]ClassificationClasses!E:E,0))),"ERROR") -> Muscomorpha | E40: Carnoidea | F40: Chloropidae | G40: Chloropinae | H40: Thaumatomyia | I40: #N/C | J40: {=_xlfn.LET(_xlpm.cls,A40, _xlpm.ord,IFERROR(B40,"#N/C"), _xlpm.subord,IFERROR(C40,"#N/C"), _xlpm.infr,IFERROR(D40,"#N/C"), _xlpm.sf,IFERROR(E40,"#N/C"), _xlpm.fam,IFERROR(F40,"#N/C"), _xlpm.subfam,IF(TRIM(G40)="-","#N/C",IFERROR(G40,"#N/C")), _xlpm.subfamMatch,IFERROR(_xlfn._xlws.FILTER(ClassificationClasses[Classification Class],(ClassificationClasses[Class]=_xlpm.cls)*(ClassificationClasses[Order]=_xlpm.ord)*(ClassificationClasses[Suborder]=_xlpm.subord)*(ClassificationClasses[Infraorder]=_xlpm.infr)*(ClassificationClasses[Superfamily]=_xlpm.sf)*(ClassificationClasses[Family]=_xlpm.fam)*(ClassificationClasses[Subfamily]=_xlpm.subfam),""),""), _xlpm.uniqueSubfam,IF(_xlpm.subfamMatch="","",_xlfn.UNIQUE(_xlpm.subfamMatch)), _xlpm.numUniqueSubfam,IF(_xlpm.uniqueSubfam="",0,ROWS(_xlpm.uniqueSubfam)), _xlpm.resultSubfam,IF(_xlpm.numUniqueSubfam=1,INDEX(_xlpm.uniqueSubfam,1),IF(_xlpm.numUniqueSubfam>=1,_xlpm.subfam,"")), _xlpm.famMatch,IFERROR(_xlfn._xlws.FILTER(ClassificationClasses[Classification Class],(ClassificationClasses[Class]=_xlpm.cls)*(ClassificationClasses[Order]=_xlpm.ord)*(ClassificationClasses[Suborder]=_xlpm.subord)*(ClassificationClasses[Infraorder]=_xlpm.infr)*(ClassificationClasses[Superfamily]=_xlpm.sf)*(ClassificationClasses[Family]=_xlpm.fam),""),""), _xlpm.uniqueFam,IF(_xlpm.famMatch="","",_xlfn.UNIQUE(_xlpm.famMatch)), _xlpm.numUniqueFam,IF(_xlpm.uniqueFam="",0,ROWS(_xlpm.uniqueFam)), _xlpm.resultFam,IF(_xlpm.numUniqueFam=1,INDEX(_xlpm.uniqueFam,1),IF(_xlpm.numUniqueFam>=1,_xlpm.fam,"")), _xlpm.sfMatch,IFERROR(_xlfn._xlws.FILTER(ClassificationClasses[Classification Class],(ClassificationClasses[Class]=_xlpm.cls)*(ClassificationClasses[Order]=_xlpm.ord)*(ClassificationClasses[Suborder]=_xlpm.subord)*(ClassificationClasses[Infraorder]=_xlpm.infr)*(ClassificationClasses[Superfamily]=_xlpm.sf),""),""), _xlpm.uniqueSf,IF(_xlpm.sfMatch="","",_xlfn.UNIQUE(_xlpm.sfMatch)), _xlpm.numUniqueSf,IF(_xlpm.uniqueSf="",0,ROWS(_xlpm.uniqueSf)), _xlpm.resultSf,IF(_xlpm.numUniqueSf=1,INDEX(_xlpm.uniqueSf,1),IF(_xlpm.numUniqueSf>=1,_xlpm.sf,"")), _xlpm.computedResult,IF(AND(_xlpm.fam="#N/C",_xlpm.subfam="#N/C"),_xlpm.sf,IF(_xlpm.resultSubfam<>"",_xlpm.resultSubfam,IF(_xlpm.resultFam<>"",_xlpm.resultFam,IF(_xlpm.resultSf<>"",_xlpm.resultSf,"")))), _xlpm.fallback,IF(IFERROR(B40,"#N/C")="#N/C",A40,IF(IFERROR(C40,"#N/C")="#N/C",B40,IF(IFERROR(D40,"#N/C")="#N/C",C40,IF(IFERROR(E40,"#N/C")="#N/C",D40,IF(IFERROR(F40,"#N/C")="#N/C",E40,IF(IFERROR(G40,"#N/C")="#N/C",F40,"#N/C")))))), _xlpm.finalResult,IF(OR(_xlpm.computedResult="",_xlpm.computedResult="#N/C"),_xlpm.fallback,_xlpm.computedResult), INDEX(_xlpm.finalResult,1))} -> fly | K40: =+CONCATENATE(A40,".",B40,".",C40,".",D40,".",E40,".",F40,".",G40,".",H40,".",I40) -> Insecta.Diptera.Brachycera.Muscomorpha.Carnoidea.Chloropidae.Chloropinae.Thaumatomyia.#N/C | L40: =+COUNTIF([1]Monitoring!AN:AN,K40) -> 1
A41: Insecta | B41: Diptera | C41: Brachycera | D41: =+IFERROR(IF(E41="#N/C","#N/C",INDEX([1]ClassificationClasses!D:D,MATCH(E41,[1]ClassificationClasses!E:E,0))),"ERROR") -> Asilomorpha | E41: Empidoidea | F41: Dolichopodidae | G41: #N/C | H41: #N/C | I41: #N/C | J41: {=_xlfn.LET(_xlpm.cls,A41, _xlpm.ord,IFERROR(B41,"#N/C"), _xlpm.subord,IFERROR(C41,"#N/C"), _xlpm.infr,IFERROR(D41,"#N/C"), _xlpm.sf,IFERROR(E41,"#N/C"), _xlpm.fam,IFERROR(F41,"#N/C"), _xlpm.subfam,IF(TRIM(G41)="-","#N/C",IFERROR(G41,"#N/C")), _xlpm.subfamMatch,IFERROR(_xlfn._xlws.FILTER(ClassificationClasses[Classification Class],(ClassificationClasses[Class]=_xlpm.cls)*(ClassificationClasses[Order]=_xlpm.ord)*(ClassificationClasses[Suborder]=_xlpm.subord)*(ClassificationClasses[Infraorder]=_xlpm.infr)*(ClassificationClasses[Superfamily]=_xlpm.sf)*(ClassificationClasses[Family]=_xlpm.fam)*(ClassificationClasses[Subfamily]=_xlpm.subfam),""),""), _xlpm.uniqueSubfam,IF(_xlpm.subfamMatch="","",_xlfn.UNIQUE(_xlpm.subfamMatch)), _xlpm.numUniqueSubfam,IF(_xlpm.uniqueSubfam="",0,ROWS(_xlpm.uniqueSubfam)), _xlpm.resultSubfam,IF(_xlpm.numUniqueSubfam=1,INDEX(_xlpm.uniqueSubfam,1),IF(_xlpm.numUniqueSubfam>=1,_xlpm.subfam,"")), _xlpm.famMatch,IFERROR(_xlfn._xlws.FILTER(ClassificationClasses[Classification Class],(ClassificationClasses[Class]=_xlpm.cls)*(ClassificationClasses[Order]=_xlpm.ord)*(ClassificationClasses[Suborder]=_xlpm.subord)*(ClassificationClasses[Infraorder]=_xlpm.infr)*(ClassificationClasses[Superfamily]=_xlpm.sf)*(ClassificationClasses[Family]=_xlpm.fam),""),""), _xlpm.uniqueFam,IF(_xlpm.famMatch="","",_xlfn.UNIQUE(_xlpm.famMatch)), _xlpm.numUniqueFam,IF(_xlpm.uniqueFam="",0,ROWS(_xlpm.uniqueFam)), _xlpm.resultFam,IF(_xlpm.numUniqueFam=1,INDEX(_xlpm.uniqueFam,1),IF(_xlpm.numUniqueFam>=1,_xlpm.fam,"")), _xlpm.sfMatch,IFERROR(_xlfn._xlws.FILTER(ClassificationClasses[Classification Class],(ClassificationClasses[Class]=_xlpm.cls)*(ClassificationClasses[Order]=_xlpm.ord)*(ClassificationClasses[Suborder]=_xlpm.subord)*(ClassificationClasses[Infraorder]=_xlpm.infr)*(ClassificationClasses[Superfamily]=_xlpm.sf),""),""), _xlpm.uniqueSf,IF(_xlpm.sfMatch="","",_xlfn.UNIQUE(_xlpm.sfMatch)), _xlpm.numUniqueSf,IF(_xlpm.uniqueSf="",0,ROWS(_xlpm.uniqueSf)), _xlpm.resultSf,IF(_xlpm.numUniqueSf=1,INDEX(_xlpm.uniqueSf,1),IF(_xlpm.numUniqueSf>=1,_xlpm.sf,"")), _xlpm.computedResult,IF(AND(_xlpm.fam="#N/C",_xlpm.subfam="#N/C"),_xlpm.sf,IF(_xlpm.resultSubfam<>"",_xlpm.resultSubfam,IF(_xlpm.resultFam<>"",_xlpm.resultFam,IF(_xlpm.resultSf<>"",_xlpm.resultSf,"")))), _xlpm.fallback,IF(IFERROR(B41,"#N/C")="#N/C",A41,IF(IFERROR(C41,"#N/C")="#N/C",B41,IF(IFERROR(D41,"#N/C")="#N/C",C41,IF(IFERROR(E41,"#N/C")="#N/C",D41,IF(IFERROR(F41,"#N/C")="#N/C",E41,IF(IFERROR(G41,"#N/C")="#N/C",F41,"#N/C")))))), _xlpm.finalResult,IF(OR(_xlpm.computedResult="",_xlpm.computedResult="#N/C"),_xlpm.fallback,_xlpm.computedResult), INDEX(_xlpm.finalResult,1))} -> dance_fly | K41: =+CONCATENATE(A41,".",B41,".",C41,".",D41,".",E41,".",F41,".",G41,".",H41,".",I41) -> Insecta.Diptera.Brachycera.Asilomorpha.Empidoidea.Dolichopodidae.#N/C.#N/C.#N/C | L41: =+COUNTIF([1]Monitoring!AN:AN,K41) -> 0
A42: Insecta | B42: Diptera | C42: Brachycera | D42: =+IFERROR(IF(E42="#N/C","#N/C",INDEX([1]ClassificationClasses!D:D,MATCH(E42,[1]ClassificationClasses!E:E,0))),"ERROR") -> Asilomorpha | E42: Empidoidea | F42: Dolichopodidae | G42: Medeterinae | H42: Medetera | I42: #N/C | J42: {=_xlfn.LET(_xlpm.cls,A42, _xlpm.ord,IFERROR(B42,"#N/C"), _xlpm.subord,IFERROR(C42,"#N/C"), _xlpm.infr,IFERROR(D42,"#N/C"), _xlpm.sf,IFERROR(E42,"#N/C"), _xlpm.fam,IFERROR(F42,"#N/C"), _xlpm.subfam,IF(TRIM(G42)="-","#N/C",IFERROR(G42,"#N/C")), _xlpm.subfamMatch,IFERROR(_xlfn._xlws.FILTER(ClassificationClasses[Classification Class],(ClassificationClasses[Class]=_xlpm.cls)*(ClassificationClasses[Order]=_xlpm.ord)*(ClassificationClasses[Suborder]=_xlpm.subord)*(ClassificationClasses[Infraorder]=_xlpm.infr)*(ClassificationClasses[Superfamily]=_xlpm.sf)*(ClassificationClasses[Family]=_xlpm.fam)*(ClassificationClasses[Subfamily]=_xlpm.subfam),""),""), _xlpm.uniqueSubfam,IF(_xlpm.subfamMatch="","",_xlfn.UNIQUE(_xlpm.subfamMatch)), _xlpm.numUniqueSubfam,IF(_xlpm.uniqueSubfam="",0,ROWS(_xlpm.uniqueSubfam)), _xlpm.resultSubfam,IF(_xlpm.numUniqueSubfam=1,INDEX(_xlpm.uniqueSubfam,1),IF(_xlpm.numUniqueSubfam>=1,_xlpm.subfam,"")), _xlpm.famMatch,IFERROR(_xlfn._xlws.FILTER(ClassificationClasses[Classification Class],(ClassificationClasses[Class]=_xlpm.cls)*(ClassificationClasses[Order]=_xlpm.ord)*(ClassificationClasses[Suborder]=_xlpm.subord)*(ClassificationClasses[Infraorder]=_xlpm.infr)*(ClassificationClasses[Superfamily]=_xlpm.sf)*(ClassificationClasses[Family]=_xlpm.fam),""),""), _xlpm.uniqueFam,IF(_xlpm.famMatch="","",_xlfn.UNIQUE(_xlpm.famMatch)), _xlpm.numUniqueFam,IF(_xlpm.uniqueFam="",0,ROWS(_xlpm.uniqueFam)), _xlpm.resultFam,IF(_xlpm.numUniqueFam=1,INDEX(_xlpm.uniqueFam,1),IF(_xlpm.numUniqueFam>=1,_xlpm.fam,"")), _xlpm.sfMatch,IFERROR(_xlfn._xlws.FILTER(ClassificationClasses[Classification Class],(ClassificationClasses[Class]=_xlpm.cls)*(ClassificationClasses[Order]=_xlpm.ord)*(ClassificationClasses[Suborder]=_xlpm.subord)*(ClassificationClasses[Infraorder]=_xlpm.infr)*(ClassificationClasses[Superfamily]=_xlpm.sf),""),""), _xlpm.uniqueSf,IF(_xlpm.sfMatch="","",_xlfn.UNIQUE(_xlpm.sfMatch)), _xlpm.numUniqueSf,IF(_xlpm.uniqueSf="",0,ROWS(_xlpm.uniqueSf)), _xlpm.resultSf,IF(_xlpm.numUniqueSf=1,INDEX(_xlpm.uniqueSf,1),IF(_xlpm.numUniqueSf>=1,_xlpm.sf,"")), _xlpm.computedResult,IF(AND(_xlpm.fam="#N/C",_xlpm.subfam="#N/C"),_xlpm.sf,IF(_xlpm.resultSubfam<>"",_xlpm.resultSubfam,IF(_xlpm.resultFam<>"",_xlpm.resultFam,IF(_xlpm.resultSf<>"",_xlpm.resultSf,"")))), _xlpm.fallback,IF(IFERROR(B42,"#N/C")="#N/C",A42,IF(IFERROR(C42,"#N/C")="#N/C",B42,IF(IFERROR(D42,"#N/C")="#N/C",C42,IF(IFERROR(E42,"#N/C")="#N/C",D42,IF(IFERROR(F42,"#N/C")="#N/C",E42,IF(IFERROR(G42,"#N/C")="#N/C",F42,"#N/C")))))), _xlpm.finalResult,IF(OR(_xlpm.computedResult="",_xlpm.computedResult="#N/C"),_xlpm.fallback,_xlpm.computedResult), INDEX(_xlpm.finalResult,1))} -> dance_fly | K42: =+CONCATENATE(A42,".",B42,".",C42,".",D42,".",E42,".",F42,".",G42,".",H42,".",I42) -> Insecta.Diptera.Brachycera.Asilomorpha.Empidoidea.Dolichopodidae.Medeterinae.Medetera.#N/C | L42: =+COUNTIF([1]Monitoring!AN:AN,K42) -> 0
A43: Insecta | B43: Diptera | C43: Brachycera | D43: =+IFERROR(IF(E43="#N/C","#N/C",INDEX([1]ClassificationClasses!D:D,MATCH(E43,[1]ClassificationClasses!E:E,0))),"ERROR") -> Asilomorpha | E43: Empidoidea | F43: Hybotidae | G43: Tachydromiinae | H43: Tachydromia | I43: #N/C | J43: {=_xlfn.LET(_xlpm.cls,A43, _xlpm.ord,IFERROR(B43,"#N/C"), _xlpm.subord,IFERROR(C43,"#N/C"), _xlpm.infr,IFERROR(D43,"#N/C"), _xlpm.sf,IFERROR(E43,"#N/C"), _xlpm.fam,IFERROR(F43,"#N/C"), _xlpm.subfam,IF(TRIM(G43)="-","#N/C",IFERROR(G43,"#N/C")), _xlpm.subfamMatch,IFERROR(_xlfn._xlws.FILTER(ClassificationClasses[Classification Class],(ClassificationClasses[Class]=_xlpm.cls)*(ClassificationClasses[Order]=_xlpm.ord)*(ClassificationClasses[Suborder]=_xlpm.subord)*(ClassificationClasses[Infraorder]=_xlpm.infr)*(ClassificationClasses[Superfamily]=_xlpm.sf)*(ClassificationClasses[Family]=_xlpm.fam)*(ClassificationClasses[Subfamily]=_xlpm.subfam),""),""), _xlpm.uniqueSubfam,IF(_xlpm.subfamMatch="","",_xlfn.UNIQUE(_xlpm.subfamMatch)), _xlpm.numUniqueSubfam,IF(_xlpm.uniqueSubfam="",0,ROWS(_xlpm.uniqueSubfam)), _xlpm.resultSubfam,IF(_xlpm.numUniqueSubfam=1,INDEX(_xlpm.uniqueSubfam,1),IF(_xlpm.numUniqueSubfam>=1,_xlpm.subfam,"")), _xlpm.famMatch,IFERROR(_xlfn._xlws.FILTER(ClassificationClasses[Classification Class],(ClassificationClasses[Class]=_xlpm.cls)*(ClassificationClasses[Order]=_xlpm.ord)*(ClassificationClasses[Suborder]=_xlpm.subord)*(ClassificationClasses[Infraorder]=_xlpm.infr)*(ClassificationClasses[Superfamily]=_xlpm.sf)*(ClassificationClasses[Family]=_xlpm.fam),""),""), _xlpm.uniqueFam,IF(_xlpm.famMatch="","",_xlfn.UNIQUE(_xlpm.famMatch)), _xlpm.numUniqueFam,IF(_xlpm.uniqueFam="",0,ROWS(_xlpm.uniqueFam)), _xlpm.resultFam,IF(_xlpm.numUniqueFam=1,INDEX(_xlpm.uniqueFam,1),IF(_xlpm.numUniqueFam>=1,_xlpm.fam,"")), _xlpm.sfMatch,IFERROR(_xlfn._xlws.FILTER(ClassificationClasses[Classification Class],(ClassificationClasses[Class]=_xlpm.cls)*(ClassificationClasses[Order]=_xlpm.ord)*(ClassificationClasses[Suborder]=_xlpm.subord)*(ClassificationClasses[Infraorder]=_xlpm.infr)*(ClassificationClasses[Superfamily]=_xlpm.sf),""),""), _xlpm.uniqueSf,IF(_xlpm.sfMatch="","",_xlfn.UNIQUE(_xlpm.sfMatch)), _xlpm.numUniqueSf,IF(_xlpm.uniqueSf="",0,ROWS(_xlpm.uniqueSf)), _xlpm.resultSf,IF(_xlpm.numUniqueSf=1,INDEX(_xlpm.uniqueSf,1),IF(_xlpm.numUniqueSf>=1,_xlpm.sf,"")), _xlpm.computedResult,IF(AND(_xlpm.fam="#N/C",_xlpm.subfam="#N/C"),_xlpm.sf,IF(_xlpm.resultSubfam<>"",_xlpm.resultSubfam,IF(_xlpm.resultFam<>"",_xlpm.resultFam,IF(_xlpm.resultSf<>"",_xlpm.resultSf,"")))), _xlpm.fallback,IF(IFERROR(B43,"#N/C")="#N/C",A43,IF(IFERROR(C43,"#N/C")="#N/C",B43,IF(IFERROR(D43,"#N/C")="#N/C",C43,IF(IFERROR(E43,"#N/C")="#N/C",D43,IF(IFERROR(F43,"#N/C")="#N/C",E43,IF(IFERROR(G43,"#N/C")="#N/C",F43,"#N/C")))))), _xlpm.finalResult,IF(OR(_xlpm.computedResult="",_xlpm.computedResult="#N/C"),_xlpm.fallback,_xlpm.computedResult), INDEX(_xlpm.finalResult,1))} -> dance_fly | K43: =+CONCATENATE(A43,".",B43,".",C43,".",D43,".",E43,".",F43,".",G43,".",H43,".",I43) -> Insecta.Diptera.Brachycera.Asilomorpha.Empidoidea.Hybotidae.Tachydromiinae.Tachydromia.#N/C | L43: =+COUNTIF([1]Monitoring!AN:AN,K43) -> 1
A44: Insecta | B44: Diptera | C44: Brachycera | D44: =+IFERROR(IF(E44="#N/C","#N/C",INDEX([1]ClassificationClasses!D:D,MATCH(E44,[1]ClassificationClasses!E:E,0))),"ERROR") -> Muscomorpha | E44: Ephydroidea | F44: Drosophilidae | G44: Drosophilinae | H44: #N/C | I44: #N/C | J44: {=_xlfn.LET(_xlpm.cls,A44, _xlpm.ord,IFERROR(B44,"#N/C"), _xlpm.subord,IFERROR(C44,"#N/C"), _xlpm.infr,IFERROR(D44,"#N/C"), _xlpm.sf,IFERROR(E44,"#N/C"), _xlpm.fam,IFERROR(F44,"#N/C"), _xlpm.subfam,IF(TRIM(G44)="-","#N/C",IFERROR(G44,"#N/C")), _xlpm.subfamMatch,IFERROR(_xlfn._xlws.FILTER(ClassificationClasses[Classification Class],(ClassificationClasses[Class]=_xlpm.cls)*(ClassificationClasses[Order]=_xlpm.ord)*(ClassificationClasses[Suborder]=_xlpm.subord)*(ClassificationClasses[Infraorder]=_xlpm.infr)*(ClassificationClasses[Superfamily]=_xlpm.sf)*(ClassificationClasses[Family]=_xlpm.fam)*(ClassificationClasses[Subfamily]=_xlpm.subfam),""),""), _xlpm.uniqueSubfam,IF(_xlpm.subfamMatch="","",_xlfn.UNIQUE(_xlpm.subfamMatch)), _xlpm.numUniqueSubfam,IF(_xlpm.uniqueSubfam="",0,ROWS(_xlpm.uniqueSubfam)), _xlpm.resultSubfam,IF(_xlpm.numUniqueSubfam=1,INDEX(_xlpm.uniqueSubfam,1),IF(_xlpm.numUniqueSubfam>=1,_xlpm.subfam,"")), _xlpm.famMatch,IFERROR(_xlfn._xlws.FILTER(ClassificationClasses[Classification Class],(ClassificationClasses[Class]=_xlpm.cls)*(ClassificationClasses[Order]=_xlpm.ord)*(ClassificationClasses[Suborder]=_xlpm.subord)*(ClassificationClasses[Infraorder]=_xlpm.infr)*(ClassificationClasses[Superfamily]=_xlpm.sf)*(ClassificationClasses[Family]=_xlpm.fam),""),""), _xlpm.uniqueFam,IF(_xlpm.famMatch="","",_xlfn.UNIQUE(_xlpm.famMatch)), _xlpm.numUniqueFam,IF(_xlpm.uniqueFam="",0,ROWS(_xlpm.uniqueFam)), _xlpm.resultFam,IF(_xlpm.numUniqueFam=1,INDEX(_xlpm.uniqueFam,1),IF(_xlpm.numUniqueFam>=1,_xlpm.fam,"")), _xlpm.sfMatch,IFERROR(_xlfn._xlws.FILTER(ClassificationClasses[Classification Class],(ClassificationClasses[Class]=_xlpm.cls)*(ClassificationClasses[Order]=_xlpm.ord)*(ClassificationClasses[Suborder]=_xlpm.subord)*(ClassificationClasses[Infraorder]=_xlpm.infr)*(ClassificationClasses[Superfamily]=_xlpm.sf),""),""), _xlpm.uniqueSf,IF(_xlpm.sfMatch="","",_xlfn.UNIQUE(_xlpm.sfMatch)), _xlpm.numUniqueSf,IF(_xlpm.uniqueSf="",0,ROWS(_xlpm.uniqueSf)), _xlpm.resultSf,IF(_xlpm.numUniqueSf=1,INDEX(_xlpm.uniqueSf,1),IF(_xlpm.numUniqueSf>=1,_xlpm.sf,"")), _xlpm.computedResult,IF(AND(_xlpm.fam="#N/C",_xlpm.subfam="#N/C"),_xlpm.sf,IF(_xlpm.resultSubfam<>"",_xlpm.resultSubfam,IF(_xlpm.resultFam<>"",_xlpm.resultFam,IF(_xlpm.resultSf<>"",_xlpm.resultSf,"")))), _xlpm.fallback,IF(IFERROR(B44,"#N/C")="#N/C",A44,IF(IFERROR(C44,"#N/C")="#N/C",B44,IF(IFERROR(D44,"#N/C")="#N/C",C44,IF(IFERROR(E44,"#N/C")="#N/C",D44,IF(IFERROR(F44,"#N/C")="#N/C",E44,IF(IFERROR(G44,"#N/C")="#N/C",F44,"#N/C")))))), _xlpm.finalResult,IF(OR(_xlpm.computedResult="",_xlpm.computedResult="#N/C"),_xlpm.fallback,_xlpm.computedResult), INDEX(_xlpm.finalResult,1))} -> fruit_fly | K44: =+CONCATENATE(A44,".",B44,".",C44,".",D44,".",E44,".",F44,".",G44,".",H44,".",I44) -> Insecta.Diptera.Brachycera.Muscomorpha.Ephydroidea.Drosophilidae.Drosophilinae.#N/C.#N/C | L44: =+COUNTIF([1]Monitoring!AN:AN,K44) -> 2
A45: Insecta | B45: Diptera | C45: Brachycera | D45: =+IFERROR(IF(E45="#N/C","#N/C",INDEX([1]ClassificationClasses!D:D,MATCH(E45,[1]ClassificationClasses!E:E,0))),"ERROR") -> Muscomorpha | E45: Ephydroidea | F45: Drosophilidae | G45: Drosophilinae | H45: Chymomyza | I45: #N/C | J45: {=_xlfn.LET(_xlpm.cls,A45, _xlpm.ord,IFERROR(B45,"#N/C"), _xlpm.subord,IFERROR(C45,"#N/C"), _xlpm.infr,IFERROR(D45,"#N/C"), _xlpm.sf,IFERROR(E45,"#N/C"), _xlpm.fam,IFERROR(F45,"#N/C"), _xlpm.subfam,IF(TRIM(G45)="-","#N/C",IFERROR(G45,"#N/C")), _xlpm.subfamMatch,IFERROR(_xlfn._xlws.FILTER(ClassificationClasses[Classification Class],(ClassificationClasses[Class]=_xlpm.cls)*(ClassificationClasses[Order]=_xlpm.ord)*(ClassificationClasses[Suborder]=_xlpm.subord)*(ClassificationClasses[Infraorder]=_xlpm.infr)*(ClassificationClasses[Superfamily]=_xlpm.sf)*(ClassificationClasses[Family]=_xlpm.fam)*(ClassificationClasses[Subfamily]=_xlpm.subfam),""),""), _xlpm.uniqueSubfam,IF(_xlpm.subfamMatch="","",_xlfn.UNIQUE(_xlpm.subfamMatch)), _xlpm.numUniqueSubfam,IF(_xlpm.uniqueSubfam="",0,ROWS(_xlpm.uniqueSubfam)), _xlpm.resultSubfam,IF(_xlpm.numUniqueSubfam=1,INDEX(_xlpm.uniqueSubfam,1),IF(_xlpm.numUniqueSubfam>=1,_xlpm.subfam,"")), _xlpm.famMatch,IFERROR(_xlfn._xlws.FILTER(ClassificationClasses[Classification Class],(ClassificationClasses[Class]=_xlpm.cls)*(ClassificationClasses[Order]=_xlpm.ord)*(ClassificationClasses[Suborder]=_xlpm.subord)*(ClassificationClasses[Infraorder]=_xlpm.infr)*(ClassificationClasses[Superfamily]=_xlpm.sf)*(ClassificationClasses[Family]=_xlpm.fam),""),""), _xlpm.uniqueFam,IF(_xlpm.famMatch="","",_xlfn.UNIQUE(_xlpm.famMatch)), _xlpm.numUniqueFam,IF(_xlpm.uniqueFam="",0,ROWS(_xlpm.uniqueFam)), _xlpm.resultFam,IF(_xlpm.numUniqueFam=1,INDEX(_xlpm.uniqueFam,1),IF(_xlpm.numUniqueFam>=1,_xlpm.fam,"")), _xlpm.sfMatch,IFERROR(_xlfn._xlws.FILTER(ClassificationClasses[Classification Class],(ClassificationClasses[Class]=_xlpm.cls)*(ClassificationClasses[Order]=_xlpm.ord)*(ClassificationClasses[Suborder]=_xlpm.subord)*(ClassificationClasses[Infraorder]=_xlpm.infr)*(ClassificationClasses[Superfamily]=_xlpm.sf),""),""), _xlpm.uniqueSf,IF(_xlpm.sfMatch="","",_xlfn.UNIQUE(_xlpm.sfMatch)), _xlpm.numUniqueSf,IF(_xlpm.uniqueSf="",0,ROWS(_xlpm.uniqueSf)), _xlpm.resultSf,IF(_xlpm.numUniqueSf=1,INDEX(_xlpm.uniqueSf,1),IF(_xlpm.numUniqueSf>=1,_xlpm.sf,"")), _xlpm.computedResult,IF(AND(_xlpm.fam="#N/C",_xlpm.subfam="#N/C"),_xlpm.sf,IF(_xlpm.resultSubfam<>"",_xlpm.resultSubfam,IF(_xlpm.resultFam<>"",_xlpm.resultFam,IF(_xlpm.resultSf<>"",_xlpm.resultSf,"")))), _xlpm.fallback,IF(IFERROR(B45,"#N/C")="#N/C",A45,IF(IFERROR(C45,"#N/C")="#N/C",B45,IF(IFERROR(D45,"#N/C")="#N/C",C45,IF(IFERROR(E45,"#N/C")="#N/C",D45,IF(IFERROR(F45,"#N/C")="#N/C",E45,IF(IFERROR(G45,"#N/C")="#N/C",F45,"#N/C")))))), _xlpm.finalResult,IF(OR(_xlpm.computedResult="",_xlpm.computedResult="#N/C"),_xlpm.fallback,_xlpm.computedResult), INDEX(_xlpm.finalResult,1))} -> fruit_fly | K45: =+CONCATENATE(A45,".",B45,".",C45,".",D45,".",E45,".",F45,".",G45,".",H45,".",I45) -> Insecta.Diptera.Brachycera.Muscomorpha.Ephydroidea.Drosophilidae.Drosophilinae.Chymomyza.#N/C | L45: =+COUNTIF([1]Monitoring!AN:AN,K45) -> 0
A46: Insecta | B46: Diptera | C46: Brachycera | D46: =+IFERROR(IF(E46="#N/C","#N/C",INDEX([1]ClassificationClasses!D:D,MATCH(E46,[1]ClassificationClasses!E:E,0))),"ERROR") -> Muscomorpha | E46: Ephydroidea | F46: Drosophilidae | G46: Drosophilinae | H46: Chymomyza | I46: amoena | J46: {=_xlfn.LET(_xlpm.cls,A46, _xlpm.ord,IFERROR(B46,"#N/C"), _xlpm.subord,IFERROR(C46,"#N/C"), _xlpm.infr,IFERROR(D46,"#N/C"), _xlpm.sf,IFERROR(E46,"#N/C"), _xlpm.fam,IFERROR(F46,"#N/C"), _xlpm.subfam,IF(TRIM(G46)="-","#N/C",IFERROR(G46,"#N/C")), _xlpm.subfamMatch,IFERROR(_xlfn._xlws.FILTER(ClassificationClasses[Classification Class],(ClassificationClasses[Class]=_xlpm.cls)*(ClassificationClasses[Order]=_xlpm.ord)*(ClassificationClasses[Suborder]=_xlpm.subord)*(ClassificationClasses[Infraorder]=_xlpm.infr)*(ClassificationClasses[Superfamily]=_xlpm.sf)*(ClassificationClasses[Family]=_xlpm.fam)*(ClassificationClasses[Subfamily]=_xlpm.subfam),""),""), _xlpm.uniqueSubfam,IF(_xlpm.subfamMatch="","",_xlfn.UNIQUE(_xlpm.subfamMatch)), _xlpm.numUniqueSubfam,IF(_xlpm.uniqueSubfam="",0,ROWS(_xlpm.uniqueSubfam)), _xlpm.resultSubfam,IF(_xlpm.numUniqueSubfam=1,INDEX(_xlpm.uniqueSubfam,1),IF(_xlpm.numUniqueSubfam>=1,_xlpm.subfam,"")), _xlpm.famMatch,IFERROR(_xlfn._xlws.FILTER(ClassificationClasses[Classification Class],(ClassificationClasses[Class]=_xlpm.cls)*(ClassificationClasses[Order]=_xlpm.ord)*(ClassificationClasses[Suborder]=_xlpm.subord)*(ClassificationClasses[Infraorder]=_xlpm.infr)*(ClassificationClasses[Superfamily]=_xlpm.sf)*(ClassificationClasses[Family]=_xlpm.fam),""),""), _xlpm.uniqueFam,IF(_xlpm.famMatch="","",_xlfn.UNIQUE(_xlpm.famMatch)), _xlpm.numUniqueFam,IF(_xlpm.uniqueFam="",0,ROWS(_xlpm.uniqueFam)), _xlpm.resultFam,IF(_xlpm.numUniqueFam=1,INDEX(_xlpm.uniqueFam,1),IF(_xlpm.numUniqueFam>=1,_xlpm.fam,"")), _xlpm.sfMatch,IFERROR(_xlfn._xlws.FILTER(ClassificationClasses[Classification Class],(ClassificationClasses[Class]=_xlpm.cls)*(ClassificationClasses[Order]=_xlpm.ord)*(ClassificationClasses[Suborder]=_xlpm.subord)*(ClassificationClasses[Infraorder]=_xlpm.infr)*(ClassificationClasses[Superfamily]=_xlpm.sf),""),""), _xlpm.uniqueSf,IF(_xlpm.sfMatch="","",_xlfn.UNIQUE(_xlpm.sfMatch)), _xlpm.numUniqueSf,IF(_xlpm.uniqueSf="",0,ROWS(_xlpm.uniqueSf)), _xlpm.resultSf,IF(_xlpm.numUniqueSf=1,INDEX(_xlpm.uniqueSf,1),IF(_xlpm.numUniqueSf>=1,_xlpm.sf,"")), _xlpm.computedResult,IF(AND(_xlpm.fam="#N/C",_xlpm.subfam="#N/C"),_xlpm.sf,IF(_xlpm.resultSubfam<>"",_xlpm.resultSubfam,IF(_xlpm.resultFam<>"",_xlpm.resultFam,IF(_xlpm.resultSf<>"",_xlpm.resultSf,"")))), _xlpm.fallback,IF(IFERROR(B46,"#N/C")="#N/C",A46,IF(IFERROR(C46,"#N/C")="#N/C",B46,IF(IFERROR(D46,"#N/C")="#N/C",C46,IF(IFERROR(E46,"#N/C")="#N/C",D46,IF(IFERROR(F46,"#N/C")="#N/C",E46,IF(IFERROR(G46,"#N/C")="#N/C",F46,"#N/C")))))), _xlpm.finalResult,IF(OR(_xlpm.computedResult="",_xlpm.computedResult="#N/C"),_xlpm.fallback,_xlpm.computedResult), INDEX(_xlpm.finalResult,1))} -> fruit_fly | K46: =+CONCATENATE(A46,".",B46,".",C46,".",D46,".",E46,".",F46,".",G46,".",H46,".",I46) -> Insecta.Diptera.Brachycera.Muscomorpha.Ephydroidea.Drosophilidae.Drosophilinae.Chymomyza.amoena | L46: =+COUNTIF([1]Monitoring!AN:AN,K46) -> 0
... A55: Insecta | B55: Diptera | C55: Brachycera | D55: =+IFERROR(IF(E55="#N/C","#N/C",INDEX([1]ClassificationClasses!D:D,MATCH(E55,[1]ClassificationClasses!E:E,0))),"ERROR") -> Muscomorpha | E55: Muscoidea | F55: Anthomyiidae | G55: Anthomyiinae | H55: Fucellia | I55: #N/C | J55: {=_xlfn.LET(_xlpm.cls,A55, _xlpm.ord,IFERROR(B55,"#N/C"), _xlpm.subord,IFERROR(C55,"#N/C"), _xlpm.infr,IFERROR(D55,"#N/C"), _xlpm.sf,IFERROR(E55,"#N/C"), _xlpm.fam,IFERROR(F55,"#N/C"), _xlpm.subfam,IF(TRIM(G55)="-","#N/C",IFERROR(G55,"#N/C")), _xlpm.subfamMatch,IFERROR(_xlfn._xlws.FILTER(ClassificationClasses[Classification Class],(ClassificationClasses[Class]=_xlpm.cls)*(ClassificationClasses[Order]=_xlpm.ord)*(ClassificationClasses[Suborder]=_xlpm.subord)*(ClassificationClasses[Infraorder]=_xlpm.infr)*(ClassificationClasses[Superfamily]=_xlpm.sf)*(ClassificationClasses[Family]=_xlpm.fam)*(ClassificationClasses[Subfamily]=_xlpm.subfam),""),""), _xlpm.uniqueSubfam,IF(_xlpm.subfamMatch="","",_xlfn.UNIQUE(_xlpm.subfamMatch)), _xlpm.numUniqueSubfam,IF(_xlpm.uniqueSubfam="",0,ROWS(_xlpm.uniqueSubfam)), _xlpm.resultSubfam,IF(_xlpm.numUniqueSubfam=1,INDEX(_xlpm.uniqueSubfam,1),IF(_xlpm.numUniqueSubfam>=1,_xlpm.subfam,"")), _xlpm.famMatch,IFERROR(_xlfn._xlws.FILTER(ClassificationClasses[Classification Class],(ClassificationClasses[Class]=_xlpm.cls)*(ClassificationClasses[Order]=_xlpm.ord)*(ClassificationClasses[Suborder]=_xlpm.subord)*(ClassificationClasses[Infraorder]=_xlpm.infr)*(ClassificationClasses[Superfamily]=_xlpm.sf)*(ClassificationClasses[Family]=_xlpm.fam),""),""), _xlpm.uniqueFam,IF(_xlpm.famMatch="","",_xlfn.UNIQUE(_xlpm.famMatch)), _xlpm.numUniqueFam,IF(_xlpm.uniqueFam="",0,ROWS(_xlpm.uniqueFam)), _xlpm.resultFam,IF(_xlpm.numUniqueFam=1,INDEX(_xlpm.uniqueFam,1),IF(_xlpm.numUniqueFam>=1,_xlpm.fam,"")), _xlpm.sfMatch,IFERROR(_xlfn._xlws.FILTER(ClassificationClasses[Classification Class],(ClassificationClasses[Class]=_xlpm.cls)*(ClassificationClasses[Order]=_xlpm.ord)*(ClassificationClasses[Suborder]=_xlpm.subord)*(ClassificationClasses[Infraorder]=_xlpm.infr)*(ClassificationClasses[Superfamily]=_xlpm.sf),""),""), _xlpm.uniqueSf,IF(_xlpm.sfMatch="","",_xlfn.UNIQUE(_xlpm.sfMatch)), _xlpm.numUniqueSf,IF(_xlpm.uniqueSf="",0,ROWS(_xlpm.uniqueSf)), _xlpm.resultSf,IF(_xlpm.numUniqueSf=1,INDEX(_xlpm.uniqueSf,1),IF(_xlpm.numUniqueSf>=1,_xlpm.sf,"")), _xlpm.computedResult,IF(AND(_xlpm.fam="#N/C",_xlpm.subfam="#N/C"),_xlpm.sf,IF(_xlpm.resultSubfam<>"",_xlpm.resultSubfam,IF(_xlpm.resultFam<>"",_xlpm.resultFam,IF(_xlpm.resultSf<>"",_xlpm.resultSf,"")))), _xlpm.fallback,IF(IFERROR(B55,"#N/C")="#N/C",A55,IF(IFERROR(C55,"#N/C")="#N/C",B55,IF(IFERROR(D55,"#N/C")="#N/C",C55,IF(IFERROR(E55,"#N/C")="#N/C",D55,IF(IFERROR(F55,"#N/C")="#N/C",E55,IF(IFERROR(G55,"#N/C")="#N/C",F55,"#N/C")))))), _xlpm.finalResult,IF(OR(_xlpm.computedResult="",_xlpm.computedResult="#N/C"),_xlpm.fallback,_xlpm.computedResult), INDEX(_xlpm.finalResult,1))} -> fly | K55: =+CONCATENATE(A55,".",B55,".",C55,".",D55,".",E55,".",F55,".",G55,".",H55,".",I55) -> Insecta.Diptera.Brachycera.Muscomorpha.Muscoidea.Anthomyiidae.Anthomyiinae.Fucellia.#N/C | L55: =+COUNTIF([1]Monitoring!AN:AN,K55) -> 0
A56: Insecta | B56: Diptera | C56: Brachycera | D56: =+IFERROR(IF(E56="#N/C","#N/C",INDEX([1]ClassificationClasses!D:D,MATCH(E56,[1]ClassificationClasses!E:E,0))),"ERROR") -> Muscomorpha | E56: Muscoidea | F56: Fanniidae | H56: Fannia | I56: #N/C | J56: {=_xlfn.LET(_xlpm.cls,A56, _xlpm.ord,IFERROR(B56,"#N/C"), _xlpm.subord,IFERROR(C56,"#N/C"), _xlpm.infr,IFERROR(D56,"#N/C"), _xlpm.sf,IFERROR(E56,"#N/C"), _xlpm.fam,IFERROR(F56,"#N/C"), _xlpm.subfam,IF(TRIM(G56)="-","#N/C",IFERROR(G56,"#N/C")), _xlpm.subfamMatch,IFERROR(_xlfn._xlws.FILTER(ClassificationClasses[Classification Class],(ClassificationClasses[Class]=_xlpm.cls)*(ClassificationClasses[Order]=_xlpm.ord)*(ClassificationClasses[Suborder]=_xlpm.subord)*(ClassificationClasses[Infraorder]=_xlpm.infr)*(ClassificationClasses[Superfamily]=_xlpm.sf)*(ClassificationClasses[Family]=_xlpm.fam)*(ClassificationClasses[Subfamily]=_xlpm.subfam),""),""), _xlpm.uniqueSubfam,IF(_xlpm.subfamMatch="","",_xlfn.UNIQUE(_xlpm.subfamMatch)), _xlpm.numUniqueSubfam,IF(_xlpm.uniqueSubfam="",0,ROWS(_xlpm.uniqueSubfam)), _xlpm.resultSubfam,IF(_xlpm.numUniqueSubfam=1,INDEX(_xlpm.uniqueSubfam,1),IF(_xlpm.numUniqueSubfam>=1,_xlpm.subfam,"")), _xlpm.famMatch,IFERROR(_xlfn._xlws.FILTER(ClassificationClasses[Classification Class],(ClassificationClasses[Class]=_xlpm.cls)*(ClassificationClasses[Order]=_xlpm.ord)*(ClassificationClasses[Suborder]=_xlpm.subord)*(ClassificationClasses[Infraorder]=_xlpm.infr)*(ClassificationClasses[Superfamily]=_xlpm.sf)*(ClassificationClasses[Family]=_xlpm.fam),""),""), _xlpm.uniqueFam,IF(_xlpm.famMatch="","",_xlfn.UNIQUE(_xlpm.famMatch)), _xlpm.numUniqueFam,IF(_xlpm.uniqueFam="",0,ROWS(_xlpm.uniqueFam)), _xlpm.resultFam,IF(_xlpm.numUniqueFam=1,INDEX(_xlpm.uniqueFam,1),IF(_xlpm.numUniqueFam>=1,_xlpm.fam,"")), _xlpm.sfMatch,IFERROR(_xlfn._xlws.FILTER(ClassificationClasses[Classification Class],(ClassificationClasses[Class]=_xlpm.cls)*(ClassificationClasses[Order]=_xlpm.ord)*(ClassificationClasses[Suborder]=_xlpm.subord)*(ClassificationClasses[Infraorder]=_xlpm.infr)*(ClassificationClasses[Superfamily]=_xlpm.sf),""),""), _xlpm.uniqueSf,IF(_xlpm.sfMatch="","",_xlfn.UNIQUE(_xlpm.sfMatch)), _xlpm.numUniqueSf,IF(_xlpm.uniqueSf="",0,ROWS(_xlpm.uniqueSf)), _xlpm.resultSf,IF(_xlpm.numUniqueSf=1,INDEX(_xlpm.uniqueSf,1),IF(_xlpm.numUniqueSf>=1,_xlpm.sf,"")), _xlpm.computedResult,IF(AND(_xlpm.fam="#N/C",_xlpm.subfam="#N/C"),_xlpm.sf,IF(_xlpm.resultSubfam<>"",_xlpm.resultSubfam,IF(_xlpm.resultFam<>"",_xlpm.resultFam,IF(_xlpm.resultSf<>"",_xlpm.resultSf,"")))), _xlpm.fallback,IF(IFERROR(B56,"#N/C")="#N/C",A56,IF(IFERROR(C56,"#N/C")="#N/C",B56,IF(IFERROR(D56,"#N/C")="#N/C",C56,IF(IFERROR(E56,"#N/C")="#N/C",D56,IF(IFERROR(F56,"#N/C")="#N/C",E56,IF(IFERROR(G56,"#N/C")="#N/C",F56,"#N/C")))))), _xlpm.finalResult,IF(OR(_xlpm.computedResult="",_xlpm.computedResult="#N/C"),_xlpm.fallback,_xlpm.computedResult), INDEX(_xlpm.finalResult,1))} -> fly | K56: =+CONCATENATE(A56,".",B56,".",C56,".",D56,".",E56,".",F56,".",G56,".",H56,".",I56) -> Insecta.Diptera.Brachycera.Muscomorpha.Muscoidea.Fanniidae..Fannia.#N/C | L56: =+COUNTIF([1]Monitoring!AN:AN,K56) -> 0
A57: Insecta | B57: Diptera | C57: Brachycera | D57: =+IFERROR(IF(E57="#N/C","#N/C",INDEX([1]ClassificationClasses!D:D,MATCH(E57,[1]ClassificationClasses!E:E,0))),"ERROR") -> Muscomorpha | E57: Muscoidea | F57: Fanniidae | H57: Fannia | I57: canicularis | J57: {=_xlfn.LET(_xlpm.cls,A57, _xlpm.ord,IFERROR(B57,"#N/C"), _xlpm.subord,IFERROR(C57,"#N/C"), _xlpm.infr,IFERROR(D57,"#N/C"), _xlpm.sf,IFERROR(E57,"#N/C"), _xlpm.fam,IFERROR(F57,"#N/C"), _xlpm.subfam,IF(TRIM(G57)="-","#N/C",IFERROR(G57,"#N/C")), _xlpm.subfamMatch,IFERROR(_xlfn._xlws.FILTER(ClassificationClasses[Classification Class],(ClassificationClasses[Class]=_xlpm.cls)*(ClassificationClasses[Order]=_xlpm.ord)*(ClassificationClasses[Suborder]=_xlpm.subord)*(ClassificationClasses[Infraorder]=_xlpm.infr)*(ClassificationClasses[Superfamily]=_xlpm.sf)*(ClassificationClasses[Family]=_xlpm.fam)*(ClassificationClasses[Subfamily]=_xlpm.subfam),""),""), _xlpm.uniqueSubfam,IF(_xlpm.subfamMatch="","",_xlfn.UNIQUE(_xlpm.subfamMatch)), _xlpm.numUniqueSubfam,IF(_xlpm.uniqueSubfam="",0,ROWS(_xlpm.uniqueSubfam)), _xlpm.resultSubfam,IF(_xlpm.numUniqueSubfam=1,INDEX(_xlpm.uniqueSubfam,1),IF(_xlpm.numUniqueSubfam>=1,_xlpm.subfam,"")), _xlpm.famMatch,IFERROR(_xlfn._xlws.FILTER(ClassificationClasses[Classification Class],(ClassificationClasses[Class]=_xlpm.cls)*(ClassificationClasses[Order]=_xlpm.ord)*(ClassificationClasses[Suborder]=_xlpm.subord)*(ClassificationClasses[Infraorder]=_xlpm.infr)*(ClassificationClasses[Superfamily]=_xlpm.sf)*(ClassificationClasses[Family]=_xlpm.fam),""),""), _xlpm.uniqueFam,IF(_xlpm.famMatch="","",_xlfn.UNIQUE(_xlpm.famMatch)), _xlpm.numUniqueFam,IF(_xlpm.uniqueFam="",0,ROWS(_xlpm.uniqueFam)), _xlpm.resultFam,IF(_xlpm.numUniqueFam=1,INDEX(_xlpm.uniqueFam,1),IF(_xlpm.numUniqueFam>=1,_xlpm.fam,"")), _xlpm.sfMatch,IFERROR(_xlfn._xlws.FILTER(ClassificationClasses[Classification Class],(ClassificationClasses[Class]=_xlpm.cls)*(ClassificationClasses[Order]=_xlpm.ord)*(ClassificationClasses[Suborder]=_xlpm.subord)*(ClassificationClasses[Infraorder]=_xlpm.infr)*(ClassificationClasses[Superfamily]=_xlpm.sf),""),""), _xlpm.uniqueSf,IF(_xlpm.sfMatch="","",_xlfn.UNIQUE(_xlpm.sfMatch)), _xlpm.numUniqueSf,IF(_xlpm.uniqueSf="",0,ROWS(_xlpm.uniqueSf)), _xlpm.resultSf,IF(_xlpm.numUniqueSf=1,INDEX(_xlpm.uniqueSf,1),IF(_xlpm.numUniqueSf>=1,_xlpm.sf,"")), _xlpm.computedResult,IF(AND(_xlpm.fam="#N/C",_xlpm.subfam="#N/C"),_xlpm.sf,IF(_xlpm.resultSubfam<>"",_xlpm.resultSubfam,IF(_xlpm.resultFam<>"",_xlpm.resultFam,IF(_xlpm.resultSf<>"",_xlpm.resultSf,"")))), _xlpm.fallback,IF(IFERROR(B57,"#N/C")="#N/C",A57,IF(IFERROR(C57,"#N/C")="#N/C",B57,IF(IFERROR(D57,"#N/C")="#N/C",C57,IF(IFERROR(E57,"#N/C")="#N/C",D57,IF(IFERROR(F57,"#N/C")="#N/C",E57,IF(IFERROR(G57,"#N/C")="#N/C",F57,"#N/C")))))), _xlpm.finalResult,IF(OR(_xlpm.computedResult="",_xlpm.computedResult="#N/C"),_xlpm.fallback,_xlpm.computedResult), INDEX(_xlpm.finalResult,1))} -> fly | K57: =+CONCATENATE(A57,".",B57,".",C57,".",D57,".",E57,".",F57,".",G57,".",H57,".",I57) -> Insecta.Diptera.Brachycera.Muscomorpha.Muscoidea.Fanniidae..Fannia.canicularis | L57: =+COUNTIF([1]Monitoring!AN:AN,K57) -> 0
A58: Insecta | B58: Diptera | C58: Brachycera | D58: =+IFERROR(IF(E58="#N/C","#N/C",INDEX([1]ClassificationClasses!D:D,MATCH(E58,[1]ClassificationClasses!E:E,0))),"ERROR") -> Muscomorpha | E58: Muscoidea | F58: Muscidae | G58: #N/C | H58: #N/C | I58: #N/C | J58: {=_xlfn.LET(_xlpm.cls,A58, _xlpm.ord,IFERROR(B58,"#N/C"), _xlpm.subord,IFERROR(C58,"#N/C"), _xlpm.infr,IFERROR(D58,"#N/C"), _xlpm.sf,IFERROR(E58,"#N/C"), _xlpm.fam,IFERROR(F58,"#N/C"), _xlpm.subfam,IF(TRIM(G58)="-","#N/C",IFERROR(G58,"#N/C")), _xlpm.subfamMatch,IFERROR(_xlfn._xlws.FILTER(ClassificationClasses[Classification Class],(ClassificationClasses[Class]=_xlpm.cls)*(ClassificationClasses[Order]=_xlpm.ord)*(ClassificationClasses[Suborder]=_xlpm.subord)*(ClassificationClasses[Infraorder]=_xlpm.infr)*(ClassificationClasses[Superfamily]=_xlpm.sf)*(ClassificationClasses[Family]=_xlpm.fam)*(ClassificationClasses[Subfamily]=_xlpm.subfam),""),""), _xlpm.uniqueSubfam,IF(_xlpm.subfamMatch="","",_xlfn.UNIQUE(_xlpm.subfamMatch)), _xlpm.numUniqueSubfam,IF(_xlpm.uniqueSubfam="",0,ROWS(_xlpm.uniqueSubfam)), _xlpm.resultSubfam,IF(_xlpm.numUniqueSubfam=1,INDEX(_xlpm.uniqueSubfam,1),IF(_xlpm.numUniqueSubfam>=1,_xlpm.subfam,"")), _xlpm.famMatch,IFERROR(_xlfn._xlws.FILTER(ClassificationClasses[Classification Class],(ClassificationClasses[Class]=_xlpm.cls)*(ClassificationClasses[Order]=_xlpm.ord)*(ClassificationClasses[Suborder]=_xlpm.subord)*(ClassificationClasses[Infraorder]=_xlpm.infr)*(ClassificationClasses[Superfamily]=_xlpm.sf)*(ClassificationClasses[Family]=_xlpm.fam),""),""), _xlpm.uniqueFam,IF(_xlpm.famMatch="","",_xlfn.UNIQUE(_xlpm.famMatch)), _xlpm.numUniqueFam,IF(_xlpm.uniqueFam="",0,ROWS(_xlpm.uniqueFam)), _xlpm.resultFam,IF(_xlpm.numUniqueFam=1,INDEX(_xlpm.uniqueFam,1),IF(_xlpm.numUniqueFam>=1,_xlpm.fam,"")), _xlpm.sfMatch,IFERROR(_xlfn._xlws.FILTER(ClassificationClasses[Classification Class],(ClassificationClasses[Class]=_xlpm.cls)*(ClassificationClasses[Order]=_xlpm.ord)*(ClassificationClasses[Suborder]=_xlpm.subord)*(ClassificationClasses[Infraorder]=_xlpm.infr)*(ClassificationClasses[Superfamily]=_xlpm.sf),""),""), _xlpm.uniqueSf,IF(_xlpm.sfMatch="","",_xlfn.UNIQUE(_xlpm.sfMatch)), _xlpm.numUniqueSf,IF(_xlpm.uniqueSf="",0,ROWS(_xlpm.uniqueSf)), _xlpm.resultSf,IF(_xlpm.numUniqueSf=1,INDEX(_xlpm.uniqueSf,1),IF(_xlpm.numUniqueSf>=1,_xlpm.sf,"")), _xlpm.computedResult,IF(AND(_xlpm.fam="#N/C",_xlpm.subfam="#N/C"),_xlpm.sf,IF(_xlpm.resultSubfam<>"",_xlpm.resultSubfam,IF(_xlpm.resultFam<>"",_xlpm.resultFam,IF(_xlpm.resultSf<>"",_xlpm.resultSf,"")))), _xlpm.fallback,IF(IFERROR(B58,"#N/C")="#N/C",A58,IF(IFERROR(C58,"#N/C")="#N/C",B58,IF(IFERROR(D58,"#N/C")="#N/C",C58,IF(IFERROR(E58,"#N/C")="#N/C",D58,IF(IFERROR(F58,"#N/C")="#N/C",E58,IF(IFERROR(G58,"#N/C")="#N/C",F58,"#N/C")))))), _xlpm.finalResult,IF(OR(_xlpm.computedResult="",_xlpm.computedResult="#N/C"),_xlpm.fallback,_xlpm.computedResult), INDEX(_xlpm.finalResult,1))} -> fly | K58: =+CONCATENATE(A58,".",B58,".",C58,".",D58,".",E58,".",F58,".",G58,".",H58,".",I58) -> Insecta.Diptera.Brachycera.Muscomorpha.Muscoidea.Muscidae.#N/C.#N/C.#N/C | L58: =+COUNTIF([1]Monitoring!AN:AN,K58) -> 3
A59: Insecta | B59: Diptera | C59: Brachycera | D59: =+IFERROR(IF(E59="#N/C","#N/C",INDEX([1]ClassificationClasses!D:D,MATCH(E59,[1]ClassificationClasses!E:E,0))),"ERROR") -> Muscomorpha | E59: Muscoidea | F59: Muscidae | G59: Coenosiinae | H59: Coenosia | I59: #N/C | J59: {=_xlfn.LET(_xlpm.cls,A59, _xlpm.ord,IFERROR(B59,"#N/C"), _xlpm.subord,IFERROR(C59,"#N/C"), _xlpm.infr,IFERROR(D59,"#N/C"), _xlpm.sf,IFERROR(E59,"#N/C"), _xlpm.fam,IFERROR(F59,"#N/C"), _xlpm.subfam,IF(TRIM(G59)="-","#N/C",IFERROR(G59,"#N/C")), _xlpm.subfamMatch,IFERROR(_xlfn._xlws.FILTER(ClassificationClasses[Classification Class],(ClassificationClasses[Class]=_xlpm.cls)*(ClassificationClasses[Order]=_xlpm.ord)*(ClassificationClasses[Suborder]=_xlpm.subord)*(ClassificationClasses[Infraorder]=_xlpm.infr)*(ClassificationClasses[Superfamily]=_xlpm.sf)*(ClassificationClasses[Family]=_xlpm.fam)*(ClassificationClasses[Subfamily]=_xlpm.subfam),""),""), _xlpm.uniqueSubfam,IF(_xlpm.subfamMatch="","",_xlfn.UNIQUE(_xlpm.subfamMatch)), _xlpm.numUniqueSubfam,IF(_xlpm.uniqueSubfam="",0,ROWS(_xlpm.uniqueSubfam)), _xlpm.resultSubfam,IF(_xlpm.numUniqueSubfam=1,INDEX(_xlpm.uniqueSubfam,1),IF(_xlpm.numUniqueSubfam>=1,_xlpm.subfam,"")), _xlpm.famMatch,IFERROR(_xlfn._xlws.FILTER(ClassificationClasses[Classification Class],(ClassificationClasses[Class]=_xlpm.cls)*(ClassificationClasses[Order]=_xlpm.ord)*(ClassificationClasses[Suborder]=_xlpm.subord)*(ClassificationClasses[Infraorder]=_xlpm.infr)*(ClassificationClasses[Superfamily]=_xlpm.sf)*(ClassificationClasses[Family]=_xlpm.fam),""),""), _xlpm.uniqueFam,IF(_xlpm.famMatch="","",_xlfn.UNIQUE(_xlpm.famMatch)), _xlpm.numUniqueFam,IF(_xlpm.uniqueFam="",0,ROWS(_xlpm.uniqueFam)), _xlpm.resultFam,IF(_xlpm.numUniqueFam=1,INDEX(_xlpm.uniqueFam,1),IF(_xlpm.numUniqueFam>=1,_xlpm.fam,"")), _xlpm.sfMatch,IFERROR(_xlfn._xlws.FILTER(ClassificationClasses[Classification Class],(ClassificationClasses[Class]=_xlpm.cls)*(ClassificationClasses[Order]=_xlpm.ord)*(ClassificationClasses[Suborder]=_xlpm.subord)*(ClassificationClasses[Infraorder]=_xlpm.infr)*(ClassificationClasses[Superfamily]=_xlpm.sf),""),""), _xlpm.uniqueSf,IF(_xlpm.sfMatch="","",_xlfn.UNIQUE(_xlpm.sfMatch)), _xlpm.numUniqueSf,IF(_xlpm.uniqueSf="",0,ROWS(_xlpm.uniqueSf)), _xlpm.resultSf,IF(_xlpm.numUniqueSf=1,INDEX(_xlpm.uniqueSf,1),IF(_xlpm.numUniqueSf>=1,_xlpm.sf,"")), _xlpm.computedResult,IF(AND(_xlpm.fam="#N/C",_xlpm.subfam="#N/C"),_xlpm.sf,IF(_xlpm.resultSubfam<>"",_xlpm.resultSubfam,IF(_xlpm.resultFam<>"",_xlpm.resultFam,IF(_xlpm.resultSf<>"",_xlpm.resultSf,"")))), _xlpm.fallback,IF(IFERROR(B59,"#N/C")="#N/C",A59,IF(IFERROR(C59,"#N/C")="#N/C",B59,IF(IFERROR(D59,"#N/C")="#N/C",C59,IF(IFERROR(E59,"#N/C")="#N/C",D59,IF(IFERROR(F59,"#N/C")="#N/C",E59,IF(IFERROR(G59,"#N/C")="#N/C",F59,"#N/C")))))), _xlpm.finalResult,IF(OR(_xlpm.computedResult="",_xlpm.computedResult="#N/C"),_xlpm.fallback,_xlpm.computedResult), INDEX(_xlpm.finalResult,1))} -> fly | K59: =+CONCATENATE(A59,".",B59,".",C59,".",D59,".",E59,".",F59,".",G59,".",H59,".",I59) -> Insecta.Diptera.Brachycera.Muscomorpha.Muscoidea.Muscidae.Coenosiinae.Coenosia.#N/C | L59: =+COUNTIF([1]Monitoring!AN:AN,K59) -> 0
A60: Insecta | B60: Diptera | C60: Brachycera | D60: =+IFERROR(IF(E60="#N/C","#N/C",INDEX([1]ClassificationClasses!D:D,MATCH(E60,[1]ClassificationClasses!E:E,0))),"ERROR") -> Muscomorpha | E60: Muscoidea | F60: Muscidae | G60: Muscinae | H60: Mesembrina | I60: meridiana | J60: {=_xlfn.LET(_xlpm.cls,A60, _xlpm.ord,IFERROR(B60,"#N/C"), _xlpm.subord,IFERROR(C60,"#N/C"), _xlpm.infr,IFERROR(D60,"#N/C"), _xlpm.sf,IFERROR(E60,"#N/C"), _xlpm.fam,IFERROR(F60,"#N/C"), _xlpm.subfam,IF(TRIM(G60)="-","#N/C",IFERROR(G60,"#N/C")), _xlpm.subfamMatch,IFERROR(_xlfn._xlws.FILTER(ClassificationClasses[Classification Class],(ClassificationClasses[Class]=_xlpm.cls)*(ClassificationClasses[Order]=_xlpm.ord)*(ClassificationClasses[Suborder]=_xlpm.subord)*(ClassificationClasses[Infraorder]=_xlpm.infr)*(ClassificationClasses[Superfamily]=_xlpm.sf)*(ClassificationClasses[Family]=_xlpm.fam)*(ClassificationClasses[Subfamily]=_xlpm.subfam),""),""), _xlpm.uniqueSubfam,IF(_xlpm.subfamMatch="","",_xlfn.UNIQUE(_xlpm.subfamMatch)), _xlpm.numUniqueSubfam,IF(_xlpm.uniqueSubfam="",0,ROWS(_xlpm.uniqueSubfam)), _xlpm.resultSubfam,IF(_xlpm.numUniqueSubfam=1,INDEX(_xlpm.uniqueSubfam,1),IF(_xlpm.numUniqueSubfam>=1,_xlpm.subfam,"")), _xlpm.famMatch,IFERROR(_xlfn._xlws.FILTER(ClassificationClasses[Classification Class],(ClassificationClasses[Class]=_xlpm.cls)*(ClassificationClasses[Order]=_xlpm.ord)*(ClassificationClasses[Suborder]=_xlpm.subord)*(ClassificationClasses[Infraorder]=_xlpm.infr)*(ClassificationClasses[Superfamily]=_xlpm.sf)*(ClassificationClasses[Family]=_xlpm.fam),""),""), _xlpm.uniqueFam,IF(_xlpm.famMatch="","",_xlfn.UNIQUE(_xlpm.famMatch)), _xlpm.numUniqueFam,IF(_xlpm.uniqueFam="",0,ROWS(_xlpm.uniqueFam)), _xlpm.resultFam,IF(_xlpm.numUniqueFam=1,INDEX(_xlpm.uniqueFam,1),IF(_xlpm.numUniqueFam>=1,_xlpm.fam,"")), _xlpm.sfMatch,IFERROR(_xlfn._xlws.FILTER(ClassificationClasses[Classification Class],(ClassificationClasses[Class]=_xlpm.cls)*(ClassificationClasses[Order]=_xlpm.ord)*(ClassificationClasses[Suborder]=_xlpm.subord)*(ClassificationClasses[Infraorder]=_xlpm.infr)*(ClassificationClasses[Superfamily]=_xlpm.sf),""),""), _xlpm.uniqueSf,IF(_xlpm.sfMatch="","",_xlfn.UNIQUE(_xlpm.sfMatch)), _xlpm.numUniqueSf,IF(_xlpm.uniqueSf="",0,ROWS(_xlpm.uniqueSf)), _xlpm.resultSf,IF(_xlpm.numUniqueSf=1,INDEX(_xlpm.uniqueSf,1),IF(_xlpm.numUniqueSf>=1,_xlpm.sf,"")), _xlpm.computedResult,IF(AND(_xlpm.fam="#N/C",_xlpm.subfam="#N/C"),_xlpm.sf,IF(_xlpm.resultSubfam<>"",_xlpm.resultSubfam,IF(_xlpm.resultFam<>"",_xlpm.resultFam,IF(_xlpm.resultSf<>"",_xlpm.resultSf,"")))), _xlpm.fallback,IF(IFERROR(B60,"#N/C")="#N/C",A60,IF(IFERROR(C60,"#N/C")="#N/C",B60,IF(IFERROR(D60,"#N/C")="#N/C",C60,IF(IFERROR(E60,"#N/C")="#N/C",D60,IF(IFERROR(F60,"#N/C")="#N/C",E60,IF(IFERROR(G60,"#N/C")="#N/C",F60,"#N/C")))))), _xlpm.finalResult,IF(OR(_xlpm.computedResult="",_xlpm.computedResult="#N/C"),_xlpm.fallback,_xlpm.computedResult), INDEX(_xlpm.finalResult,1))} -> fly | K60: =+CONCATENATE(A60,".",B60,".",C60,".",D60,".",E60,".",F60,".",G60,".",H60,".",I60) -> Insecta.Diptera.Brachycera.Muscomorpha.Muscoidea.Muscidae.Muscinae.Mesembrina.meridiana | L60: =+COUNTIF([1]Monitoring!AN:AN,K60) -> 0
A61: Insecta | B61: Diptera | C61: Brachycera | D61: =+IFERROR(IF(E61="#N/C","#N/C",INDEX([1]ClassificationClasses!D:D,MATCH(E61,[1]ClassificationClasses!E:E,0))),"ERROR") -> Muscomorpha | E61: Muscoidea | F61: Muscidae | G61: Muscinae | H61: Musca | I61: #N/C | J61: {=_xlfn.LET(_xlpm.cls,A61, _xlpm.ord,IFERROR(B61,"#N/C"), _xlpm.subord,IFERROR(C61,"#N/C"), _xlpm.infr,IFERROR(D61,"#N/C"), _xlpm.sf,IFERROR(E61,"#N/C"), _xlpm.fam,IFERROR(F61,"#N/C"), _xlpm.subfam,IF(TRIM(G61)="-","#N/C",IFERROR(G61,"#N/C")), _xlpm.subfamMatch,IFERROR(_xlfn._xlws.FILTER(ClassificationClasses[Classification Class],(ClassificationClasses[Class]=_xlpm.cls)*(ClassificationClasses[Order]=_xlpm.ord)*(ClassificationClasses[Suborder]=_xlpm.subord)*(ClassificationClasses[Infraorder]=_xlpm.infr)*(ClassificationClasses[Superfamily]=_xlpm.sf)*(ClassificationClasses[Family]=_xlpm.fam)*(ClassificationClasses[Subfamily]=_xlpm.subfam),""),""), _xlpm.uniqueSubfam,IF(_xlpm.subfamMatch="","",_xlfn.UNIQUE(_xlpm.subfamMatch)), _xlpm.numUniqueSubfam,IF(_xlpm.uniqueSubfam="",0,ROWS(_xlpm.uniqueSubfam)), _xlpm.resultSubfam,IF(_xlpm.numUniqueSubfam=1,INDEX(_xlpm.uniqueSubfam,1),IF(_xlpm.numUniqueSubfam>=1,_xlpm.subfam,"")), _xlpm.famMatch,IFERROR(_xlfn._xlws.FILTER(ClassificationClasses[Classification Class],(ClassificationClasses[Class]=_xlpm.cls)*(ClassificationClasses[Order]=_xlpm.ord)*(ClassificationClasses[Suborder]=_xlpm.subord)*(ClassificationClasses[Infraorder]=_xlpm.infr)*(ClassificationClasses[Superfamily]=_xlpm.sf)*(ClassificationClasses[Family]=_xlpm.fam),""),""), _xlpm.uniqueFam,IF(_xlpm.famMatch="","",_xlfn.UNIQUE(_xlpm.famMatch)), _xlpm.numUniqueFam,IF(_xlpm.uniqueFam="",0,ROWS(_xlpm.uniqueFam)), _xlpm.resultFam,IF(_xlpm.numUniqueFam=1,INDEX(_xlpm.uniqueFam,1),IF(_xlpm.numUniqueFam>=1,_xlpm.fam,"")), _xlpm.sfMatch,IFERROR(_xlfn._xlws.FILTER(ClassificationClasses[Classification Class],(ClassificationClasses[Class]=_xlpm.cls)*(ClassificationClasses[Order]=_xlpm.ord)*(ClassificationClasses[Suborder]=_xlpm.subord)*(ClassificationClasses[Infraorder]=_xlpm.infr)*(ClassificationClasses[Superfamily]=_xlpm.sf),""),""), _xlpm.uniqueSf,IF(_xlpm.sfMatch="","",_xlfn.UNIQUE(_xlpm.sfMatch)), _xlpm.numUniqueSf,IF(_xlpm.uniqueSf="",0,ROWS(_xlpm.uniqueSf)), _xlpm.resultSf,IF(_xlpm.numUniqueSf=1,INDEX(_xlpm.uniqueSf,1),IF(_xlpm.numUniqueSf>=1,_xlpm.sf,"")), _xlpm.computedResult,IF(AND(_xlpm.fam="#N/C",_xlpm.subfam="#N/C"),_xlpm.sf,IF(_xlpm.resultSubfam<>"",_xlpm.resultSubfam,IF(_xlpm.resultFam<>"",_xlpm.resultFam,IF(_xlpm.resultSf<>"",_xlpm.resultSf,"")))), _xlpm.fallback,IF(IFERROR(B61,"#N/C")="#N/C",A61,IF(IFERROR(C61,"#N/C")="#N/C",B61,IF(IFERROR(D61,"#N/C")="#N/C",C61,IF(IFERROR(E61,"#N/C")="#N/C",D61,IF(IFERROR(F61,"#N/C")="#N/C",E61,IF(IFERROR(G61,"#N/C")="#N/C",F61,"#N/C")))))), _xlpm.finalResult,IF(OR(_xlpm.computedResult="",_xlpm.computedResult="#N/C"),_xlpm.fallback,_xlpm.computedResult), INDEX(_xlpm.finalResult,1))} -> fly | K61: =+CONCATENATE(A61,".",B61,".",C61,".",D61,".",E61,".",F61,".",G61,".",H61,".",I61) -> Insecta.Diptera.Brachycera.Muscomorpha.Muscoidea.Muscidae.Muscinae.Musca.#N/C | L61: =+COUNTIF([1]Monitoring!AN:AN,K61) -> 1
A62: Insecta | B62: Diptera | C62: Brachycera | D62: =+IFERROR(IF(E62="#N/C","#N/C",INDEX([1]ClassificationClasses!D:D,MATCH(E62,[1]ClassificationClasses!E:E,0))),"ERROR") -> Muscomorpha | E62: Muscoidea | F62: Muscidae | G62: Muscinae | H62: Musca | I62: domestica | J62: {=_xlfn.LET(_xlpm.cls,A62, _xlpm.ord,IFERROR(B62,"#N/C"), _xlpm.subord,IFERROR(C62,"#N/C"), _xlpm.infr,IFERROR(D62,"#N/C"), _xlpm.sf,IFERROR(E62,"#N/C"), _xlpm.fam,IFERROR(F62,"#N/C"), _xlpm.subfam,IF(TRIM(G62)="-","#N/C",IFERROR(G62,"#N/C")), _xlpm.subfamMatch,IFERROR(_xlfn._xlws.FILTER(ClassificationClasses[Classification Class],(ClassificationClasses[Class]=_xlpm.cls)*(ClassificationClasses[Order]=_xlpm.ord)*(ClassificationClasses[Suborder]=_xlpm.subord)*(ClassificationClasses[Infraorder]=_xlpm.infr)*(ClassificationClasses[Superfamily]=_xlpm.sf)*(ClassificationClasses[Family]=_xlpm.fam)*(ClassificationClasses[Subfamily]=_xlpm.subfam),""),""), _xlpm.uniqueSubfam,IF(_xlpm.subfamMatch="","",_xlfn.UNIQUE(_xlpm.subfamMatch)), _xlpm.numUniqueSubfam,IF(_xlpm.uniqueSubfam="",0,ROWS(_xlpm.uniqueSubfam)), _xlpm.resultSubfam,IF(_xlpm.numUniqueSubfam=1,INDEX(_xlpm.uniqueSubfam,1),IF(_xlpm.numUniqueSubfam>=1,_xlpm.subfam,"")), _xlpm.famMatch,IFERROR(_xlfn._xlws.FILTER(ClassificationClasses[Classification Class],(ClassificationClasses[Class]=_xlpm.cls)*(ClassificationClasses[Order]=_xlpm.ord)*(ClassificationClasses[Suborder]=_xlpm.subord)*(ClassificationClasses[Infraorder]=_xlpm.infr)*(ClassificationClasses[Superfamily]=_xlpm.sf)*(ClassificationClasses[Family]=_xlpm.fam),""),""), _xlpm.uniqueFam,IF(_xlpm.famMatch="","",_xlfn.UNIQUE(_xlpm.famMatch)), _xlpm.numUniqueFam,IF(_xlpm.uniqueFam="",0,ROWS(_xlpm.uniqueFam)), _xlpm.resultFam,IF(_xlpm.numUniqueFam=1,INDEX(_xlpm.uniqueFam,1),IF(_xlpm.numUniqueFam>=1,_xlpm.fam,"")), _xlpm.sfMatch,IFERROR(_xlfn._xlws.FILTER(ClassificationClasses[Classification Class],(ClassificationClasses[Class]=_xlpm.cls)*(ClassificationClasses[Order]=_xlpm.ord)*(ClassificationClasses[Suborder]=_xlpm.subord)*(ClassificationClasses[Infraorder]=_xlpm.infr)*(ClassificationClasses[Superfamily]=_xlpm.sf),""),""), _xlpm.uniqueSf,IF(_xlpm.sfMatch="","",_xlfn.UNIQUE(_xlpm.sfMatch)), _xlpm.numUniqueSf,IF(_xlpm.uniqueSf="",0,ROWS(_xlpm.uniqueSf)), _xlpm.resultSf,IF(_xlpm.numUniqueSf=1,INDEX(_xlpm.uniqueSf,1),IF(_xlpm.numUniqueSf>=1,_xlpm.sf,"")), _xlpm.computedResult,IF(AND(_xlpm.fam="#N/C",_xlpm.subfam="#N/C"),_xlpm.sf,IF(_xlpm.resultSubfam<>"",_xlpm.resultSubfam,IF(_xlpm.resultFam<>"",_xlpm.resultFam,IF(_xlpm.resultSf<>"",_xlpm.resultSf,"")))), _xlpm.fallback,IF(IFERROR(B62,"#N/C")="#N/C",A62,IF(IFERROR(C62,"#N/C")="#N/C",B62,IF(IFERROR(D62,"#N/C")="#N/C",C62,IF(IFERROR(E62,"#N/C")="#N/C",D62,IF(IFERROR(F62,"#N/C")="#N/C",E62,IF(IFERROR(G62,"#N/C")="#N/C",F62,"#N/C")))))), _xlpm.finalResult,IF(OR(_xlpm.computedResult="",_xlpm.computedResult="#N/C"),_xlpm.fallback,_xlpm.computedResult), INDEX(_xlpm.finalResult,1))} -> fly | K62: =+CONCATENATE(A62,".",B62,".",C62,".",D62,".",E62,".",F62,".",G62,".",H62,".",I62) -> Insecta.Diptera.Brachycera.Muscomorpha.Muscoidea.Muscidae.Muscinae.Musca.domestica | L62: =+COUNTIF([1]Monitoring!AN:AN,K62) -> 0
A63: Insecta | B63: Diptera | C63: Brachycera | D63: =+IFERROR(IF(E63="#N/C","#N/C",INDEX([1]ClassificationClasses!D:D,MATCH(E63,[1]ClassificationClasses!E:E,0))),"ERROR") -> Muscomorpha | E63: Muscoidea | F63: Scathophagidae | G63: Scathophaginae | H63: Scathophaga | I63: #N/C | J63: {=_xlfn.LET(_xlpm.cls,A63, _xlpm.ord,IFERROR(B63,"#N/C"), _xlpm.subord,IFERROR(C63,"#N/C"), _xlpm.infr,IFERROR(D63,"#N/C"), _xlpm.sf,IFERROR(E63,"#N/C"), _xlpm.fam,IFERROR(F63,"#N/C"), _xlpm.subfam,IF(TRIM(G63)="-","#N/C",IFERROR(G63,"#N/C")), _xlpm.subfamMatch,IFERROR(_xlfn._xlws.FILTER(ClassificationClasses[Classification Class],(ClassificationClasses[Class]=_xlpm.cls)*(ClassificationClasses[Order]=_xlpm.ord)*(ClassificationClasses[Suborder]=_xlpm.subord)*(ClassificationClasses[Infraorder]=_xlpm.infr)*(ClassificationClasses[Superfamily]=_xlpm.sf)*(ClassificationClasses[Family]=_xlpm.fam)*(ClassificationClasses[Subfamily]=_xlpm.subfam),""),""), _xlpm.uniqueSubfam,IF(_xlpm.subfamMatch="","",_xlfn.UNIQUE(_xlpm.subfamMatch)), _xlpm.numUniqueSubfam,IF(_xlpm.uniqueSubfam="",0,ROWS(_xlpm.uniqueSubfam)), _xlpm.resultSubfam,IF(_xlpm.numUniqueSubfam=1,INDEX(_xlpm.uniqueSubfam,1),IF(_xlpm.numUniqueSubfam>=1,_xlpm.subfam,"")), _xlpm.famMatch,IFERROR(_xlfn._xlws.FILTER(ClassificationClasses[Classification Class],(ClassificationClasses[Class]=_xlpm.cls)*(ClassificationClasses[Order]=_xlpm.ord)*(ClassificationClasses[Suborder]=_xlpm.subord)*(ClassificationClasses[Infraorder]=_xlpm.infr)*(ClassificationClasses[Superfamily]=_xlpm.sf)*(ClassificationClasses[Family]=_xlpm.fam),""),""), _xlpm.uniqueFam,IF(_xlpm.famMatch="","",_xlfn.UNIQUE(_xlpm.famMatch)), _xlpm.numUniqueFam,IF(_xlpm.uniqueFam="",0,ROWS(_xlpm.uniqueFam)), _xlpm.resultFam,IF(_xlpm.numUniqueFam=1,INDEX(_xlpm.uniqueFam,1),IF(_xlpm.numUniqueFam>=1,_xlpm.fam,"")), _xlpm.sfMatch,IFERROR(_xlfn._xlws.FILTER(ClassificationClasses[Classification Class],(ClassificationClasses[Class]=_xlpm.cls)*(ClassificationClasses[Order]=_xlpm.ord)*(ClassificationClasses[Suborder]=_xlpm.subord)*(ClassificationClasses[Infraorder]=_xlpm.infr)*(ClassificationClasses[Superfamily]=_xlpm.sf),""),""), _xlpm.uniqueSf,IF(_xlpm.sfMatch="","",_xlfn.UNIQUE(_xlpm.sfMatch)), _xlpm.numUniqueSf,IF(_xlpm.uniqueSf="",0,ROWS(_xlpm.uniqueSf)), _xlpm.resultSf,IF(_xlpm.numUniqueSf=1,INDEX(_xlpm.uniqueSf,1),IF(_xlpm.numUniqueSf>=1,_xlpm.sf,"")), _xlpm.computedResult,IF(AND(_xlpm.fam="#N/C",_xlpm.subfam="#N/C"),_xlpm.sf,IF(_xlpm.resultSubfam<>"",_xlpm.resultSubfam,IF(_xlpm.resultFam<>"",_xlpm.resultFam,IF(_xlpm.resultSf<>"",_xlpm.resultSf,"")))), _xlpm.fallback,IF(IFERROR(B63,"#N/C")="#N/C",A63,IF(IFERROR(C63,"#N/C")="#N/C",B63,IF(IFERROR(D63,"#N/C")="#N/C",C63,IF(IFERROR(E63,"#N/C")="#N/C",D63,IF(IFERROR(F63,"#N/C")="#N/C",E63,IF(IFERROR(G63,"#N/C")="#N/C",F63,"#N/C")))))), _xlpm.finalResult,IF(OR(_xlpm.computedResult="",_xlpm.computedResult="#N/C"),_xlpm.fallback,_xlpm.computedResult), INDEX(_xlpm.finalResult,1))} -> dung_fly | K63: =+CONCATENATE(A63,".",B63,".",C63,".",D63,".",E63,".",F63,".",G63,".",H63,".",I63) -> Insecta.Diptera.Brachycera.Muscomorpha.Muscoidea.Scathophagidae.Scathophaginae.Scathophaga.#N/C | L63: =+COUNTIF([1]Monitoring!AN:AN,K63) -> 1
A64: Insecta | B64: Diptera | C64: Brachycera | D64: =+IFERROR(IF(E64="#N/C","#N/C",INDEX([1]ClassificationClasses!D:D,MATCH(E64,[1]ClassificationClasses!E:E,0))),"ERROR") -> Muscomorpha | E64: Oestroidea | F64: #N/C | G64: #N/C | H64: #N/C | I64: #N/C | J64: {=_xlfn.LET(_xlpm.cls,A64, _xlpm.ord,IFERROR(B64,"#N/C"), _xlpm.subord,IFERROR(C64,"#N/C"), _xlpm.infr,IFERROR(D64,"#N/C"), _xlpm.sf,IFERROR(E64,"#N/C"), _xlpm.fam,IFERROR(F64,"#N/C"), _xlpm.subfam,IF(TRIM(G64)="-","#N/C",IFERROR(G64,"#N/C")), _xlpm.subfamMatch,IFERROR(_xlfn._xlws.FILTER(ClassificationClasses[Classification Class],(ClassificationClasses[Class]=_xlpm.cls)*(ClassificationClasses[Order]=_xlpm.ord)*(ClassificationClasses[Suborder]=_xlpm.subord)*(ClassificationClasses[Infraorder]=_xlpm.infr)*(ClassificationClasses[Superfamily]=_xlpm.sf)*(ClassificationClasses[Family]=_xlpm.fam)*(ClassificationClasses[Subfamily]=_xlpm.subfam),""),""), _xlpm.uniqueSubfam,IF(_xlpm.subfamMatch="","",_xlfn.UNIQUE(_xlpm.subfamMatch)), _xlpm.numUniqueSubfam,IF(_xlpm.uniqueSubfam="",0,ROWS(_xlpm.uniqueSubfam)), _xlpm.resultSubfam,IF(_xlpm.numUniqueSubfam=1,INDEX(_xlpm.uniqueSubfam,1),IF(_xlpm.numUniqueSubfam>=1,_xlpm.subfam,"")), _xlpm.famMatch,IFERROR(_xlfn._xlws.FILTER(ClassificationClasses[Classification Class],(ClassificationClasses[Class]=_xlpm.cls)*(ClassificationClasses[Order]=_xlpm.ord)*(ClassificationClasses[Suborder]=_xlpm.subord)*(ClassificationClasses[Infraorder]=_xlpm.infr)*(ClassificationClasses[Superfamily]=_xlpm.sf)*(ClassificationClasses[Family]=_xlpm.fam),""),""), _xlpm.uniqueFam,IF(_xlpm.famMatch="","",_xlfn.UNIQUE(_xlpm.famMatch)), _xlpm.numUniqueFam,IF(_xlpm.uniqueFam="",0,ROWS(_xlpm.uniqueFam)), _xlpm.resultFam,IF(_xlpm.numUniqueFam=1,INDEX(_xlpm.uniqueFam,1),IF(_xlpm.numUniqueFam>=1,_xlpm.fam,"")), _xlpm.sfMatch,IFERROR(_xlfn._xlws.FILTER(ClassificationClasses[Classification Class],(ClassificationClasses[Class]=_xlpm.cls)*(ClassificationClasses[Order]=_xlpm.ord)*(ClassificationClasses[Suborder]=_xlpm.subord)*(ClassificationClasses[Infraorder]=_xlpm.infr)*(ClassificationClasses[Superfamily]=_xlpm.sf),""),""), _xlpm.uniqueSf,IF(_xlpm.sfMatch="","",_xlfn.UNIQUE(_xlpm.sfMatch)), _xlpm.numUniqueSf,IF(_xlpm.uniqueSf="",0,ROWS(_xlpm.uniqueSf)), _xlpm.resultSf,IF(_xlpm.numUniqueSf=1,INDEX(_xlpm.uniqueSf,1),IF(_xlpm.numUniqueSf>=1,_xlpm.sf,"")), _xlpm.computedResult,IF(AND(_xlpm.fam="#N/C",_xlpm.subfam="#N/C"),_xlpm.sf,IF(_xlpm.resultSubfam<>"",_xlpm.resultSubfam,IF(_xlpm.resultFam<>"",_xlpm.resultFam,IF(_xlpm.resultSf<>"",_xlpm.resultSf,"")))), _xlpm.fallback,IF(IFERROR(B64,"#N/C")="#N/C",A64,IF(IFERROR(C64,"#N/C")="#N/C",B64,IF(IFERROR(D64,"#N/C")="#N/C",C64,IF(IFERROR(E64,"#N/C")="#N/C",D64,IF(IFERROR(F64,"#N/C")="#N/C",E64,IF(IFERROR(G64,"#N/C")="#N/C",F64,"#N/C")))))), _xlpm.finalResult,IF(OR(_xlpm.computedResult="",_xlpm.computedResult="#N/C"),_xlpm.fallback,_xlpm.computedResult), INDEX(_xlpm.finalResult,1))} -> Oestroidea | K64: =+CONCATENATE(A64,".",B64,".",C64,".",D64,".",E64,".",F64,".",G64,".",H64,".",I64) -> Insecta.Diptera.Brachycera.Muscomorpha.Oestroidea.#N/C.#N/C.#N/C.#N/C | L64: =+COUNTIF([1]Monitoring!AN:AN,K64) -> 11
A65: Insecta | B65: Diptera | C65: Brachycera | D65: =+IFERROR(IF(E65="#N/C","#N/C",INDEX([1]ClassificationClasses!D:D,MATCH(E65,[1]ClassificationClasses!E:E,0))),"ERROR") -> Muscomorpha | E65: Oestroidea | F65: Calliphoridae | G65: #N/C | H65: #N/C | I65: #N/C | J65: {=_xlfn.LET(_xlpm.cls,A65, _xlpm.ord,IFERROR(B65,"#N/C"), _xlpm.subord,IFERROR(C65,"#N/C"), _xlpm.infr,IFERROR(D65,"#N/C"), _xlpm.sf,IFERROR(E65,"#N/C"), _xlpm.fam,IFERROR(F65,"#N/C"), _xlpm.subfam,IF(TRIM(G65)="-","#N/C",IFERROR(G65,"#N/C")), _xlpm.subfamMatch,IFERROR(_xlfn._xlws.FILTER(ClassificationClasses[Classification Class],(ClassificationClasses[Class]=_xlpm.cls)*(ClassificationClasses[Order]=_xlpm.ord)*(ClassificationClasses[Suborder]=_xlpm.subord)*(ClassificationClasses[Infraorder]=_xlpm.infr)*(ClassificationClasses[Superfamily]=_xlpm.sf)*(ClassificationClasses[Family]=_xlpm.fam)*(ClassificationClasses[Subfamily]=_xlpm.subfam),""),""), _xlpm.uniqueSubfam,IF(_xlpm.subfamMatch="","",_xlfn.UNIQUE(_xlpm.subfamMatch)), _xlpm.numUniqueSubfam,IF(_xlpm.uniqueSubfam="",0,ROWS(_xlpm.uniqueSubfam)), _xlpm.resultSubfam,IF(_xlpm.numUniqueSubfam=1,INDEX(_xlpm.uniqueSubfam,1),IF(_xlpm.numUniqueSubfam>=1,_xlpm.subfam,"")), _xlpm.famMatch,IFERROR(_xlfn._xlws.FILTER(ClassificationClasses[Classification Class],(ClassificationClasses[Class]=_xlpm.cls)*(ClassificationClasses[Order]=_xlpm.ord)*(ClassificationClasses[Suborder]=_xlpm.subord)*(ClassificationClasses[Infraorder]=_xlpm.infr)*(ClassificationClasses[Superfamily]=_xlpm.sf)*(ClassificationClasses[Family]=_xlpm.fam),""),""), _xlpm.uniqueFam,IF(_xlpm.famMatch="","",_xlfn.UNIQUE(_xlpm.famMatch)), _xlpm.numUniqueFam,IF(_xlpm.uniqueFam="",0,ROWS(_xlpm.uniqueFam)), _xlpm.resultFam,IF(_xlpm.numUniqueFam=1,INDEX(_xlpm.uniqueFam,1),IF(_xlpm.numUniqueFam>=1,_xlpm.fam,"")), _xlpm.sfMatch,IFERROR(_xlfn._xlws.FILTER(ClassificationClasses[Classification Class],(ClassificationClasses[Class]=_xlpm.cls)*(ClassificationClasses[Order]=_xlpm.ord)*(ClassificationClasses[Suborder]=_xlpm.subord)*(ClassificationClasses[Infraorder]=_xlpm.infr)*(ClassificationClasses[Superfamily]=_xlpm.sf),""),""), _xlpm.uniqueSf,IF(_xlpm.sfMatch="","",_xlfn.UNIQUE(_xlpm.sfMatch)), _xlpm.numUniqueSf,IF(_xlpm.uniqueSf="",0,ROWS(_xlpm.uniqueSf)), _xlpm.resultSf,IF(_xlpm.numUniqueSf=1,INDEX(_xlpm.uniqueSf,1),IF(_xlpm.numUniqueSf>=1,_xlpm.sf,"")), _xlpm.computedResult,IF(AND(_xlpm.fam="#N/C",_xlpm.subfam="#N/C"),_xlpm.sf,IF(_xlpm.resultSubfam<>"",_xlpm.resultSubfam,IF(_xlpm.resultFam<>"",_xlpm.resultFam,IF(_xlpm.resultSf<>"",_xlpm.resultSf,"")))), _xlpm.fallback,IF(IFERROR(B65,"#N/C")="#N/C",A65,IF(IFERROR(C65,"#N/C")="#N/C",B65,IF(IFERROR(D65,"#N/C")="#N/C",C65,IF(IFERROR(E65,"#N/C")="#N/C",D65,IF(IFERROR(F65,"#N/C")="#N/C",E65,IF(IFERROR(G65,"#N/C")="#N/C",F65,"#N/C")))))), _xlpm.finalResult,IF(OR(_xlpm.computedResult="",_xlpm.computedResult="#N/C"),_xlpm.fallback,_xlpm.computedResult), INDEX(_xlpm.finalResult,1))} -> flesh_fly | K65: =+CONCATENATE(A65,".",B65,".",C65,".",D65,".",E65,".",F65,".",G65,".",H65,".",I65) -> Insecta.Diptera.Brachycera.Muscomorpha.Oestroidea.Calliphoridae.#N/C.#N/C.#N/C | L65: =+COUNTIF([1]Monitoring!AN:AN,K65) -> 1
A66: Insecta | B66: Diptera | C66: Brachycera | D66: =+IFERROR(IF(E66="#N/C","#N/C",INDEX([1]ClassificationClasses!D:D,MATCH(E66,[1]ClassificationClasses!E:E,0))),"ERROR") -> Muscomorpha | E66: Oestroidea | F66: Calliphoridae | G66: Calliphorinae | H66: Bellardia | I66: #N/C | J66: {=_xlfn.LET(_xlpm.cls,A66, _xlpm.ord,IFERROR(B66,"#N/C"), _xlpm.subord,IFERROR(C66,"#N/C"), _xlpm.infr,IFERROR(D66,"#N/C"), _xlpm.sf,IFERROR(E66,"#N/C"), _xlpm.fam,IFERROR(F66,"#N/C"), _xlpm.subfam,IF(TRIM(G66)="-","#N/C",IFERROR(G66,"#N/C")), _xlpm.subfamMatch,IFERROR(_xlfn._xlws.FILTER(ClassificationClasses[Classification Class],(ClassificationClasses[Class]=_xlpm.cls)*(ClassificationClasses[Order]=_xlpm.ord)*(ClassificationClasses[Suborder]=_xlpm.subord)*(ClassificationClasses[Infraorder]=_xlpm.infr)*(ClassificationClasses[Superfamily]=_xlpm.sf)*(ClassificationClasses[Family]=_xlpm.fam)*(ClassificationClasses[Subfamily]=_xlpm.subfam),""),""), _xlpm.uniqueSubfam,IF(_xlpm.subfamMatch="","",_xlfn.UNIQUE(_xlpm.subfamMatch)), _xlpm.numUniqueSubfam,IF(_xlpm.uniqueSubfam="",0,ROWS(_xlpm.uniqueSubfam)), _xlpm.resultSubfam,IF(_xlpm.numUniqueSubfam=1,INDEX(_xlpm.uniqueSubfam,1),IF(_xlpm.numUniqueSubfam>=1,_xlpm.subfam,"")), _xlpm.famMatch,IFERROR(_xlfn._xlws.FILTER(ClassificationClasses[Classification Class],(ClassificationClasses[Class]=_xlpm.cls)*(ClassificationClasses[Order]=_xlpm.ord)*(ClassificationClasses[Suborder]=_xlpm.subord)*(ClassificationClasses[Infraorder]=_xlpm.infr)*(ClassificationClasses[Superfamily]=_xlpm.sf)*(ClassificationClasses[Family]=_xlpm.fam),""),""), _xlpm.uniqueFam,IF(_xlpm.famMatch="","",_xlfn.UNIQUE(_xlpm.famMatch)), _xlpm.numUniqueFam,IF(_xlpm.uniqueFam="",0,ROWS(_xlpm.uniqueFam)), _xlpm.resultFam,IF(_xlpm.numUniqueFam=1,INDEX(_xlpm.uniqueFam,1),IF(_xlpm.numUniqueFam>=1,_xlpm.fam,"")), _xlpm.sfMatch,IFERROR(_xlfn._xlws.FILTER(ClassificationClasses[Classification Class],(ClassificationClasses[Class]=_xlpm.cls)*(ClassificationClasses[Order]=_xlpm.ord)*(ClassificationClasses[Suborder]=_xlpm.subord)*(ClassificationClasses[Infraorder]=_xlpm.infr)*(ClassificationClasses[Superfamily]=_xlpm.sf),""),""), _xlpm.uniqueSf,IF(_xlpm.sfMatch="","",_xlfn.UNIQUE(_xlpm.sfMatch)), _xlpm.numUniqueSf,IF(_xlpm.uniqueSf="",0,ROWS(_xlpm.uniqueSf)), _xlpm.resultSf,IF(_xlpm.numUniqueSf=1,INDEX(_xlpm.uniqueSf,1),IF(_xlpm.numUniqueSf>=1,_xlpm.sf,"")), _xlpm.computedResult,IF(AND(_xlpm.fam="#N/C",_xlpm.subfam="#N/C"),_xlpm.sf,IF(_xlpm.resultSubfam<>"",_xlpm.resultSubfam,IF(_xlpm.resultFam<>"",_xlpm.resultFam,IF(_xlpm.resultSf<>"",_xlpm.resultSf,"")))), _xlpm.fallback,IF(IFERROR(B66,"#N/C")="#N/C",A66,IF(IFERROR(C66,"#N/C")="#N/C",B66,IF(IFERROR(D66,"#N/C")="#N/C",C66,IF(IFERROR(E66,"#N/C")="#N/C",D66,IF(IFERROR(F66,"#N/C")="#N/C",E66,IF(IFERROR(G66,"#N/C")="#N/C",F66,"#N/C")))))), _xlpm.finalResult,IF(OR(_xlpm.computedResult="",_xlpm.computedResult="#N/C"),_xlpm.fallback,_xlpm.computedResult), INDEX(_xlpm.finalResult,1))} -> flesh_fly | K66: =+CONCATENATE(A66,".",B66,".",C66,".",D66,".",E66,".",F66,".",G66,".",H66,".",I66) -> Insecta.Diptera.Brachycera.Muscomorpha.Oestroidea.Calliphoridae.Calliphorinae.Bellardia.#N/C | L66: =+COUNTIF([1]Monitoring!AN:AN,K66) -> 2
